op_tag,direction,first_divergent_sample,first_time
op_m035,cross_16-18,3,2.1
op_m035,cross_26-28,1,2.033333333333333
op_m035,cross_3-18,1,2.033333333333333
op_m035,cross_7-12,3,2.1
op_m035,self_16,1,2.033333333333333
op_m035,self_26,1,2.033333333333333
op_m035,self_3,1,2.033333333333333
op_m035,self_7,2,2.066666666666667
op_m085,cross_16-18,2,2.066666666666667
op_m085,cross_26-28,1,2.033333333333333
op_m085,cross_3-18,1,2.033333333333333
op_m085,cross_7-12,4,2.1333333333333333
op_m085,self_16,1,2.033333333333333
op_m085,self_26,1,2.033333333333333
op_m085,self_3,1,2.033333333333333
op_m085,self_7,1,2.033333333333333
op_m125,cross_16-18,2,2.066666666666667
op_m125,cross_26-28,1,2.033333333333333
op_m125,cross_3-18,3,2.1
op_m125,cross_7-12,5,2.1666666666666665
op_m125,self_16,1,2.033333333333333
op_m125,self_26,1,2.033333333333333
op_m125,self_3,2,2.066666666666667
op_m125,self_7,1,2.033333333333333
