point_id,op_tag,op_m,kind,support,bus_i,bus_j,amplitude_i,amplitude_j,step_i,step_j,stencil,existing_path,new_tds,status,executed_path
op_m035_self_7_coarse_m0p005,op_m035,0.35,self,7-0,7,0,-0.005,0.0,0.005,0.0,coarse,C:\Users\walla\Documents\Github\SGSMA26-Physics-Informed-AD\research\pmu_hybrid_dae_bayes\powerdynamics_ieee39\output\t120_multi_op_independent_validation_v1\physical\op_m035\physical\results\PAIR_7_0_AIm0p005_AJ0p0_R1.csv,False,REUSED_EXISTING,
op_m035_self_7_coarse_0p005,op_m035,0.35,self,7-0,7,0,0.005,0.0,0.005,0.0,coarse,C:\Users\walla\Documents\Github\SGSMA26-Physics-Informed-AD\research\pmu_hybrid_dae_bayes\powerdynamics_ieee39\output\t120_multi_op_independent_validation_v1\physical\op_m035\physical\results\PAIR_7_0_AI0p005_AJ0p0_R1.csv,False,REUSED_EXISTING,
op_m035_self_7_fine_m0p0025,op_m035,0.35,self,7-0,7,0,-0.0025,0.0,0.0025,0.0,fine,,True,EXECUTED_SUCCESS,C:\Users\walla\Documents\Github\SGSMA26-Physics-Informed-AD\research\pmu_hybrid_dae_bayes\powerdynamics_ieee39\output\samplewise_second_variation_closure_v1\physical\op_m035\results\op_m035_self_7_fine_m0p0025.csv
op_m035_self_7_fine_0p0025,op_m035,0.35,self,7-0,7,0,0.0025,0.0,0.0025,0.0,fine,,True,EXECUTED_SUCCESS,C:\Users\walla\Documents\Github\SGSMA26-Physics-Informed-AD\research\pmu_hybrid_dae_bayes\powerdynamics_ieee39\output\samplewise_second_variation_closure_v1\physical\op_m035\results\op_m035_self_7_fine_0p0025.csv
op_m035_self_26_coarse_m0p005,op_m035,0.35,self,26-0,26,0,-0.005,0.0,0.005,0.0,coarse,C:\Users\walla\Documents\Github\SGSMA26-Physics-Informed-AD\research\pmu_hybrid_dae_bayes\powerdynamics_ieee39\output\t120_multi_op_independent_validation_v1\physical\op_m035\physical\results\PAIR_26_0_AIm0p005_AJ0p0_R1.csv,False,REUSED_EXISTING,
op_m035_self_26_coarse_0p005,op_m035,0.35,self,26-0,26,0,0.005,0.0,0.005,0.0,coarse,C:\Users\walla\Documents\Github\SGSMA26-Physics-Informed-AD\research\pmu_hybrid_dae_bayes\powerdynamics_ieee39\output\t120_multi_op_independent_validation_v1\physical\op_m035\physical\results\PAIR_26_0_AI0p005_AJ0p0_R1.csv,False,REUSED_EXISTING,
op_m035_self_26_fine_m0p0025,op_m035,0.35,self,26-0,26,0,-0.0025,0.0,0.0025,0.0,fine,,True,EXECUTED_SUCCESS,C:\Users\walla\Documents\Github\SGSMA26-Physics-Informed-AD\research\pmu_hybrid_dae_bayes\powerdynamics_ieee39\output\samplewise_second_variation_closure_v1\physical\op_m035\results\op_m035_self_26_fine_m0p0025.csv
op_m035_self_26_fine_0p0025,op_m035,0.35,self,26-0,26,0,0.0025,0.0,0.0025,0.0,fine,,True,EXECUTED_SUCCESS,C:\Users\walla\Documents\Github\SGSMA26-Physics-Informed-AD\research\pmu_hybrid_dae_bayes\powerdynamics_ieee39\output\samplewise_second_variation_closure_v1\physical\op_m035\results\op_m035_self_26_fine_0p0025.csv
op_m035_self_3_coarse_m0p005,op_m035,0.35,self,3-0,3,0,-0.005,0.0,0.005,0.0,coarse,C:\Users\walla\Documents\Github\SGSMA26-Physics-Informed-AD\research\pmu_hybrid_dae_bayes\powerdynamics_ieee39\output\t120_multi_op_independent_validation_v1\physical\op_m035\physical\results\PAIR_3_0_AIm0p005_AJ0p0_R1.csv,False,REUSED_EXISTING,
op_m035_self_3_coarse_0p005,op_m035,0.35,self,3-0,3,0,0.005,0.0,0.005,0.0,coarse,C:\Users\walla\Documents\Github\SGSMA26-Physics-Informed-AD\research\pmu_hybrid_dae_bayes\powerdynamics_ieee39\output\t120_multi_op_independent_validation_v1\physical\op_m035\physical\results\PAIR_3_0_AI0p005_AJ0p0_R1.csv,False,REUSED_EXISTING,
op_m035_self_3_fine_m0p0025,op_m035,0.35,self,3-0,3,0,-0.0025,0.0,0.0025,0.0,fine,,True,EXECUTED_SUCCESS,C:\Users\walla\Documents\Github\SGSMA26-Physics-Informed-AD\research\pmu_hybrid_dae_bayes\powerdynamics_ieee39\output\samplewise_second_variation_closure_v1\physical\op_m035\results\op_m035_self_3_fine_m0p0025.csv
op_m035_self_3_fine_0p0025,op_m035,0.35,self,3-0,3,0,0.0025,0.0,0.0025,0.0,fine,,True,EXECUTED_SUCCESS,C:\Users\walla\Documents\Github\SGSMA26-Physics-Informed-AD\research\pmu_hybrid_dae_bayes\powerdynamics_ieee39\output\samplewise_second_variation_closure_v1\physical\op_m035\results\op_m035_self_3_fine_0p0025.csv
op_m035_self_16_coarse_m0p005,op_m035,0.35,self,16-0,16,0,-0.005,0.0,0.005,0.0,coarse,C:\Users\walla\Documents\Github\SGSMA26-Physics-Informed-AD\research\pmu_hybrid_dae_bayes\powerdynamics_ieee39\output\t120_multi_op_independent_validation_v1\physical\op_m035\physical\results\PAIR_16_0_AIm0p005_AJ0p0_R1.csv,False,REUSED_EXISTING,
op_m035_self_16_coarse_0p005,op_m035,0.35,self,16-0,16,0,0.005,0.0,0.005,0.0,coarse,C:\Users\walla\Documents\Github\SGSMA26-Physics-Informed-AD\research\pmu_hybrid_dae_bayes\powerdynamics_ieee39\output\t120_multi_op_independent_validation_v1\physical\op_m035\physical\results\PAIR_16_0_AI0p005_AJ0p0_R1.csv,False,REUSED_EXISTING,
op_m035_self_16_fine_m0p0025,op_m035,0.35,self,16-0,16,0,-0.0025,0.0,0.0025,0.0,fine,,True,EXECUTED_SUCCESS,C:\Users\walla\Documents\Github\SGSMA26-Physics-Informed-AD\research\pmu_hybrid_dae_bayes\powerdynamics_ieee39\output\samplewise_second_variation_closure_v1\physical\op_m035\results\op_m035_self_16_fine_m0p0025.csv
op_m035_self_16_fine_0p0025,op_m035,0.35,self,16-0,16,0,0.0025,0.0,0.0025,0.0,fine,,True,EXECUTED_SUCCESS,C:\Users\walla\Documents\Github\SGSMA26-Physics-Informed-AD\research\pmu_hybrid_dae_bayes\powerdynamics_ieee39\output\samplewise_second_variation_closure_v1\physical\op_m035\results\op_m035_self_16_fine_0p0025.csv
op_m035_cross_7_12_coarse_m0p0001_m0p0002,op_m035,0.35,cross,7-12,7,12,-0.0001,-0.0002,0.0001,0.0002,coarse,C:\Users\walla\Documents\Github\SGSMA26-Physics-Informed-AD\research\pmu_hybrid_dae_bayes\powerdynamics_ieee39\output\t120_multi_op_independent_validation_v1\physical\op_m035\physical\results\PAIR_7_12_AIm0p0001_AJm0p0002_R1.csv,False,REUSED_EXISTING,
op_m035_cross_7_12_coarse_m0p0001_0p0002,op_m035,0.35,cross,7-12,7,12,-0.0001,0.0002,0.0001,0.0002,coarse,C:\Users\walla\Documents\Github\SGSMA26-Physics-Informed-AD\research\pmu_hybrid_dae_bayes\powerdynamics_ieee39\output\t120_multi_op_independent_validation_v1\physical\op_m035\physical\results\PAIR_7_12_AIm0p0001_AJ0p0002_R1.csv,False,REUSED_EXISTING,
op_m035_cross_7_12_coarse_0p0001_m0p0002,op_m035,0.35,cross,7-12,7,12,0.0001,-0.0002,0.0001,0.0002,coarse,C:\Users\walla\Documents\Github\SGSMA26-Physics-Informed-AD\research\pmu_hybrid_dae_bayes\powerdynamics_ieee39\output\t120_multi_op_independent_validation_v1\physical\op_m035\physical\results\PAIR_7_12_AI0p0001_AJm0p0002_R1.csv,False,REUSED_EXISTING,
op_m035_cross_7_12_coarse_0p0001_0p0002,op_m035,0.35,cross,7-12,7,12,0.0001,0.0002,0.0001,0.0002,coarse,C:\Users\walla\Documents\Github\SGSMA26-Physics-Informed-AD\research\pmu_hybrid_dae_bayes\powerdynamics_ieee39\output\t120_multi_op_independent_validation_v1\physical\op_m035\physical\results\PAIR_7_12_AI0p0001_AJ0p0002_R1.csv,False,REUSED_EXISTING,
op_m035_cross_7_12_fine_m5em05_m0p0001,op_m035,0.35,cross,7-12,7,12,-5e-05,-0.0001,5e-05,0.0001,fine,,True,EXECUTED_SUCCESS,C:\Users\walla\Documents\Github\SGSMA26-Physics-Informed-AD\research\pmu_hybrid_dae_bayes\powerdynamics_ieee39\output\samplewise_second_variation_closure_v1\physical\op_m035\results\op_m035_cross_7_12_fine_m5em05_m0p0001.csv
op_m035_cross_7_12_fine_m5em05_0p0001,op_m035,0.35,cross,7-12,7,12,-5e-05,0.0001,5e-05,0.0001,fine,,True,EXECUTED_SUCCESS,C:\Users\walla\Documents\Github\SGSMA26-Physics-Informed-AD\research\pmu_hybrid_dae_bayes\powerdynamics_ieee39\output\samplewise_second_variation_closure_v1\physical\op_m035\results\op_m035_cross_7_12_fine_m5em05_0p0001.csv
op_m035_cross_7_12_fine_5em05_m0p0001,op_m035,0.35,cross,7-12,7,12,5e-05,-0.0001,5e-05,0.0001,fine,,True,EXECUTED_SUCCESS,C:\Users\walla\Documents\Github\SGSMA26-Physics-Informed-AD\research\pmu_hybrid_dae_bayes\powerdynamics_ieee39\output\samplewise_second_variation_closure_v1\physical\op_m035\results\op_m035_cross_7_12_fine_5em05_m0p0001.csv
op_m035_cross_7_12_fine_5em05_0p0001,op_m035,0.35,cross,7-12,7,12,5e-05,0.0001,5e-05,0.0001,fine,,True,EXECUTED_SUCCESS,C:\Users\walla\Documents\Github\SGSMA26-Physics-Informed-AD\research\pmu_hybrid_dae_bayes\powerdynamics_ieee39\output\samplewise_second_variation_closure_v1\physical\op_m035\results\op_m035_cross_7_12_fine_5em05_0p0001.csv
op_m035_cross_26_28_coarse_m0p0001_m0p0002,op_m035,0.35,cross,26-28,26,28,-0.0001,-0.0002,0.0001,0.0002,coarse,C:\Users\walla\Documents\Github\SGSMA26-Physics-Informed-AD\research\pmu_hybrid_dae_bayes\powerdynamics_ieee39\output\t120_multi_op_independent_validation_v1\physical\op_m035\physical\results\PAIR_26_28_AIm0p0001_AJm0p0002_R1.csv,False,REUSED_EXISTING,
op_m035_cross_26_28_coarse_m0p0001_0p0002,op_m035,0.35,cross,26-28,26,28,-0.0001,0.0002,0.0001,0.0002,coarse,C:\Users\walla\Documents\Github\SGSMA26-Physics-Informed-AD\research\pmu_hybrid_dae_bayes\powerdynamics_ieee39\output\t120_multi_op_independent_validation_v1\physical\op_m035\physical\results\PAIR_26_28_AIm0p0001_AJ0p0002_R1.csv,False,REUSED_EXISTING,
op_m035_cross_26_28_coarse_0p0001_m0p0002,op_m035,0.35,cross,26-28,26,28,0.0001,-0.0002,0.0001,0.0002,coarse,C:\Users\walla\Documents\Github\SGSMA26-Physics-Informed-AD\research\pmu_hybrid_dae_bayes\powerdynamics_ieee39\output\t120_multi_op_independent_validation_v1\physical\op_m035\physical\results\PAIR_26_28_AI0p0001_AJm0p0002_R1.csv,False,REUSED_EXISTING,
op_m035_cross_26_28_coarse_0p0001_0p0002,op_m035,0.35,cross,26-28,26,28,0.0001,0.0002,0.0001,0.0002,coarse,C:\Users\walla\Documents\Github\SGSMA26-Physics-Informed-AD\research\pmu_hybrid_dae_bayes\powerdynamics_ieee39\output\t120_multi_op_independent_validation_v1\physical\op_m035\physical\results\PAIR_26_28_AI0p0001_AJ0p0002_R1.csv,False,REUSED_EXISTING,
op_m035_cross_26_28_fine_m5em05_m0p0001,op_m035,0.35,cross,26-28,26,28,-5e-05,-0.0001,5e-05,0.0001,fine,,True,EXECUTED_SUCCESS,C:\Users\walla\Documents\Github\SGSMA26-Physics-Informed-AD\research\pmu_hybrid_dae_bayes\powerdynamics_ieee39\output\samplewise_second_variation_closure_v1\physical\op_m035\results\op_m035_cross_26_28_fine_m5em05_m0p0001.csv
op_m035_cross_26_28_fine_m5em05_0p0001,op_m035,0.35,cross,26-28,26,28,-5e-05,0.0001,5e-05,0.0001,fine,,True,EXECUTED_SUCCESS,C:\Users\walla\Documents\Github\SGSMA26-Physics-Informed-AD\research\pmu_hybrid_dae_bayes\powerdynamics_ieee39\output\samplewise_second_variation_closure_v1\physical\op_m035\results\op_m035_cross_26_28_fine_m5em05_0p0001.csv
op_m035_cross_26_28_fine_5em05_m0p0001,op_m035,0.35,cross,26-28,26,28,5e-05,-0.0001,5e-05,0.0001,fine,,True,EXECUTED_SUCCESS,C:\Users\walla\Documents\Github\SGSMA26-Physics-Informed-AD\research\pmu_hybrid_dae_bayes\powerdynamics_ieee39\output\samplewise_second_variation_closure_v1\physical\op_m035\results\op_m035_cross_26_28_fine_5em05_m0p0001.csv
op_m035_cross_26_28_fine_5em05_0p0001,op_m035,0.35,cross,26-28,26,28,5e-05,0.0001,5e-05,0.0001,fine,,True,EXECUTED_SUCCESS,C:\Users\walla\Documents\Github\SGSMA26-Physics-Informed-AD\research\pmu_hybrid_dae_bayes\powerdynamics_ieee39\output\samplewise_second_variation_closure_v1\physical\op_m035\results\op_m035_cross_26_28_fine_5em05_0p0001.csv
op_m035_cross_3_18_coarse_m0p0001_m0p0002,op_m035,0.35,cross,3-18,3,18,-0.0001,-0.0002,0.0001,0.0002,coarse,C:\Users\walla\Documents\Github\SGSMA26-Physics-Informed-AD\research\pmu_hybrid_dae_bayes\powerdynamics_ieee39\output\t120_multi_op_independent_validation_v1\physical\op_m035\physical\results\PAIR_3_18_AIm0p0001_AJm0p0002_R1.csv,False,REUSED_EXISTING,
op_m035_cross_3_18_coarse_m0p0001_0p0002,op_m035,0.35,cross,3-18,3,18,-0.0001,0.0002,0.0001,0.0002,coarse,C:\Users\walla\Documents\Github\SGSMA26-Physics-Informed-AD\research\pmu_hybrid_dae_bayes\powerdynamics_ieee39\output\t120_multi_op_independent_validation_v1\physical\op_m035\physical\results\PAIR_3_18_AIm0p0001_AJ0p0002_R1.csv,False,REUSED_EXISTING,
op_m035_cross_3_18_coarse_0p0001_m0p0002,op_m035,0.35,cross,3-18,3,18,0.0001,-0.0002,0.0001,0.0002,coarse,C:\Users\walla\Documents\Github\SGSMA26-Physics-Informed-AD\research\pmu_hybrid_dae_bayes\powerdynamics_ieee39\output\t120_multi_op_independent_validation_v1\physical\op_m035\physical\results\PAIR_3_18_AI0p0001_AJm0p0002_R1.csv,False,REUSED_EXISTING,
op_m035_cross_3_18_coarse_0p0001_0p0002,op_m035,0.35,cross,3-18,3,18,0.0001,0.0002,0.0001,0.0002,coarse,C:\Users\walla\Documents\Github\SGSMA26-Physics-Informed-AD\research\pmu_hybrid_dae_bayes\powerdynamics_ieee39\output\t120_multi_op_independent_validation_v1\physical\op_m035\physical\results\PAIR_3_18_AI0p0001_AJ0p0002_R1.csv,False,REUSED_EXISTING,
op_m035_cross_3_18_fine_m5em05_m0p0001,op_m035,0.35,cross,3-18,3,18,-5e-05,-0.0001,5e-05,0.0001,fine,,True,EXECUTED_SUCCESS,C:\Users\walla\Documents\Github\SGSMA26-Physics-Informed-AD\research\pmu_hybrid_dae_bayes\powerdynamics_ieee39\output\samplewise_second_variation_closure_v1\physical\op_m035\results\op_m035_cross_3_18_fine_m5em05_m0p0001.csv
op_m035_cross_3_18_fine_m5em05_0p0001,op_m035,0.35,cross,3-18,3,18,-5e-05,0.0001,5e-05,0.0001,fine,,True,EXECUTED_SUCCESS,C:\Users\walla\Documents\Github\SGSMA26-Physics-Informed-AD\research\pmu_hybrid_dae_bayes\powerdynamics_ieee39\output\samplewise_second_variation_closure_v1\physical\op_m035\results\op_m035_cross_3_18_fine_m5em05_0p0001.csv
op_m035_cross_3_18_fine_5em05_m0p0001,op_m035,0.35,cross,3-18,3,18,5e-05,-0.0001,5e-05,0.0001,fine,,True,EXECUTED_SUCCESS,C:\Users\walla\Documents\Github\SGSMA26-Physics-Informed-AD\research\pmu_hybrid_dae_bayes\powerdynamics_ieee39\output\samplewise_second_variation_closure_v1\physical\op_m035\results\op_m035_cross_3_18_fine_5em05_m0p0001.csv
op_m035_cross_3_18_fine_5em05_0p0001,op_m035,0.35,cross,3-18,3,18,5e-05,0.0001,5e-05,0.0001,fine,,True,EXECUTED_SUCCESS,C:\Users\walla\Documents\Github\SGSMA26-Physics-Informed-AD\research\pmu_hybrid_dae_bayes\powerdynamics_ieee39\output\samplewise_second_variation_closure_v1\physical\op_m035\results\op_m035_cross_3_18_fine_5em05_0p0001.csv
op_m035_cross_16_18_coarse_m0p0001_m0p0002,op_m035,0.35,cross,16-18,16,18,-0.0001,-0.0002,0.0001,0.0002,coarse,C:\Users\walla\Documents\Github\SGSMA26-Physics-Informed-AD\research\pmu_hybrid_dae_bayes\powerdynamics_ieee39\output\t120_multi_op_independent_validation_v1\physical\op_m035\physical\results\PAIR_16_18_AIm0p0001_AJm0p0002_R1.csv,False,REUSED_EXISTING,
op_m035_cross_16_18_coarse_m0p0001_0p0002,op_m035,0.35,cross,16-18,16,18,-0.0001,0.0002,0.0001,0.0002,coarse,C:\Users\walla\Documents\Github\SGSMA26-Physics-Informed-AD\research\pmu_hybrid_dae_bayes\powerdynamics_ieee39\output\t120_multi_op_independent_validation_v1\physical\op_m035\physical\results\PAIR_16_18_AIm0p0001_AJ0p0002_R1.csv,False,REUSED_EXISTING,
op_m035_cross_16_18_coarse_0p0001_m0p0002,op_m035,0.35,cross,16-18,16,18,0.0001,-0.0002,0.0001,0.0002,coarse,C:\Users\walla\Documents\Github\SGSMA26-Physics-Informed-AD\research\pmu_hybrid_dae_bayes\powerdynamics_ieee39\output\t120_multi_op_independent_validation_v1\physical\op_m035\physical\results\PAIR_16_18_AI0p0001_AJm0p0002_R1.csv,False,REUSED_EXISTING,
op_m035_cross_16_18_coarse_0p0001_0p0002,op_m035,0.35,cross,16-18,16,18,0.0001,0.0002,0.0001,0.0002,coarse,C:\Users\walla\Documents\Github\SGSMA26-Physics-Informed-AD\research\pmu_hybrid_dae_bayes\powerdynamics_ieee39\output\t120_multi_op_independent_validation_v1\physical\op_m035\physical\results\PAIR_16_18_AI0p0001_AJ0p0002_R1.csv,False,REUSED_EXISTING,
op_m035_cross_16_18_fine_m5em05_m0p0001,op_m035,0.35,cross,16-18,16,18,-5e-05,-0.0001,5e-05,0.0001,fine,,True,EXECUTED_SUCCESS,C:\Users\walla\Documents\Github\SGSMA26-Physics-Informed-AD\research\pmu_hybrid_dae_bayes\powerdynamics_ieee39\output\samplewise_second_variation_closure_v1\physical\op_m035\results\op_m035_cross_16_18_fine_m5em05_m0p0001.csv
op_m035_cross_16_18_fine_m5em05_0p0001,op_m035,0.35,cross,16-18,16,18,-5e-05,0.0001,5e-05,0.0001,fine,,True,EXECUTED_SUCCESS,C:\Users\walla\Documents\Github\SGSMA26-Physics-Informed-AD\research\pmu_hybrid_dae_bayes\powerdynamics_ieee39\output\samplewise_second_variation_closure_v1\physical\op_m035\results\op_m035_cross_16_18_fine_m5em05_0p0001.csv
op_m035_cross_16_18_fine_5em05_m0p0001,op_m035,0.35,cross,16-18,16,18,5e-05,-0.0001,5e-05,0.0001,fine,,True,EXECUTED_SUCCESS,C:\Users\walla\Documents\Github\SGSMA26-Physics-Informed-AD\research\pmu_hybrid_dae_bayes\powerdynamics_ieee39\output\samplewise_second_variation_closure_v1\physical\op_m035\results\op_m035_cross_16_18_fine_5em05_m0p0001.csv
op_m035_cross_16_18_fine_5em05_0p0001,op_m035,0.35,cross,16-18,16,18,5e-05,0.0001,5e-05,0.0001,fine,,True,EXECUTED_SUCCESS,C:\Users\walla\Documents\Github\SGSMA26-Physics-Informed-AD\research\pmu_hybrid_dae_bayes\powerdynamics_ieee39\output\samplewise_second_variation_closure_v1\physical\op_m035\results\op_m035_cross_16_18_fine_5em05_0p0001.csv
op_m085_self_7_coarse_m0p005,op_m085,0.85,self,7-0,7,0,-0.005,0.0,0.005,0.0,coarse,C:\Users\walla\Documents\Github\SGSMA26-Physics-Informed-AD\research\pmu_hybrid_dae_bayes\powerdynamics_ieee39\output\t120_multi_op_independent_validation_v1\physical\op_m085\physical\results\PAIR_7_0_AIm0p005_AJ0p0_R1.csv,False,REUSED_EXISTING,
op_m085_self_7_coarse_0p005,op_m085,0.85,self,7-0,7,0,0.005,0.0,0.005,0.0,coarse,C:\Users\walla\Documents\Github\SGSMA26-Physics-Informed-AD\research\pmu_hybrid_dae_bayes\powerdynamics_ieee39\output\t120_multi_op_independent_validation_v1\physical\op_m085\physical\results\PAIR_7_0_AI0p005_AJ0p0_R1.csv,False,REUSED_EXISTING,
op_m085_self_7_fine_m0p0025,op_m085,0.85,self,7-0,7,0,-0.0025,0.0,0.0025,0.0,fine,,True,EXECUTED_SUCCESS,C:\Users\walla\Documents\Github\SGSMA26-Physics-Informed-AD\research\pmu_hybrid_dae_bayes\powerdynamics_ieee39\output\samplewise_second_variation_closure_v1\physical\op_m085\results\op_m085_self_7_fine_m0p0025.csv
op_m085_self_7_fine_0p0025,op_m085,0.85,self,7-0,7,0,0.0025,0.0,0.0025,0.0,fine,,True,EXECUTED_SUCCESS,C:\Users\walla\Documents\Github\SGSMA26-Physics-Informed-AD\research\pmu_hybrid_dae_bayes\powerdynamics_ieee39\output\samplewise_second_variation_closure_v1\physical\op_m085\results\op_m085_self_7_fine_0p0025.csv
op_m085_self_26_coarse_m0p005,op_m085,0.85,self,26-0,26,0,-0.005,0.0,0.005,0.0,coarse,C:\Users\walla\Documents\Github\SGSMA26-Physics-Informed-AD\research\pmu_hybrid_dae_bayes\powerdynamics_ieee39\output\t120_multi_op_independent_validation_v1\physical\op_m085\physical\results\PAIR_26_0_AIm0p005_AJ0p0_R1.csv,False,REUSED_EXISTING,
op_m085_self_26_coarse_0p005,op_m085,0.85,self,26-0,26,0,0.005,0.0,0.005,0.0,coarse,C:\Users\walla\Documents\Github\SGSMA26-Physics-Informed-AD\research\pmu_hybrid_dae_bayes\powerdynamics_ieee39\output\t120_multi_op_independent_validation_v1\physical\op_m085\physical\results\PAIR_26_0_AI0p005_AJ0p0_R1.csv,False,REUSED_EXISTING,
op_m085_self_26_fine_m0p0025,op_m085,0.85,self,26-0,26,0,-0.0025,0.0,0.0025,0.0,fine,,True,EXECUTED_SUCCESS,C:\Users\walla\Documents\Github\SGSMA26-Physics-Informed-AD\research\pmu_hybrid_dae_bayes\powerdynamics_ieee39\output\samplewise_second_variation_closure_v1\physical\op_m085\results\op_m085_self_26_fine_m0p0025.csv
op_m085_self_26_fine_0p0025,op_m085,0.85,self,26-0,26,0,0.0025,0.0,0.0025,0.0,fine,,True,EXECUTED_SUCCESS,C:\Users\walla\Documents\Github\SGSMA26-Physics-Informed-AD\research\pmu_hybrid_dae_bayes\powerdynamics_ieee39\output\samplewise_second_variation_closure_v1\physical\op_m085\results\op_m085_self_26_fine_0p0025.csv
op_m085_self_3_coarse_m0p005,op_m085,0.85,self,3-0,3,0,-0.005,0.0,0.005,0.0,coarse,C:\Users\walla\Documents\Github\SGSMA26-Physics-Informed-AD\research\pmu_hybrid_dae_bayes\powerdynamics_ieee39\output\t120_multi_op_independent_validation_v1\physical\op_m085\physical\results\PAIR_3_0_AIm0p005_AJ0p0_R1.csv,False,REUSED_EXISTING,
op_m085_self_3_coarse_0p005,op_m085,0.85,self,3-0,3,0,0.005,0.0,0.005,0.0,coarse,C:\Users\walla\Documents\Github\SGSMA26-Physics-Informed-AD\research\pmu_hybrid_dae_bayes\powerdynamics_ieee39\output\t120_multi_op_independent_validation_v1\physical\op_m085\physical\results\PAIR_3_0_AI0p005_AJ0p0_R1.csv,False,REUSED_EXISTING,
op_m085_self_3_fine_m0p0025,op_m085,0.85,self,3-0,3,0,-0.0025,0.0,0.0025,0.0,fine,,True,EXECUTED_SUCCESS,C:\Users\walla\Documents\Github\SGSMA26-Physics-Informed-AD\research\pmu_hybrid_dae_bayes\powerdynamics_ieee39\output\samplewise_second_variation_closure_v1\physical\op_m085\results\op_m085_self_3_fine_m0p0025.csv
op_m085_self_3_fine_0p0025,op_m085,0.85,self,3-0,3,0,0.0025,0.0,0.0025,0.0,fine,,True,EXECUTED_SUCCESS,C:\Users\walla\Documents\Github\SGSMA26-Physics-Informed-AD\research\pmu_hybrid_dae_bayes\powerdynamics_ieee39\output\samplewise_second_variation_closure_v1\physical\op_m085\results\op_m085_self_3_fine_0p0025.csv
op_m085_self_16_coarse_m0p005,op_m085,0.85,self,16-0,16,0,-0.005,0.0,0.005,0.0,coarse,C:\Users\walla\Documents\Github\SGSMA26-Physics-Informed-AD\research\pmu_hybrid_dae_bayes\powerdynamics_ieee39\output\t120_multi_op_independent_validation_v1\physical\op_m085\physical\results\PAIR_16_0_AIm0p005_AJ0p0_R1.csv,False,REUSED_EXISTING,
op_m085_self_16_coarse_0p005,op_m085,0.85,self,16-0,16,0,0.005,0.0,0.005,0.0,coarse,C:\Users\walla\Documents\Github\SGSMA26-Physics-Informed-AD\research\pmu_hybrid_dae_bayes\powerdynamics_ieee39\output\t120_multi_op_independent_validation_v1\physical\op_m085\physical\results\PAIR_16_0_AI0p005_AJ0p0_R1.csv,False,REUSED_EXISTING,
op_m085_self_16_fine_m0p0025,op_m085,0.85,self,16-0,16,0,-0.0025,0.0,0.0025,0.0,fine,,True,EXECUTED_SUCCESS,C:\Users\walla\Documents\Github\SGSMA26-Physics-Informed-AD\research\pmu_hybrid_dae_bayes\powerdynamics_ieee39\output\samplewise_second_variation_closure_v1\physical\op_m085\results\op_m085_self_16_fine_m0p0025.csv
op_m085_self_16_fine_0p0025,op_m085,0.85,self,16-0,16,0,0.0025,0.0,0.0025,0.0,fine,,True,EXECUTED_SUCCESS,C:\Users\walla\Documents\Github\SGSMA26-Physics-Informed-AD\research\pmu_hybrid_dae_bayes\powerdynamics_ieee39\output\samplewise_second_variation_closure_v1\physical\op_m085\results\op_m085_self_16_fine_0p0025.csv
op_m085_cross_7_12_coarse_m0p0001_m0p0002,op_m085,0.85,cross,7-12,7,12,-0.0001,-0.0002,0.0001,0.0002,coarse,C:\Users\walla\Documents\Github\SGSMA26-Physics-Informed-AD\research\pmu_hybrid_dae_bayes\powerdynamics_ieee39\output\t120_multi_op_independent_validation_v1\physical\op_m085\physical\results\PAIR_7_12_AIm0p0001_AJm0p0002_R1.csv,False,REUSED_EXISTING,
op_m085_cross_7_12_coarse_m0p0001_0p0002,op_m085,0.85,cross,7-12,7,12,-0.0001,0.0002,0.0001,0.0002,coarse,C:\Users\walla\Documents\Github\SGSMA26-Physics-Informed-AD\research\pmu_hybrid_dae_bayes\powerdynamics_ieee39\output\t120_multi_op_independent_validation_v1\physical\op_m085\physical\results\PAIR_7_12_AIm0p0001_AJ0p0002_R1.csv,False,REUSED_EXISTING,
op_m085_cross_7_12_coarse_0p0001_m0p0002,op_m085,0.85,cross,7-12,7,12,0.0001,-0.0002,0.0001,0.0002,coarse,C:\Users\walla\Documents\Github\SGSMA26-Physics-Informed-AD\research\pmu_hybrid_dae_bayes\powerdynamics_ieee39\output\t120_multi_op_independent_validation_v1\physical\op_m085\physical\results\PAIR_7_12_AI0p0001_AJm0p0002_R1.csv,False,REUSED_EXISTING,
op_m085_cross_7_12_coarse_0p0001_0p0002,op_m085,0.85,cross,7-12,7,12,0.0001,0.0002,0.0001,0.0002,coarse,C:\Users\walla\Documents\Github\SGSMA26-Physics-Informed-AD\research\pmu_hybrid_dae_bayes\powerdynamics_ieee39\output\t120_multi_op_independent_validation_v1\physical\op_m085\physical\results\PAIR_7_12_AI0p0001_AJ0p0002_R1.csv,False,REUSED_EXISTING,
op_m085_cross_7_12_fine_m5em05_m0p0001,op_m085,0.85,cross,7-12,7,12,-5e-05,-0.0001,5e-05,0.0001,fine,,True,EXECUTED_SUCCESS,C:\Users\walla\Documents\Github\SGSMA26-Physics-Informed-AD\research\pmu_hybrid_dae_bayes\powerdynamics_ieee39\output\samplewise_second_variation_closure_v1\physical\op_m085\results\op_m085_cross_7_12_fine_m5em05_m0p0001.csv
op_m085_cross_7_12_fine_m5em05_0p0001,op_m085,0.85,cross,7-12,7,12,-5e-05,0.0001,5e-05,0.0001,fine,,True,EXECUTED_SUCCESS,C:\Users\walla\Documents\Github\SGSMA26-Physics-Informed-AD\research\pmu_hybrid_dae_bayes\powerdynamics_ieee39\output\samplewise_second_variation_closure_v1\physical\op_m085\results\op_m085_cross_7_12_fine_m5em05_0p0001.csv
op_m085_cross_7_12_fine_5em05_m0p0001,op_m085,0.85,cross,7-12,7,12,5e-05,-0.0001,5e-05,0.0001,fine,,True,EXECUTED_SUCCESS,C:\Users\walla\Documents\Github\SGSMA26-Physics-Informed-AD\research\pmu_hybrid_dae_bayes\powerdynamics_ieee39\output\samplewise_second_variation_closure_v1\physical\op_m085\results\op_m085_cross_7_12_fine_5em05_m0p0001.csv
op_m085_cross_7_12_fine_5em05_0p0001,op_m085,0.85,cross,7-12,7,12,5e-05,0.0001,5e-05,0.0001,fine,,True,EXECUTED_SUCCESS,C:\Users\walla\Documents\Github\SGSMA26-Physics-Informed-AD\research\pmu_hybrid_dae_bayes\powerdynamics_ieee39\output\samplewise_second_variation_closure_v1\physical\op_m085\results\op_m085_cross_7_12_fine_5em05_0p0001.csv
op_m085_cross_26_28_coarse_m0p0001_m0p0002,op_m085,0.85,cross,26-28,26,28,-0.0001,-0.0002,0.0001,0.0002,coarse,C:\Users\walla\Documents\Github\SGSMA26-Physics-Informed-AD\research\pmu_hybrid_dae_bayes\powerdynamics_ieee39\output\t120_multi_op_independent_validation_v1\physical\op_m085\physical\results\PAIR_26_28_AIm0p0001_AJm0p0002_R1.csv,False,REUSED_EXISTING,
op_m085_cross_26_28_coarse_m0p0001_0p0002,op_m085,0.85,cross,26-28,26,28,-0.0001,0.0002,0.0001,0.0002,coarse,C:\Users\walla\Documents\Github\SGSMA26-Physics-Informed-AD\research\pmu_hybrid_dae_bayes\powerdynamics_ieee39\output\t120_multi_op_independent_validation_v1\physical\op_m085\physical\results\PAIR_26_28_AIm0p0001_AJ0p0002_R1.csv,False,REUSED_EXISTING,
op_m085_cross_26_28_coarse_0p0001_m0p0002,op_m085,0.85,cross,26-28,26,28,0.0001,-0.0002,0.0001,0.0002,coarse,C:\Users\walla\Documents\Github\SGSMA26-Physics-Informed-AD\research\pmu_hybrid_dae_bayes\powerdynamics_ieee39\output\t120_multi_op_independent_validation_v1\physical\op_m085\physical\results\PAIR_26_28_AI0p0001_AJm0p0002_R1.csv,False,REUSED_EXISTING,
op_m085_cross_26_28_coarse_0p0001_0p0002,op_m085,0.85,cross,26-28,26,28,0.0001,0.0002,0.0001,0.0002,coarse,C:\Users\walla\Documents\Github\SGSMA26-Physics-Informed-AD\research\pmu_hybrid_dae_bayes\powerdynamics_ieee39\output\t120_multi_op_independent_validation_v1\physical\op_m085\physical\results\PAIR_26_28_AI0p0001_AJ0p0002_R1.csv,False,REUSED_EXISTING,
op_m085_cross_26_28_fine_m5em05_m0p0001,op_m085,0.85,cross,26-28,26,28,-5e-05,-0.0001,5e-05,0.0001,fine,,True,EXECUTED_SUCCESS,C:\Users\walla\Documents\Github\SGSMA26-Physics-Informed-AD\research\pmu_hybrid_dae_bayes\powerdynamics_ieee39\output\samplewise_second_variation_closure_v1\physical\op_m085\results\op_m085_cross_26_28_fine_m5em05_m0p0001.csv
op_m085_cross_26_28_fine_m5em05_0p0001,op_m085,0.85,cross,26-28,26,28,-5e-05,0.0001,5e-05,0.0001,fine,,True,EXECUTED_SUCCESS,C:\Users\walla\Documents\Github\SGSMA26-Physics-Informed-AD\research\pmu_hybrid_dae_bayes\powerdynamics_ieee39\output\samplewise_second_variation_closure_v1\physical\op_m085\results\op_m085_cross_26_28_fine_m5em05_0p0001.csv
op_m085_cross_26_28_fine_5em05_m0p0001,op_m085,0.85,cross,26-28,26,28,5e-05,-0.0001,5e-05,0.0001,fine,,True,EXECUTED_SUCCESS,C:\Users\walla\Documents\Github\SGSMA26-Physics-Informed-AD\research\pmu_hybrid_dae_bayes\powerdynamics_ieee39\output\samplewise_second_variation_closure_v1\physical\op_m085\results\op_m085_cross_26_28_fine_5em05_m0p0001.csv
op_m085_cross_26_28_fine_5em05_0p0001,op_m085,0.85,cross,26-28,26,28,5e-05,0.0001,5e-05,0.0001,fine,,True,EXECUTED_SUCCESS,C:\Users\walla\Documents\Github\SGSMA26-Physics-Informed-AD\research\pmu_hybrid_dae_bayes\powerdynamics_ieee39\output\samplewise_second_variation_closure_v1\physical\op_m085\results\op_m085_cross_26_28_fine_5em05_0p0001.csv
op_m085_cross_3_18_coarse_m0p0001_m0p0002,op_m085,0.85,cross,3-18,3,18,-0.0001,-0.0002,0.0001,0.0002,coarse,C:\Users\walla\Documents\Github\SGSMA26-Physics-Informed-AD\research\pmu_hybrid_dae_bayes\powerdynamics_ieee39\output\t120_multi_op_independent_validation_v1\physical\op_m085\physical\results\PAIR_3_18_AIm0p0001_AJm0p0002_R1.csv,False,REUSED_EXISTING,
op_m085_cross_3_18_coarse_m0p0001_0p0002,op_m085,0.85,cross,3-18,3,18,-0.0001,0.0002,0.0001,0.0002,coarse,C:\Users\walla\Documents\Github\SGSMA26-Physics-Informed-AD\research\pmu_hybrid_dae_bayes\powerdynamics_ieee39\output\t120_multi_op_independent_validation_v1\physical\op_m085\physical\results\PAIR_3_18_AIm0p0001_AJ0p0002_R1.csv,False,REUSED_EXISTING,
op_m085_cross_3_18_coarse_0p0001_m0p0002,op_m085,0.85,cross,3-18,3,18,0.0001,-0.0002,0.0001,0.0002,coarse,C:\Users\walla\Documents\Github\SGSMA26-Physics-Informed-AD\research\pmu_hybrid_dae_bayes\powerdynamics_ieee39\output\t120_multi_op_independent_validation_v1\physical\op_m085\physical\results\PAIR_3_18_AI0p0001_AJm0p0002_R1.csv,False,REUSED_EXISTING,
op_m085_cross_3_18_coarse_0p0001_0p0002,op_m085,0.85,cross,3-18,3,18,0.0001,0.0002,0.0001,0.0002,coarse,C:\Users\walla\Documents\Github\SGSMA26-Physics-Informed-AD\research\pmu_hybrid_dae_bayes\powerdynamics_ieee39\output\t120_multi_op_independent_validation_v1\physical\op_m085\physical\results\PAIR_3_18_AI0p0001_AJ0p0002_R1.csv,False,REUSED_EXISTING,
op_m085_cross_3_18_fine_m5em05_m0p0001,op_m085,0.85,cross,3-18,3,18,-5e-05,-0.0001,5e-05,0.0001,fine,,True,EXECUTED_SUCCESS,C:\Users\walla\Documents\Github\SGSMA26-Physics-Informed-AD\research\pmu_hybrid_dae_bayes\powerdynamics_ieee39\output\samplewise_second_variation_closure_v1\physical\op_m085\results\op_m085_cross_3_18_fine_m5em05_m0p0001.csv
op_m085_cross_3_18_fine_m5em05_0p0001,op_m085,0.85,cross,3-18,3,18,-5e-05,0.0001,5e-05,0.0001,fine,,True,EXECUTED_SUCCESS,C:\Users\walla\Documents\Github\SGSMA26-Physics-Informed-AD\research\pmu_hybrid_dae_bayes\powerdynamics_ieee39\output\samplewise_second_variation_closure_v1\physical\op_m085\results\op_m085_cross_3_18_fine_m5em05_0p0001.csv
op_m085_cross_3_18_fine_5em05_m0p0001,op_m085,0.85,cross,3-18,3,18,5e-05,-0.0001,5e-05,0.0001,fine,,True,EXECUTED_SUCCESS,C:\Users\walla\Documents\Github\SGSMA26-Physics-Informed-AD\research\pmu_hybrid_dae_bayes\powerdynamics_ieee39\output\samplewise_second_variation_closure_v1\physical\op_m085\results\op_m085_cross_3_18_fine_5em05_m0p0001.csv
op_m085_cross_3_18_fine_5em05_0p0001,op_m085,0.85,cross,3-18,3,18,5e-05,0.0001,5e-05,0.0001,fine,,True,EXECUTED_SUCCESS,C:\Users\walla\Documents\Github\SGSMA26-Physics-Informed-AD\research\pmu_hybrid_dae_bayes\powerdynamics_ieee39\output\samplewise_second_variation_closure_v1\physical\op_m085\results\op_m085_cross_3_18_fine_5em05_0p0001.csv
op_m085_cross_16_18_coarse_m0p0001_m0p0002,op_m085,0.85,cross,16-18,16,18,-0.0001,-0.0002,0.0001,0.0002,coarse,C:\Users\walla\Documents\Github\SGSMA26-Physics-Informed-AD\research\pmu_hybrid_dae_bayes\powerdynamics_ieee39\output\t120_multi_op_independent_validation_v1\physical\op_m085\physical\results\PAIR_16_18_AIm0p0001_AJm0p0002_R1.csv,False,REUSED_EXISTING,
op_m085_cross_16_18_coarse_m0p0001_0p0002,op_m085,0.85,cross,16-18,16,18,-0.0001,0.0002,0.0001,0.0002,coarse,C:\Users\walla\Documents\Github\SGSMA26-Physics-Informed-AD\research\pmu_hybrid_dae_bayes\powerdynamics_ieee39\output\t120_multi_op_independent_validation_v1\physical\op_m085\physical\results\PAIR_16_18_AIm0p0001_AJ0p0002_R1.csv,False,REUSED_EXISTING,
op_m085_cross_16_18_coarse_0p0001_m0p0002,op_m085,0.85,cross,16-18,16,18,0.0001,-0.0002,0.0001,0.0002,coarse,C:\Users\walla\Documents\Github\SGSMA26-Physics-Informed-AD\research\pmu_hybrid_dae_bayes\powerdynamics_ieee39\output\t120_multi_op_independent_validation_v1\physical\op_m085\physical\results\PAIR_16_18_AI0p0001_AJm0p0002_R1.csv,False,REUSED_EXISTING,
op_m085_cross_16_18_coarse_0p0001_0p0002,op_m085,0.85,cross,16-18,16,18,0.0001,0.0002,0.0001,0.0002,coarse,C:\Users\walla\Documents\Github\SGSMA26-Physics-Informed-AD\research\pmu_hybrid_dae_bayes\powerdynamics_ieee39\output\t120_multi_op_independent_validation_v1\physical\op_m085\physical\results\PAIR_16_18_AI0p0001_AJ0p0002_R1.csv,False,REUSED_EXISTING,
op_m085_cross_16_18_fine_m5em05_m0p0001,op_m085,0.85,cross,16-18,16,18,-5e-05,-0.0001,5e-05,0.0001,fine,,True,EXECUTED_SUCCESS,C:\Users\walla\Documents\Github\SGSMA26-Physics-Informed-AD\research\pmu_hybrid_dae_bayes\powerdynamics_ieee39\output\samplewise_second_variation_closure_v1\physical\op_m085\results\op_m085_cross_16_18_fine_m5em05_m0p0001.csv
op_m085_cross_16_18_fine_m5em05_0p0001,op_m085,0.85,cross,16-18,16,18,-5e-05,0.0001,5e-05,0.0001,fine,,True,EXECUTED_SUCCESS,C:\Users\walla\Documents\Github\SGSMA26-Physics-Informed-AD\research\pmu_hybrid_dae_bayes\powerdynamics_ieee39\output\samplewise_second_variation_closure_v1\physical\op_m085\results\op_m085_cross_16_18_fine_m5em05_0p0001.csv
op_m085_cross_16_18_fine_5em05_m0p0001,op_m085,0.85,cross,16-18,16,18,5e-05,-0.0001,5e-05,0.0001,fine,,True,EXECUTED_SUCCESS,C:\Users\walla\Documents\Github\SGSMA26-Physics-Informed-AD\research\pmu_hybrid_dae_bayes\powerdynamics_ieee39\output\samplewise_second_variation_closure_v1\physical\op_m085\results\op_m085_cross_16_18_fine_5em05_m0p0001.csv
op_m085_cross_16_18_fine_5em05_0p0001,op_m085,0.85,cross,16-18,16,18,5e-05,0.0001,5e-05,0.0001,fine,,True,EXECUTED_SUCCESS,C:\Users\walla\Documents\Github\SGSMA26-Physics-Informed-AD\research\pmu_hybrid_dae_bayes\powerdynamics_ieee39\output\samplewise_second_variation_closure_v1\physical\op_m085\results\op_m085_cross_16_18_fine_5em05_0p0001.csv
op_m125_self_7_coarse_m0p005,op_m125,1.25,self,7-0,7,0,-0.005,0.0,0.005,0.0,coarse,C:\Users\walla\Documents\Github\SGSMA26-Physics-Informed-AD\research\pmu_hybrid_dae_bayes\powerdynamics_ieee39\output\t120_multi_op_independent_validation_v1\physical\op_m125\physical\results\PAIR_7_0_AIm0p005_AJ0p0_R1.csv,False,REUSED_EXISTING,
op_m125_self_7_coarse_0p005,op_m125,1.25,self,7-0,7,0,0.005,0.0,0.005,0.0,coarse,C:\Users\walla\Documents\Github\SGSMA26-Physics-Informed-AD\research\pmu_hybrid_dae_bayes\powerdynamics_ieee39\output\t120_multi_op_independent_validation_v1\physical\op_m125\physical\results\PAIR_7_0_AI0p005_AJ0p0_R1.csv,False,REUSED_EXISTING,
op_m125_self_7_fine_m0p0025,op_m125,1.25,self,7-0,7,0,-0.0025,0.0,0.0025,0.0,fine,,True,EXECUTED_SUCCESS,C:\Users\walla\Documents\Github\SGSMA26-Physics-Informed-AD\research\pmu_hybrid_dae_bayes\powerdynamics_ieee39\output\samplewise_second_variation_closure_v1\physical\op_m125\results\op_m125_self_7_fine_m0p0025.csv
op_m125_self_7_fine_0p0025,op_m125,1.25,self,7-0,7,0,0.0025,0.0,0.0025,0.0,fine,,True,EXECUTED_SUCCESS,C:\Users\walla\Documents\Github\SGSMA26-Physics-Informed-AD\research\pmu_hybrid_dae_bayes\powerdynamics_ieee39\output\samplewise_second_variation_closure_v1\physical\op_m125\results\op_m125_self_7_fine_0p0025.csv
op_m125_self_26_coarse_m0p005,op_m125,1.25,self,26-0,26,0,-0.005,0.0,0.005,0.0,coarse,C:\Users\walla\Documents\Github\SGSMA26-Physics-Informed-AD\research\pmu_hybrid_dae_bayes\powerdynamics_ieee39\output\t120_multi_op_independent_validation_v1\physical\op_m125\physical\results\PAIR_26_0_AIm0p005_AJ0p0_R1.csv,False,REUSED_EXISTING,
op_m125_self_26_coarse_0p005,op_m125,1.25,self,26-0,26,0,0.005,0.0,0.005,0.0,coarse,C:\Users\walla\Documents\Github\SGSMA26-Physics-Informed-AD\research\pmu_hybrid_dae_bayes\powerdynamics_ieee39\output\t120_multi_op_independent_validation_v1\physical\op_m125\physical\results\PAIR_26_0_AI0p005_AJ0p0_R1.csv,False,REUSED_EXISTING,
op_m125_self_26_fine_m0p0025,op_m125,1.25,self,26-0,26,0,-0.0025,0.0,0.0025,0.0,fine,,True,EXECUTED_SUCCESS,C:\Users\walla\Documents\Github\SGSMA26-Physics-Informed-AD\research\pmu_hybrid_dae_bayes\powerdynamics_ieee39\output\samplewise_second_variation_closure_v1\physical\op_m125\results\op_m125_self_26_fine_m0p0025.csv
op_m125_self_26_fine_0p0025,op_m125,1.25,self,26-0,26,0,0.0025,0.0,0.0025,0.0,fine,,True,EXECUTED_SUCCESS,C:\Users\walla\Documents\Github\SGSMA26-Physics-Informed-AD\research\pmu_hybrid_dae_bayes\powerdynamics_ieee39\output\samplewise_second_variation_closure_v1\physical\op_m125\results\op_m125_self_26_fine_0p0025.csv
op_m125_self_3_coarse_m0p005,op_m125,1.25,self,3-0,3,0,-0.005,0.0,0.005,0.0,coarse,C:\Users\walla\Documents\Github\SGSMA26-Physics-Informed-AD\research\pmu_hybrid_dae_bayes\powerdynamics_ieee39\output\t120_multi_op_independent_validation_v1\physical\op_m125\physical\results\PAIR_3_0_AIm0p005_AJ0p0_R1.csv,False,REUSED_EXISTING,
op_m125_self_3_coarse_0p005,op_m125,1.25,self,3-0,3,0,0.005,0.0,0.005,0.0,coarse,C:\Users\walla\Documents\Github\SGSMA26-Physics-Informed-AD\research\pmu_hybrid_dae_bayes\powerdynamics_ieee39\output\t120_multi_op_independent_validation_v1\physical\op_m125\physical\results\PAIR_3_0_AI0p005_AJ0p0_R1.csv,False,REUSED_EXISTING,
op_m125_self_3_fine_m0p0025,op_m125,1.25,self,3-0,3,0,-0.0025,0.0,0.0025,0.0,fine,,True,EXECUTED_SUCCESS,C:\Users\walla\Documents\Github\SGSMA26-Physics-Informed-AD\research\pmu_hybrid_dae_bayes\powerdynamics_ieee39\output\samplewise_second_variation_closure_v1\physical\op_m125\results\op_m125_self_3_fine_m0p0025.csv
op_m125_self_3_fine_0p0025,op_m125,1.25,self,3-0,3,0,0.0025,0.0,0.0025,0.0,fine,,True,EXECUTED_SUCCESS,C:\Users\walla\Documents\Github\SGSMA26-Physics-Informed-AD\research\pmu_hybrid_dae_bayes\powerdynamics_ieee39\output\samplewise_second_variation_closure_v1\physical\op_m125\results\op_m125_self_3_fine_0p0025.csv
op_m125_self_16_coarse_m0p005,op_m125,1.25,self,16-0,16,0,-0.005,0.0,0.005,0.0,coarse,C:\Users\walla\Documents\Github\SGSMA26-Physics-Informed-AD\research\pmu_hybrid_dae_bayes\powerdynamics_ieee39\output\t120_multi_op_independent_validation_v1\physical\op_m125\physical\results\PAIR_16_0_AIm0p005_AJ0p0_R1.csv,False,REUSED_EXISTING,
op_m125_self_16_coarse_0p005,op_m125,1.25,self,16-0,16,0,0.005,0.0,0.005,0.0,coarse,C:\Users\walla\Documents\Github\SGSMA26-Physics-Informed-AD\research\pmu_hybrid_dae_bayes\powerdynamics_ieee39\output\t120_multi_op_independent_validation_v1\physical\op_m125\physical\results\PAIR_16_0_AI0p005_AJ0p0_R1.csv,False,REUSED_EXISTING,
op_m125_self_16_fine_m0p0025,op_m125,1.25,self,16-0,16,0,-0.0025,0.0,0.0025,0.0,fine,,True,EXECUTED_SUCCESS,C:\Users\walla\Documents\Github\SGSMA26-Physics-Informed-AD\research\pmu_hybrid_dae_bayes\powerdynamics_ieee39\output\samplewise_second_variation_closure_v1\physical\op_m125\results\op_m125_self_16_fine_m0p0025.csv
op_m125_self_16_fine_0p0025,op_m125,1.25,self,16-0,16,0,0.0025,0.0,0.0025,0.0,fine,,True,EXECUTED_SUCCESS,C:\Users\walla\Documents\Github\SGSMA26-Physics-Informed-AD\research\pmu_hybrid_dae_bayes\powerdynamics_ieee39\output\samplewise_second_variation_closure_v1\physical\op_m125\results\op_m125_self_16_fine_0p0025.csv
op_m125_cross_7_12_coarse_m0p0001_m0p0002,op_m125,1.25,cross,7-12,7,12,-0.0001,-0.0002,0.0001,0.0002,coarse,C:\Users\walla\Documents\Github\SGSMA26-Physics-Informed-AD\research\pmu_hybrid_dae_bayes\powerdynamics_ieee39\output\t120_multi_op_independent_validation_v1\physical\op_m125\physical\results\PAIR_7_12_AIm0p0001_AJm0p0002_R1.csv,False,REUSED_EXISTING,
op_m125_cross_7_12_coarse_m0p0001_0p0002,op_m125,1.25,cross,7-12,7,12,-0.0001,0.0002,0.0001,0.0002,coarse,C:\Users\walla\Documents\Github\SGSMA26-Physics-Informed-AD\research\pmu_hybrid_dae_bayes\powerdynamics_ieee39\output\t120_multi_op_independent_validation_v1\physical\op_m125\physical\results\PAIR_7_12_AIm0p0001_AJ0p0002_R1.csv,False,REUSED_EXISTING,
op_m125_cross_7_12_coarse_0p0001_m0p0002,op_m125,1.25,cross,7-12,7,12,0.0001,-0.0002,0.0001,0.0002,coarse,C:\Users\walla\Documents\Github\SGSMA26-Physics-Informed-AD\research\pmu_hybrid_dae_bayes\powerdynamics_ieee39\output\t120_multi_op_independent_validation_v1\physical\op_m125\physical\results\PAIR_7_12_AI0p0001_AJm0p0002_R1.csv,False,REUSED_EXISTING,
op_m125_cross_7_12_coarse_0p0001_0p0002,op_m125,1.25,cross,7-12,7,12,0.0001,0.0002,0.0001,0.0002,coarse,C:\Users\walla\Documents\Github\SGSMA26-Physics-Informed-AD\research\pmu_hybrid_dae_bayes\powerdynamics_ieee39\output\t120_multi_op_independent_validation_v1\physical\op_m125\physical\results\PAIR_7_12_AI0p0001_AJ0p0002_R1.csv,False,REUSED_EXISTING,
op_m125_cross_7_12_fine_m5em05_m0p0001,op_m125,1.25,cross,7-12,7,12,-5e-05,-0.0001,5e-05,0.0001,fine,,True,EXECUTED_SUCCESS,C:\Users\walla\Documents\Github\SGSMA26-Physics-Informed-AD\research\pmu_hybrid_dae_bayes\powerdynamics_ieee39\output\samplewise_second_variation_closure_v1\physical\op_m125\results\op_m125_cross_7_12_fine_m5em05_m0p0001.csv
op_m125_cross_7_12_fine_m5em05_0p0001,op_m125,1.25,cross,7-12,7,12,-5e-05,0.0001,5e-05,0.0001,fine,,True,EXECUTED_SUCCESS,C:\Users\walla\Documents\Github\SGSMA26-Physics-Informed-AD\research\pmu_hybrid_dae_bayes\powerdynamics_ieee39\output\samplewise_second_variation_closure_v1\physical\op_m125\results\op_m125_cross_7_12_fine_m5em05_0p0001.csv
op_m125_cross_7_12_fine_5em05_m0p0001,op_m125,1.25,cross,7-12,7,12,5e-05,-0.0001,5e-05,0.0001,fine,,True,EXECUTED_SUCCESS,C:\Users\walla\Documents\Github\SGSMA26-Physics-Informed-AD\research\pmu_hybrid_dae_bayes\powerdynamics_ieee39\output\samplewise_second_variation_closure_v1\physical\op_m125\results\op_m125_cross_7_12_fine_5em05_m0p0001.csv
op_m125_cross_7_12_fine_5em05_0p0001,op_m125,1.25,cross,7-12,7,12,5e-05,0.0001,5e-05,0.0001,fine,,True,EXECUTED_SUCCESS,C:\Users\walla\Documents\Github\SGSMA26-Physics-Informed-AD\research\pmu_hybrid_dae_bayes\powerdynamics_ieee39\output\samplewise_second_variation_closure_v1\physical\op_m125\results\op_m125_cross_7_12_fine_5em05_0p0001.csv
op_m125_cross_26_28_coarse_m0p0001_m0p0002,op_m125,1.25,cross,26-28,26,28,-0.0001,-0.0002,0.0001,0.0002,coarse,C:\Users\walla\Documents\Github\SGSMA26-Physics-Informed-AD\research\pmu_hybrid_dae_bayes\powerdynamics_ieee39\output\t120_multi_op_independent_validation_v1\physical\op_m125\physical\results\PAIR_26_28_AIm0p0001_AJm0p0002_R1.csv,False,REUSED_EXISTING,
op_m125_cross_26_28_coarse_m0p0001_0p0002,op_m125,1.25,cross,26-28,26,28,-0.0001,0.0002,0.0001,0.0002,coarse,C:\Users\walla\Documents\Github\SGSMA26-Physics-Informed-AD\research\pmu_hybrid_dae_bayes\powerdynamics_ieee39\output\t120_multi_op_independent_validation_v1\physical\op_m125\physical\results\PAIR_26_28_AIm0p0001_AJ0p0002_R1.csv,False,REUSED_EXISTING,
op_m125_cross_26_28_coarse_0p0001_m0p0002,op_m125,1.25,cross,26-28,26,28,0.0001,-0.0002,0.0001,0.0002,coarse,C:\Users\walla\Documents\Github\SGSMA26-Physics-Informed-AD\research\pmu_hybrid_dae_bayes\powerdynamics_ieee39\output\t120_multi_op_independent_validation_v1\physical\op_m125\physical\results\PAIR_26_28_AI0p0001_AJm0p0002_R1.csv,False,REUSED_EXISTING,
op_m125_cross_26_28_coarse_0p0001_0p0002,op_m125,1.25,cross,26-28,26,28,0.0001,0.0002,0.0001,0.0002,coarse,C:\Users\walla\Documents\Github\SGSMA26-Physics-Informed-AD\research\pmu_hybrid_dae_bayes\powerdynamics_ieee39\output\t120_multi_op_independent_validation_v1\physical\op_m125\physical\results\PAIR_26_28_AI0p0001_AJ0p0002_R1.csv,False,REUSED_EXISTING,
op_m125_cross_26_28_fine_m5em05_m0p0001,op_m125,1.25,cross,26-28,26,28,-5e-05,-0.0001,5e-05,0.0001,fine,,True,EXECUTED_SUCCESS,C:\Users\walla\Documents\Github\SGSMA26-Physics-Informed-AD\research\pmu_hybrid_dae_bayes\powerdynamics_ieee39\output\samplewise_second_variation_closure_v1\physical\op_m125\results\op_m125_cross_26_28_fine_m5em05_m0p0001.csv
op_m125_cross_26_28_fine_m5em05_0p0001,op_m125,1.25,cross,26-28,26,28,-5e-05,0.0001,5e-05,0.0001,fine,,True,EXECUTED_SUCCESS,C:\Users\walla\Documents\Github\SGSMA26-Physics-Informed-AD\research\pmu_hybrid_dae_bayes\powerdynamics_ieee39\output\samplewise_second_variation_closure_v1\physical\op_m125\results\op_m125_cross_26_28_fine_m5em05_0p0001.csv
op_m125_cross_26_28_fine_5em05_m0p0001,op_m125,1.25,cross,26-28,26,28,5e-05,-0.0001,5e-05,0.0001,fine,,True,EXECUTED_SUCCESS,C:\Users\walla\Documents\Github\SGSMA26-Physics-Informed-AD\research\pmu_hybrid_dae_bayes\powerdynamics_ieee39\output\samplewise_second_variation_closure_v1\physical\op_m125\results\op_m125_cross_26_28_fine_5em05_m0p0001.csv
op_m125_cross_26_28_fine_5em05_0p0001,op_m125,1.25,cross,26-28,26,28,5e-05,0.0001,5e-05,0.0001,fine,,True,EXECUTED_SUCCESS,C:\Users\walla\Documents\Github\SGSMA26-Physics-Informed-AD\research\pmu_hybrid_dae_bayes\powerdynamics_ieee39\output\samplewise_second_variation_closure_v1\physical\op_m125\results\op_m125_cross_26_28_fine_5em05_0p0001.csv
op_m125_cross_3_18_coarse_m0p0001_m0p0002,op_m125,1.25,cross,3-18,3,18,-0.0001,-0.0002,0.0001,0.0002,coarse,C:\Users\walla\Documents\Github\SGSMA26-Physics-Informed-AD\research\pmu_hybrid_dae_bayes\powerdynamics_ieee39\output\t120_multi_op_independent_validation_v1\physical\op_m125\physical\results\PAIR_3_18_AIm0p0001_AJm0p0002_R1.csv,False,REUSED_EXISTING,
op_m125_cross_3_18_coarse_m0p0001_0p0002,op_m125,1.25,cross,3-18,3,18,-0.0001,0.0002,0.0001,0.0002,coarse,C:\Users\walla\Documents\Github\SGSMA26-Physics-Informed-AD\research\pmu_hybrid_dae_bayes\powerdynamics_ieee39\output\t120_multi_op_independent_validation_v1\physical\op_m125\physical\results\PAIR_3_18_AIm0p0001_AJ0p0002_R1.csv,False,REUSED_EXISTING,
op_m125_cross_3_18_coarse_0p0001_m0p0002,op_m125,1.25,cross,3-18,3,18,0.0001,-0.0002,0.0001,0.0002,coarse,C:\Users\walla\Documents\Github\SGSMA26-Physics-Informed-AD\research\pmu_hybrid_dae_bayes\powerdynamics_ieee39\output\t120_multi_op_independent_validation_v1\physical\op_m125\physical\results\PAIR_3_18_AI0p0001_AJm0p0002_R1.csv,False,REUSED_EXISTING,
op_m125_cross_3_18_coarse_0p0001_0p0002,op_m125,1.25,cross,3-18,3,18,0.0001,0.0002,0.0001,0.0002,coarse,C:\Users\walla\Documents\Github\SGSMA26-Physics-Informed-AD\research\pmu_hybrid_dae_bayes\powerdynamics_ieee39\output\t120_multi_op_independent_validation_v1\physical\op_m125\physical\results\PAIR_3_18_AI0p0001_AJ0p0002_R1.csv,False,REUSED_EXISTING,
op_m125_cross_3_18_fine_m5em05_m0p0001,op_m125,1.25,cross,3-18,3,18,-5e-05,-0.0001,5e-05,0.0001,fine,,True,EXECUTED_SUCCESS,C:\Users\walla\Documents\Github\SGSMA26-Physics-Informed-AD\research\pmu_hybrid_dae_bayes\powerdynamics_ieee39\output\samplewise_second_variation_closure_v1\physical\op_m125\results\op_m125_cross_3_18_fine_m5em05_m0p0001.csv
op_m125_cross_3_18_fine_m5em05_0p0001,op_m125,1.25,cross,3-18,3,18,-5e-05,0.0001,5e-05,0.0001,fine,,True,EXECUTED_SUCCESS,C:\Users\walla\Documents\Github\SGSMA26-Physics-Informed-AD\research\pmu_hybrid_dae_bayes\powerdynamics_ieee39\output\samplewise_second_variation_closure_v1\physical\op_m125\results\op_m125_cross_3_18_fine_m5em05_0p0001.csv
op_m125_cross_3_18_fine_5em05_m0p0001,op_m125,1.25,cross,3-18,3,18,5e-05,-0.0001,5e-05,0.0001,fine,,True,EXECUTED_SUCCESS,C:\Users\walla\Documents\Github\SGSMA26-Physics-Informed-AD\research\pmu_hybrid_dae_bayes\powerdynamics_ieee39\output\samplewise_second_variation_closure_v1\physical\op_m125\results\op_m125_cross_3_18_fine_5em05_m0p0001.csv
op_m125_cross_3_18_fine_5em05_0p0001,op_m125,1.25,cross,3-18,3,18,5e-05,0.0001,5e-05,0.0001,fine,,True,EXECUTED_SUCCESS,C:\Users\walla\Documents\Github\SGSMA26-Physics-Informed-AD\research\pmu_hybrid_dae_bayes\powerdynamics_ieee39\output\samplewise_second_variation_closure_v1\physical\op_m125\results\op_m125_cross_3_18_fine_5em05_0p0001.csv
op_m125_cross_16_18_coarse_m0p0001_m0p0002,op_m125,1.25,cross,16-18,16,18,-0.0001,-0.0002,0.0001,0.0002,coarse,C:\Users\walla\Documents\Github\SGSMA26-Physics-Informed-AD\research\pmu_hybrid_dae_bayes\powerdynamics_ieee39\output\t120_multi_op_independent_validation_v1\physical\op_m125\physical\results\PAIR_16_18_AIm0p0001_AJm0p0002_R1.csv,False,REUSED_EXISTING,
op_m125_cross_16_18_coarse_m0p0001_0p0002,op_m125,1.25,cross,16-18,16,18,-0.0001,0.0002,0.0001,0.0002,coarse,C:\Users\walla\Documents\Github\SGSMA26-Physics-Informed-AD\research\pmu_hybrid_dae_bayes\powerdynamics_ieee39\output\t120_multi_op_independent_validation_v1\physical\op_m125\physical\results\PAIR_16_18_AIm0p0001_AJ0p0002_R1.csv,False,REUSED_EXISTING,
op_m125_cross_16_18_coarse_0p0001_m0p0002,op_m125,1.25,cross,16-18,16,18,0.0001,-0.0002,0.0001,0.0002,coarse,C:\Users\walla\Documents\Github\SGSMA26-Physics-Informed-AD\research\pmu_hybrid_dae_bayes\powerdynamics_ieee39\output\t120_multi_op_independent_validation_v1\physical\op_m125\physical\results\PAIR_16_18_AI0p0001_AJm0p0002_R1.csv,False,REUSED_EXISTING,
op_m125_cross_16_18_coarse_0p0001_0p0002,op_m125,1.25,cross,16-18,16,18,0.0001,0.0002,0.0001,0.0002,coarse,C:\Users\walla\Documents\Github\SGSMA26-Physics-Informed-AD\research\pmu_hybrid_dae_bayes\powerdynamics_ieee39\output\t120_multi_op_independent_validation_v1\physical\op_m125\physical\results\PAIR_16_18_AI0p0001_AJ0p0002_R1.csv,False,REUSED_EXISTING,
op_m125_cross_16_18_fine_m5em05_m0p0001,op_m125,1.25,cross,16-18,16,18,-5e-05,-0.0001,5e-05,0.0001,fine,,True,EXECUTED_SUCCESS,C:\Users\walla\Documents\Github\SGSMA26-Physics-Informed-AD\research\pmu_hybrid_dae_bayes\powerdynamics_ieee39\output\samplewise_second_variation_closure_v1\physical\op_m125\results\op_m125_cross_16_18_fine_m5em05_m0p0001.csv
op_m125_cross_16_18_fine_m5em05_0p0001,op_m125,1.25,cross,16-18,16,18,-5e-05,0.0001,5e-05,0.0001,fine,,True,EXECUTED_SUCCESS,C:\Users\walla\Documents\Github\SGSMA26-Physics-Informed-AD\research\pmu_hybrid_dae_bayes\powerdynamics_ieee39\output\samplewise_second_variation_closure_v1\physical\op_m125\results\op_m125_cross_16_18_fine_m5em05_0p0001.csv
op_m125_cross_16_18_fine_5em05_m0p0001,op_m125,1.25,cross,16-18,16,18,5e-05,-0.0001,5e-05,0.0001,fine,,True,EXECUTED_SUCCESS,C:\Users\walla\Documents\Github\SGSMA26-Physics-Informed-AD\research\pmu_hybrid_dae_bayes\powerdynamics_ieee39\output\samplewise_second_variation_closure_v1\physical\op_m125\results\op_m125_cross_16_18_fine_5em05_m0p0001.csv
op_m125_cross_16_18_fine_5em05_0p0001,op_m125,1.25,cross,16-18,16,18,5e-05,0.0001,5e-05,0.0001,fine,,True,EXECUTED_SUCCESS,C:\Users\walla\Documents\Github\SGSMA26-Physics-Informed-AD\research\pmu_hybrid_dae_bayes\powerdynamics_ieee39\output\samplewise_second_variation_closure_v1\physical\op_m125\results\op_m125_cross_16_18_fine_5em05_0p0001.csv
