TIMESTAMP,BUS15_VA_ANG,BUS15_VA_MAG,BUS15_VB_ANG,BUS15_VB_MAG,BUS15_VC_ANG,BUS15_VC_MAG,BUS15_IA_ANG,BUS15_IA_MAG,BUS15_IB_ANG,BUS15_IB_MAG,BUS15_IC_ANG,BUS15_IC_MAG,BUS15_Freq,BUS15_ROCOF,DATA_PRESENT,Event
0.000000,-61.332870,199363.985417,178.775855,199581.596205,58.821019,199337.569710,96.746071,501.544314,-23.321884,499.973987,-143.354670,498.739553,59.997748,0.148917,1,0
0.033000,-61.228494,199610.762315,178.767950,199584.595619,58.760259,199025.720328,96.605657,497.787922,-23.227139,500.295784,-143.301719,502.649398,60.002792,0.014691,1,0
0.067000,-61.198386,199559.943173,178.791385,199200.420849,58.746607,199587.090175,96.687512,500.128983,-23.327480,501.363266,-143.130253,498.067552,59.998755,-0.076186,1,0
0.100000,-61.189183,199005.741397,178.747425,199407.410027,58.746366,199260.879615,96.727706,501.772765,-23.274079,497.767324,-143.245184,505.383695,59.998787,0.084143,1,0
0.133000,-61.213247,199354.906680,178.795673,199240.082010,58.739314,199441.133188,97.003991,501.664808,-23.193688,497.618185,-143.159269,500.897315,60.004567,0.041690,1,0
0.167000,-61.199390,199786.745416,178.788665,199385.025326,58.826265,199183.563247,96.779316,502.850929,-23.346387,498.595115,-143.130976,499.044249,60.001941,-0.072883,1,0
0.200000,-61.209222,199442.899506,178.755176,199764.904787,58.826741,199635.380778,96.767258,494.088446,-23.200839,493.198201,-143.175199,500.187946,59.999933,-0.030616,1,0
0.233000,-61.189467,199545.795056,178.855239,199869.277441,58.844477,199382.737114,96.798078,503.443612,-23.154569,503.511454,-143.215685,505.411811,60.000282,0.012164,1,0
0.267000,-61.165966,199221.085704,178.776288,199591.883536,58.747052,199684.750493,96.857224,501.206530,-23.250218,503.539751,-143.346871,501.457015,60.000711,0.032093,1,0
0.300000,-61.218413,199107.903906,178.783794,199519.677784,58.789929,199258.595246,96.718637,500.103210,-23.174091,501.709507,-143.172414,504.390466,60.004133,-0.049756,1,0
0.333000,-61.225475,199118.954096,178.870614,199660.006972,58.770469,198611.085575,96.651157,500.767275,-22.928413,497.016374,-143.155566,501.434406,59.997302,-0.065849,1,0
0.367000,-61.169264,198981.438098,178.754206,199666.700494,58.787309,199421.902817,96.875473,501.985339,-23.127079,499.365239,-143.142813,502.607211,60.000749,0.029028,1,0
0.400000,-61.242455,199348.601207,178.697284,199745.593339,58.805177,199820.582252,96.686913,499.699512,-23.262441,497.595332,-143.156593,504.324128,60.000034,-0.093050,1,0
0.433000,-61.252429,199240.210954,178.810582,199602.253238,58.710136,198681.939070,96.796076,502.466746,-23.137681,497.888604,-143.116570,499.095675,59.995417,-0.013858,1,0
0.467000,-61.251477,199527.201537,178.729727,199335.977823,58.768391,199423.923167,96.722795,498.561918,-23.171111,503.046891,-143.307051,502.817813,59.998242,-0.011243,1,0
0.500000,-61.218022,199022.149639,178.755910,199654.527921,58.821433,198907.204206,96.792243,500.057177,-23.237339,506.202933,-143.253478,507.976326,59.996021,0.008267,1,0
0.533000,-61.155108,198653.290714,178.845499,199044.040300,58.770808,199712.910274,96.612001,501.528232,-23.409629,498.459123,-143.272130,498.568937,59.998131,0.035866,1,0
0.567000,-61.215311,198771.347519,178.756717,199522.025231,58.837177,199207.139444,96.693618,499.701895,-23.219515,498.325187,-143.200499,503.238586,59.998050,-0.026046,1,0
0.600000,-61.300005,198826.389030,178.753234,199344.669509,58.726515,199375.831129,96.734396,502.020397,-23.383826,499.298969,-143.202220,503.592260,59.997248,0.003907,1,0
0.633000,-61.277806,199614.453319,178.758630,199476.658215,58.706036,199196.330392,96.721674,511.113673,-23.222977,508.759573,-143.320922,500.167505,59.997867,0.058541,1,0
0.667000,-61.257518,199358.895818,178.671464,198888.326349,58.768746,198781.297125,96.811536,500.065460,-23.380361,503.797523,-143.135516,496.730814,60.001841,-0.020879,1,0
0.700000,-61.178377,199607.943263,178.822339,199882.629636,58.867680,199403.482809,96.886069,499.835972,-23.106382,499.216258,-143.141574,502.434296,59.995766,-0.048532,1,0
0.733000,-61.217985,199425.814987,178.729828,199125.522738,58.884288,198826.833334,96.761491,499.926712,-23.381345,501.247516,-143.220479,504.514992,60.000030,0.066456,1,0
0.767000,-61.230526,199499.037511,178.768840,199670.132689,58.739425,199181.429974,96.652750,506.760006,-23.296686,500.869097,-143.379095,498.566322,60.000560,0.030268,1,0
0.800000,-61.273491,198880.304052,178.793304,199612.651945,58.796266,198839.104990,96.713271,499.235824,-23.101041,504.239846,-143.246368,495.204526,60.001891,0.015191,1,0
0.833000,-61.128650,198779.387410,178.736544,199516.372254,58.725332,199540.452564,96.827849,500.011059,-23.164824,498.745141,-143.317691,497.839285,60.002244,0.003236,1,0
0.867000,-61.301673,199753.849576,178.788688,199111.859763,58.916258,199886.141271,96.666194,498.914163,-23.254535,499.479953,-143.134622,497.951518,60.001233,0.026241,1,0
0.900000,-61.260829,199577.978097,178.738585,199618.812804,58.643723,199406.639872,96.684539,502.263565,-23.195416,497.443205,-143.225847,497.079479,60.003606,-0.005560,1,0
0.933000,-61.198714,199302.145628,178.657090,199368.667325,58.822576,198785.192603,96.757591,500.453559,-23.158871,504.435799,-143.292723,500.537694,60.002531,-0.038612,1,0
0.967000,-61.226323,199525.860740,178.747976,199713.684844,58.653238,199202.676596,96.677569,499.846520,-23.296906,504.187678,-143.292304,499.894294,59.999900,-0.095179,1,0
1.000000,-61.190180,199330.873812,178.710168,199325.650959,58.692305,198662.693041,96.743579,501.448444,-23.244375,501.156921,-143.402494,500.413514,59.996575,0.000882,1,0
1.033000,-61.262301,198599.268865,178.783935,199754.535457,58.775972,199477.718376,96.715641,505.748661,-23.234986,498.032758,-143.270419,504.838097,60.000110,0.028618,1,0
1.067000,-61.260243,199347.437688,178.747920,199687.620024,58.801960,199498.030456,96.662302,500.424519,-23.271647,500.269919,-143.197263,495.406946,59.998525,-0.005556,1,0
1.100000,-61.214865,198867.168276,178.716458,199645.074528,58.870052,199314.778962,96.826940,500.539050,-23.401692,506.890785,-143.250929,498.156591,59.999792,0.023544,1,0
1.133000,-61.242109,199241.277945,178.701845,199680.769565,58.831831,198762.059685,96.788379,501.407588,-23.205830,499.414638,-143.250705,500.736186,59.999978,-0.049371,1,0
1.167000,-61.251358,199172.853158,178.749729,199290.475181,58.826675,199824.647772,96.596117,495.767663,-23.314995,504.698329,-143.059775,504.609032,59.995937,-0.005665,1,0
1.200000,-61.220879,199140.418958,178.832239,199236.486953,58.710349,198976.155952,96.705177,503.955153,-23.100481,504.360873,-143.203970,506.201331,59.999306,0.029609,1,0
1.233000,-61.221058,199063.844330,178.744222,199607.368877,58.767086,199295.023249,96.881344,500.671949,-23.216308,495.482930,-143.210864,496.133323,59.998453,-0.074779,1,0
1.267000,-61.232564,198979.929792,178.782937,199442.035416,58.791290,199215.972256,96.675363,501.580281,-23.337991,498.166537,-143.362231,504.334838,59.994986,0.069935,1,0
1.300000,-61.155427,199312.650666,178.823085,198667.785549,58.708694,199413.336090,96.826595,500.770845,-23.201650,506.465538,-143.266443,500.456758,60.001212,0.090356,1,0
1.333000,-61.324228,199506.099138,178.756329,199895.825375,58.696410,199189.284853,96.757676,503.445620,-23.075046,500.435071,-143.256546,504.278610,60.001189,0.005238,1,0
1.367000,-61.272528,199361.201191,178.731201,199462.163355,58.756845,198826.895631,96.695888,500.729809,-23.356805,497.951985,-143.360438,500.176520,60.001613,-0.042744,1,0
1.400000,-61.197619,199015.851595,178.907319,199530.119365,58.753445,199272.802389,96.749922,502.358226,-23.125581,498.426574,-143.425234,501.248307,59.997839,-0.258803,1,0
1.433000,-61.287572,199605.669455,178.770298,199266.458036,58.767294,199391.010491,96.625576,504.462228,-23.020269,501.689818,-143.161436,502.989931,59.984562,-0.149574,1,3
1.467000,-61.282043,199141.412135,178.766107,199571.085936,58.788726,199405.837831,96.660561,502.845857,-23.205656,501.758583,-143.311967,503.020178,59.986419,0.004366,1,3
1.500000,-61.280554,199540.478741,178.721806,199451.389694,58.706031,198974.487159,96.794910,502.631345,-23.125960,497.214047,-143.139019,501.762885,59.985719,0.064386,1,3
1.533000,-61.342501,198892.660135,178.792367,199140.751318,58.762771,199085.117082,96.776377,500.169986,-23.213008,500.853536,-143.257787,498.825795,59.990144,-0.011055,1,3
1.567000,-61.283765,199011.920021,178.799983,199341.707625,58.732754,199350.353825,96.751160,505.237665,-23.278999,499.650982,-143.257964,503.248767,59.987198,0.161858,1,3
1.600000,-61.299498,199072.678826,178.738731,198876.428186,58.755127,199032.290205,96.766782,505.886480,-23.141123,495.707935,-143.214804,500.865813,60.000063,0.122634,1,8
1.633000,-61.268642,199342.708498,178.764275,199285.960156,58.679745,198459.042043,96.860260,499.038042,-23.381419,500.593023,-143.259715,498.955052,59.994990,0.009911,1,8
1.667000,-61.233504,199532.077276,178.734060,199650.881506,58.735193,199322.036098,96.748155,494.001410,-23.260627,493.601430,-143.472219,501.001911,60.000290,0.083476,1,8
1.700000,-61.295339,199241.474744,178.801530,199214.257114,58.711099,199901.485728,96.543520,496.774905,-23.351612,499.190881,-143.272287,502.302497,60.000566,-0.059416,1,8
1.733000,-61.305949,199394.768528,178.793609,199410.963844,58.769722,199108.959621,96.655880,497.091595,-23.159304,499.506094,-143.214208,498.784374,59.994488,-0.139684,1,8
1.767000,-61.304949,199728.539545,178.796470,199425.873628,58.803238,199245.057449,96.665888,500.577984,-23.297649,497.040668,-142.918724,499.534877,59.992906,0.040273,1,8
1.800000,-61.146904,199978.203916,178.741436,199544.012026,58.829940,198982.903350,96.917504,495.532602,-23.416365,494.769846,-143.084072,502.737473,59.998240,0.086020,1,8
1.833000,-61.144623,199439.780784,178.872667,199562.559722,58.832109,199854.596349,96.788169,499.736797,-23.118120,497.189328,-143.152941,494.733521,59.999292,-0.036273,1,8
1.867000,-61.203550,199430.098755,178.901033,199707.307727,58.758707,199948.252800,96.919233,494.532618,-23.203006,494.051061,-143.447403,496.901377,59.994994,-0.031756,1,8
1.900000,-61.151282,199500.934775,178.816899,199440.791169,58.895707,199374.505581,96.715538,496.743886,-23.317674,495.701185,-143.024070,498.180687,59.998129,-0.001518,1,8
1.933000,-61.166848,200005.936372,178.919166,199889.059042,58.940640,200195.902681,96.712835,496.429582,-23.239317,489.570117,-143.037044,494.108599,59.995324,-0.017276,1,8
1.967000,-61.079296,199993.438569,178.941435,200026.503206,58.829171,199424.402410,97.011300,494.473546,-23.110281,489.108584,-143.155231,489.271609,59.997645,0.116762,1,8
2.000000,-61.129292,200347.502373,178.909560,200319.942890,58.926954,200075.529417,96.934659,493.682611,-23.098753,488.875779,-143.070622,494.087694,60.003426,0.043907,1,8
2.033000,-61.138065,199744.275413,178.930795,200299.978590,58.901686,199835.716459,96.855032,488.365092,-22.822819,487.240615,-143.212511,492.433609,59.998924,-0.012627,1,8
2.067000,-61.045419,200031.409221,178.876746,199951.081145,58.887674,200549.751070,96.911724,488.928984,-23.120634,493.324024,-143.155557,493.632516,60.000559,-0.040026,1,8
2.100000,-61.002304,199791.601016,178.910895,199872.204772,58.944198,199945.611741,96.963059,487.791687,-23.084302,488.589288,-143.068384,487.205922,59.997581,-0.027593,1,8
2.133000,-61.196832,199866.927656,178.953262,200046.229614,58.772205,200474.767761,96.674202,489.134898,-23.015523,484.947047,-143.258548,488.281428,59.999447,0.026091,1,8
2.167000,-61.157118,200174.974169,178.977453,200520.741141,58.924691,200141.194284,96.651579,484.267414,-23.093875,487.363173,-143.079146,482.742386,59.999575,0.049256,1,8
2.200000,-61.080683,200064.348881,178.932702,200148.734035,58.878149,199851.788052,96.831429,487.787423,-23.128136,487.697248,-143.098813,486.441399,60.000011,-0.073796,1,8
2.233000,-61.063581,200533.161941,178.892377,200192.038674,58.885433,200501.203217,96.892378,489.931977,-23.125406,489.903734,-143.167936,489.012372,59.994704,0.040074,1,8
2.267000,-61.065948,200150.982110,178.952200,199938.404377,58.901677,199973.253442,96.886172,487.228749,-23.061025,482.978778,-143.081827,492.295969,60.002481,0.014443,1,8
2.300000,-61.067114,199859.880209,178.957430,199819.867491,58.904222,199975.719597,97.001837,486.804169,-23.172718,483.129171,-143.178231,486.989017,59.997374,0.011277,1,8
2.333000,-61.028404,199823.543366,178.928419,199802.611776,58.877171,199801.764398,96.824816,487.478848,-22.899664,484.693603,-143.197654,483.897004,60.002268,0.003096,1,8
2.367000,-61.100896,200123.397417,178.918392,199918.964560,58.906062,199991.794284,96.713164,487.475222,-22.825214,487.817042,-142.887020,486.488084,59.997909,0.036768,1,8
2.400000,-61.145543,199697.244018,178.942325,200171.256657,58.997410,199781.373042,96.767887,487.908870,-23.099092,485.021582,-142.990173,486.938470,60.002497,0.116906,1,8
2.433000,-61.068627,200079.828266,178.962738,200040.498165,58.958441,200103.411379,96.759832,493.139684,-22.929909,488.196541,-143.060283,484.005753,60.003202,-0.021837,1,8
2.467000,-61.081776,200091.888186,178.987811,200180.089399,58.843137,199604.793016,96.958858,487.774699,-23.069490,487.158161,-143.356760,484.776674,60.002383,-0.028831,1,8
2.500000,-60.962852,200018.197081,178.944937,200402.305054,58.889328,199809.509382,97.027246,486.868707,-23.226788,486.253858,-143.178268,489.305125,60.002777,-0.113742,1,8
2.533000,-61.018967,200145.899440,178.919503,200871.659894,58.899349,200053.032995,96.804913,488.486700,-23.142883,487.895279,-143.114271,485.619037,59.998082,0.030017,1,8
2.567000,-61.048102,200631.626952,178.840889,200050.199618,58.980723,200048.460952,96.980443,485.758863,-23.235389,484.372356,-143.124965,488.804082,59.998943,-0.031335,1,8
2.600000,-61.059240,200575.257687,178.923981,200186.168296,58.975831,199491.019461,96.903270,487.153244,-23.056479,492.024282,-143.089251,488.906175,59.996743,0.043459,1,8
2.633000,-61.045513,199663.225226,178.900313,200136.933425,58.878978,200547.709726,97.000827,485.903520,-23.105316,488.985664,-143.134494,488.417617,60.000552,-0.013068,1,8
2.667000,-61.141838,199605.302002,178.946788,200293.172777,58.864068,200331.406884,96.775401,490.562833,-23.133913,487.896777,-143.148185,487.385304,59.998208,-0.003073,1,8
2.700000,-61.137585,199382.477634,178.909573,199944.607760,58.829996,200207.508305,96.752998,489.277155,-23.131816,483.861030,-143.274725,482.899897,59.999001,-0.095688,1,8
2.733000,-61.068574,200196.243829,178.864292,199782.814693,58.898514,199825.194892,96.738118,485.115329,-23.104658,481.255159,-143.156938,483.464620,59.995353,0.023241,1,8
2.767000,-61.204384,200030.905770,178.848958,200008.405347,58.874147,200008.624919,96.548771,482.863051,-23.273509,490.329678,-143.048794,482.508868,60.001344,0.085504,1,8
2.800000,-61.092272,200311.025417,178.890363,200064.358959,58.901365,199815.090145,96.851284,484.253710,-23.233200,483.887988,-143.240098,487.808991,59.998721,-0.000191,1,8
2.833000,-61.055863,200175.755815,178.925691,200050.557623,58.887704,199584.931638,96.875291,491.342242,-23.075414,494.112297,-143.140609,487.993108,60.001572,-0.035562,1,8
2.867000,-61.144401,199879.512092,178.888568,199550.804779,58.906158,199820.790938,96.769696,485.755824,-23.079281,489.393140,-143.114416,486.132144,59.996121,-0.070615,1,8
2.900000,-61.163866,200403.067556,178.879066,200060.908146,58.938013,199585.826945,96.644104,488.779987,-23.195267,486.315302,-142.995254,485.361947,59.996929,0.088743,1,8
2.933000,-61.044069,199713.380264,178.752971,199946.369311,58.933162,199615.087211,96.852117,487.143213,-23.291083,488.795874,-143.097568,488.023908,60.003042,-0.011632,1,8
2.967000,-61.101249,199457.567325,178.771628,199857.080752,58.893179,200040.723765,96.843508,490.551140,-23.155146,480.468319,-142.991346,484.985222,59.995888,-0.007440,1,8
3.000000,-61.130583,199694.975749,178.914026,199570.535803,58.892066,200573.447753,96.835306,487.758262,-22.915100,490.645968,-143.143621,487.136568,60.001491,0.102310,1,8
3.033000,-61.062232,199909.348990,178.876881,200508.372964,58.827159,199813.825439,96.889152,490.781898,-23.295331,490.189857,-143.146428,484.963073,60.001032,0.003565,1,8
3.067000,-61.149674,199680.495297,178.926806,199761.478804,58.866405,200089.192995,96.742659,487.367386,-23.102395,482.822280,-143.126009,487.199154,60.002178,-0.054573,1,8
3.100000,-61.166800,199565.216918,178.953905,200251.125142,58.815331,199927.912078,96.853234,492.194601,-23.063899,483.526514,-143.412333,488.759474,59.996728,-0.044988,1,8
3.133000,-61.145166,199682.031716,178.855855,199562.729926,58.921391,200062.584234,96.957046,485.450862,-23.148087,488.107084,-143.129979,491.546738,59.997650,0.041535,1,8
3.167000,-61.098083,199862.132436,178.909846,200068.730704,58.859629,199745.574972,96.879865,489.319677,-23.127166,489.570074,-143.173035,487.498822,59.999891,0.038844,1,8
3.200000,-61.076029,199823.278394,178.894174,200053.989126,58.961816,199481.349045,96.803770,482.920029,-23.074982,486.396619,-143.067035,490.237391,60.000587,-0.062219,1,8
3.233000,-61.152940,199478.355707,178.857212,199827.434957,58.859575,199320.071030,96.772318,485.645881,-23.284662,485.666565,-143.176250,490.738427,59.995606,-0.024225,1,8
3.267000,-61.048013,199839.754812,178.951341,199923.905995,58.780844,199898.990351,96.952980,484.192547,-23.018450,487.827984,-143.282295,488.478777,59.996519,0.023285,1,8
3.300000,-61.024060,199789.096056,178.881177,199698.781035,58.827472,199975.413948,97.069373,486.012768,-23.198515,487.189525,-143.222965,480.601843,59.997542,0.088417,1,8
3.333000,-61.112654,200399.035338,178.883820,200177.874296,58.991255,199651.387034,96.788685,488.774378,-23.146992,490.490329,-142.933527,481.825641,60.002304,0.040888,1,8
3.367000,-61.025361,199935.317314,178.962955,199667.608957,58.859826,200004.603260,97.148317,482.471890,-23.104512,482.298303,-143.320006,485.126364,60.000052,-0.047871,1,8
3.400000,-61.056544,200290.876295,178.957022,200247.536352,58.973227,200117.588073,96.937728,484.781618,-23.033116,487.781957,-142.914709,485.830322,59.998066,0.010529,1,8
3.433000,-61.119753,200142.611573,178.934549,199921.836503,58.906234,199541.295599,96.916376,485.222391,-22.926627,485.544070,-143.058059,485.948829,59.998260,0.042788,1,8
3.467000,-61.037451,199455.920223,178.793207,199715.420061,58.907457,200298.504652,96.971103,484.055574,-23.199089,483.102477,-142.913128,486.328138,60.000733,0.012363,1,8
3.500000,-61.061888,199582.389710,178.988698,199795.721112,58.934601,199889.760343,96.856693,484.973299,-22.981395,489.629405,-143.103807,484.084532,59.997745,0.042029,1,8
3.533000,-60.977891,199740.822644,178.923503,199726.031407,58.955789,199602.489014,96.848037,487.187354,-23.050002,484.934542,-143.116379,490.482218,60.003805,0.023838,1,8
3.567000,-61.007500,200106.879328,179.002213,199935.231851,58.879137,199554.398919,97.031339,488.001501,-22.913969,479.120668,-143.131566,490.857289,59.999400,-0.041413,1,8
3.600000,-61.079039,200087.361647,178.921093,199990.087538,58.961095,200687.597188,96.869477,490.608115,-23.074750,487.021738,-143.321797,490.595797,59.999681,0.031552,1,8
3.633000,-61.181408,199953.723899,178.944136,199860.962453,58.876922,199984.833187,96.605235,489.902242,-23.120763,486.807547,-143.116830,488.943857,60.000931,-0.011900,1,8
3.667000,-61.075993,200133.487440,178.916441,200071.656419,58.905300,200502.620375,96.759946,487.663744,-23.145358,489.465943,-143.133431,493.494173,59.998830,-0.038907,1,8
3.700000,-61.203748,199600.981355,178.956292,200231.608930,58.891499,199695.207212,96.504000,488.640857,-23.060072,485.863827,-143.066972,487.679418,59.997745,0.006821,1,8
3.733000,-61.125994,199511.900372,178.871655,200301.317549,58.889728,199484.424619,96.908826,479.492292,-23.158083,489.257942,-143.230202,489.521002,60.000582,0.017345,1,8
3.767000,-61.086338,200098.706093,178.902443,200050.872543,58.928994,199750.608068,96.794747,480.339484,-23.151322,488.440716,-143.150674,484.080002,59.999169,-0.070828,1,8
3.800000,-61.074380,199354.049122,178.874844,199473.964053,58.835523,199411.002280,96.838274,488.889879,-22.987094,486.685564,-143.148123,489.734165,59.996771,-0.016814,1,8
3.833000,-61.109027,199940.958029,178.855524,199810.560313,59.013613,199525.154279,96.811249,485.701400,-23.203988,493.628102,-142.998393,485.432438,59.996851,-0.055815,1,8
3.867000,-61.164082,199706.001974,178.866212,200271.478745,58.932695,200403.086552,96.842556,483.849792,-23.137242,489.718508,-143.130517,485.175872,59.993772,-0.036406,1,8
3.900000,-61.093659,199534.321236,178.925788,199792.350265,58.903129,200273.469675,96.850412,485.242164,-23.186332,486.330035,-143.015328,488.890107,59.997825,0.065534,1,8
3.933000,-61.086781,199610.782060,178.832761,199771.419483,58.916063,200061.236477,96.814443,486.848091,-22.953329,487.941670,-143.029471,485.619559,59.995523,0.006804,1,8
3.967000,-61.046829,200072.278183,178.857619,199249.708670,58.885505,199659.515337,97.014122,488.981305,-23.102558,480.918183,-143.056827,490.546840,59.998778,-0.074109,1,8
4.000000,-60.964545,199512.707527,178.969909,199502.468233,58.859162,199594.487630,97.009558,489.518937,-23.149671,492.666911,-143.271400,489.654912,59.990286,-0.051573,1,8
4.033000,-61.124020,199565.421100,178.893606,200163.504658,58.928759,199440.676050,96.832652,486.880929,-23.085943,486.598377,-143.121350,482.170724,59.998061,0.113847,1,8
4.067000,-61.084090,200100.742668,178.893068,200270.940489,58.856433,200336.234164,96.949046,487.241858,-23.132794,480.880014,-143.392454,485.956008,59.995217,0.049713,1,8
4.100000,-61.137300,199697.249784,178.958384,199722.502212,58.878784,200136.051327,96.951319,486.362347,-23.063754,490.057770,-143.239909,488.145111,60.000219,0.056495,1,8
4.133000,-61.022967,199668.731925,178.870967,199994.280528,58.966308,199822.054009,96.797163,485.895061,-23.360256,485.013020,-143.094097,486.182727,59.999463,0.015851,1,8
4.167000,-61.072992,199950.664784,178.952677,199890.240901,58.896640,199772.746530,96.796270,493.169423,-23.020673,483.020714,-143.062387,491.343108,60.002293,-0.062772,1,8
4.200000,-61.108203,199820.348151,178.892442,199873.571865,58.907188,199851.554881,96.808717,487.818117,-23.171439,492.586640,-143.273231,483.479658,59.997619,-0.088608,1,8
4.233000,-61.109455,199803.724209,178.944843,199969.430112,58.879870,200195.353089,97.013735,493.084892,-23.347933,481.151447,-143.153922,486.128076,59.995679,-0.065121,1,8
4.267000,-61.082493,199701.094594,178.929254,199862.777909,58.873666,200376.415900,96.851749,480.982004,-23.074291,490.132610,-143.008105,487.610709,59.994419,0.012544,1,8
4.300000,-61.044571,199698.268295,178.871225,199783.716125,58.900093,199807.727762,96.873717,486.705336,-23.175129,481.038233,-143.214090,490.784867,59.996948,-0.020372,1,8
4.333000,-61.073142,199839.082290,178.989906,199581.598476,58.895228,199760.265283,96.843978,488.422472,-23.133510,491.110578,-143.078535,487.510220,59.992486,0.075432,1,8
4.367000,-61.008119,198833.911856,178.890408,200165.348900,58.891655,199521.631627,97.017845,482.184574,-23.191617,483.627251,-143.078075,487.363373,60.000206,0.113344,1,8
4.400000,-61.163179,200051.855592,178.988080,199941.153476,58.873404,199296.266490,96.787686,482.566692,-23.141533,477.795389,-143.072089,491.200074,60.001407,-0.053877,1,8
4.433000,-61.054978,199511.110102,178.916075,200156.676322,58.918386,199935.775436,97.018270,493.388956,-23.160366,490.753533,-142.920307,489.640768,59.997916,-0.038396,1,8
4.467000,-61.106396,199686.530398,178.956696,198948.325199,58.929730,200048.388725,96.940528,480.566856,-23.022864,489.220241,-143.010243,487.199064,59.997506,0.019903,1,8
4.500000,-60.999494,199767.609459,178.949588,199651.052478,58.968384,199707.978356,96.942399,487.550282,-23.183252,486.920846,-143.059191,485.167199,59.997334,0.013770,1,8
4.533000,-61.075089,199738.456173,178.962844,200184.303230,58.978369,199912.864150,96.948760,486.499188,-23.072646,486.863653,-143.103399,482.608477,59.996658,0.005443,1,8
4.567000,-61.042763,200111.705500,178.894541,199686.066588,58.945992,199863.594941,96.905221,488.088337,-23.268559,485.279529,-142.982938,484.902950,59.997305,0.043871,1,8
4.600000,-61.224897,200413.480244,178.894419,199646.231640,58.934226,199708.461035,96.553357,486.860007,-23.116165,488.221674,-143.131089,484.376650,59.998793,0.080304,1,8
4.633000,-61.043585,200054.066206,178.913997,200106.288462,58.836038,200011.308321,97.050433,483.107979,-23.249976,487.504609,-143.090647,488.159538,60.002030,-0.057114,1,8
4.667000,-61.044171,199996.722148,178.978708,199894.479197,58.988230,199314.327991,96.797333,488.790949,-23.073719,489.567797,-143.009644,493.364866,59.996876,-0.178456,1,8
4.700000,-61.059588,199595.295297,178.818008,199988.189376,58.883903,199566.880156,96.916934,489.493284,-23.202899,488.184064,-143.084842,481.173363,59.991793,0.000301,1,8
4.733000,-61.126440,200243.020423,178.914015,200083.331582,58.895506,199171.838623,96.888698,489.855220,-23.101085,486.344256,-143.151831,487.252317,59.997653,0.101575,1,8
4.767000,-61.082714,199693.776409,178.803138,200396.525421,58.888713,199785.966680,96.772507,485.292762,-23.176705,482.445898,-143.179448,481.914327,59.998740,-0.037747,1,8
4.800000,-61.042261,199755.970965,178.964683,199768.912811,58.832291,199540.583286,96.902254,490.664479,-22.963338,493.712533,-143.076787,490.720355,59.995933,0.064812,1,8
4.833000,-61.158702,199663.027739,178.898838,200109.671352,58.841473,199116.102225,96.698721,479.856373,-22.932932,486.566923,-143.006690,483.058340,60.004760,0.076993,1,8
4.867000,-61.048314,199324.817311,178.902830,199835.665660,58.876815,200005.529038,96.885630,487.758186,-23.271429,488.817861,-143.104541,485.490907,59.999746,0.008992,1,8
4.900000,-61.012325,200164.989572,178.913090,199616.816662,58.998347,199552.114256,96.969517,483.951097,-23.217039,483.386709,-143.123391,487.557862,60.004291,-0.082273,1,8
4.933000,-61.115764,199386.244048,178.848978,199554.951435,58.942789,199854.688456,96.798008,487.721117,-23.191086,486.247118,-143.134982,487.476856,59.995219,-0.073374,1,8
4.967000,-61.079055,199909.067479,178.927932,199900.375896,58.850108,200142.168641,97.024817,487.218316,-23.027149,482.630296,-143.118274,487.356722,59.998976,-0.025339,1,8
5.000000,-61.057720,199763.610931,178.992807,199692.540618,58.890260,199456.478834,96.815653,490.975397,-23.165865,486.184734,-143.340264,491.796739,59.993601,0.045311,1,8
5.033000,-61.087694,199397.045923,178.862310,199813.865400,58.954735,199800.800542,96.979847,478.589502,-23.156073,486.872160,-143.127644,490.037627,60.001565,0.107098,1,8
5.067000,-61.107091,199655.915819,178.910751,200106.688939,58.925216,199672.095647,96.863307,486.209452,-23.277438,486.547693,-143.186171,491.091978,59.998861,-0.068375,1,8
5.100000,-61.107840,199954.351071,178.848282,199653.276222,58.937420,199470.662317,96.812409,490.673505,-23.008085,481.220697,-143.115566,490.893838,59.997017,-0.073445,1,8
5.133000,-61.031366,199931.878993,178.947722,199797.940652,58.965739,200106.756857,96.937297,486.066028,-23.010309,489.759518,-142.968520,484.283516,59.993259,0.022407,1,8
5.167000,-61.018348,199628.365991,178.892779,200313.303653,58.930316,199995.550295,97.078536,488.514844,-23.078451,486.368470,-143.249583,489.740118,59.996259,0.028766,1,8
5.200000,-61.121138,200305.209690,178.926009,200417.860508,58.966571,199364.531817,96.941069,485.563446,-23.084157,489.433792,-143.069718,488.260172,59.993098,0.017962,1,8
5.233000,-61.068298,199502.820440,178.965353,199565.788313,58.886821,199362.559333,96.825704,484.262729,-22.931963,484.838808,-143.115510,489.019521,59.996172,0.028461,1,8
5.267000,-61.119602,199813.570749,178.965458,199971.698415,58.904615,199859.901322,96.812702,488.214226,-22.916444,486.035332,-143.127628,485.295528,59.994728,0.002184,1,8
5.300000,-61.128128,200151.557644,178.911070,200026.171330,58.913756,199605.445599,96.781485,477.375423,-23.140651,485.992856,-143.112247,484.216642,59.998043,-0.039014,1,8
5.333000,-61.144610,199606.361088,178.907923,199725.635333,58.923207,199969.169209,96.830487,481.811654,-23.209019,489.768546,-143.160054,484.167664,59.990717,-0.073527,1,8
5.367000,-61.073970,199786.700067,178.940811,199742.428330,58.928266,199695.758154,96.924070,485.221973,-23.096883,485.083995,-143.082904,488.802417,59.991489,0.028265,1,8
5.400000,-61.079293,199747.305906,178.963915,200192.485765,58.960022,200002.207141,96.869967,486.223084,-23.000368,480.647115,-143.059655,488.553287,59.993632,-0.036016,1,8
5.433000,-61.113742,199291.857807,178.905774,200149.694703,58.988389,199951.680472,96.936368,491.347509,-23.182476,483.939227,-143.050745,480.262326,59.989846,0.095195,1,8
5.467000,-61.088113,199745.963363,179.022970,199629.187267,58.889895,199197.266716,96.913317,481.259542,-23.082828,485.886722,-143.188476,484.199691,59.997778,0.199584,1,8
5.500000,-61.094969,200266.390739,179.029232,200077.975426,58.874809,199646.047581,96.746775,487.778025,-22.977773,484.819848,-143.227621,479.963362,59.998711,0.007083,1,8
5.533000,-61.127830,199984.784759,178.896057,200112.368565,58.848828,199383.366341,96.808137,486.897649,-23.107648,488.186304,-143.011890,485.096633,59.998225,-0.055225,1,8
5.567000,-61.017535,199730.980850,178.915088,199753.749252,58.894478,200156.678764,96.886174,482.790384,-23.171687,482.910256,-143.139969,486.951163,59.996454,0.003129,1,8
5.600000,-61.133842,200053.480688,179.011804,200071.661592,59.097307,199889.549336,96.679162,483.806832,-23.018040,485.244033,-142.871026,489.648776,59.997441,0.075696,1,8
5.633000,-61.059368,200021.512791,178.880910,200365.218011,58.938275,200294.412486,96.952884,480.658236,-23.002045,484.927213,-143.002435,490.140175,60.000191,0.065248,1,8
5.667000,-61.063695,199735.725718,178.875704,200132.736723,58.968302,199409.023557,96.771750,485.487056,-22.960506,487.507401,-143.065312,490.998000,60.002183,-0.085274,1,8
5.700000,-61.051432,199897.037359,179.000008,199601.952352,58.972391,199272.104510,97.030204,484.016882,-23.185678,487.012444,-142.986237,488.103405,59.995589,0.004209,1,8
5.733000,-61.047305,200063.200623,179.064462,199881.425666,58.973594,199571.469975,96.927435,484.593930,-22.924799,490.059073,-143.052426,486.755613,60.002064,0.036633,1,8
5.767000,-61.125381,200360.855267,178.958180,199470.052452,58.982618,199670.902714,96.798019,487.771797,-23.120523,485.343084,-142.989518,481.638777,59.998551,-0.112272,1,8
5.800000,-60.967667,200045.613800,178.911956,199918.983614,58.882987,199301.966852,97.054301,481.889018,-23.079592,489.507187,-143.084249,482.462658,59.993417,0.023388,1,8
5.833000,-61.094058,199708.398417,178.978368,200005.991600,58.949454,199773.725673,96.818147,487.620218,-23.120619,487.804794,-143.165902,491.257433,60.003267,0.018802,1,8
5.867000,-61.012709,199473.392266,178.900411,199579.936633,58.976129,199760.212696,96.861855,486.684111,-23.046406,483.593469,-143.077402,482.987491,59.995237,-0.113922,1,8
5.900000,-61.098406,199266.205530,178.903371,200371.426098,59.015445,199239.458251,96.824259,483.735672,-23.233824,485.442521,-143.096331,491.388042,59.995214,-0.002208,1,8
5.933000,-61.101390,200305.041203,178.778663,200118.786165,58.972995,199939.419445,96.913910,486.321514,-23.282007,483.906908,-143.029986,485.613493,59.994568,0.092560,1,8
5.967000,-61.053930,199330.669233,178.905763,199912.250602,58.929265,199438.621441,96.878679,490.677351,-23.185158,484.452127,-143.071403,484.867616,60.000759,-0.011233,1,8
6.000000,-61.149248,199700.534060,178.901537,199870.014220,58.928620,199733.856227,96.847217,484.642507,-23.217865,489.516434,-143.084512,488.223309,59.994072,-0.026015,1,8
6.033000,-61.100208,200024.163893,178.991082,200156.128414,58.965857,199860.029305,96.819534,480.783323,-23.149354,487.710010,-143.021133,487.100134,60.000283,0.021321,1,8
6.067000,-61.101850,199881.212206,178.966941,199546.709614,58.859566,199891.876771,96.899889,487.359879,-23.079213,482.850805,-143.128154,484.049813,59.996147,-0.159153,1,8
6.100000,-60.972400,199601.264578,178.922136,200027.750118,58.989047,200187.877850,97.003140,486.926381,-23.334441,486.902347,-142.969592,486.621563,59.990470,0.040608,1,8
6.133000,-61.037577,199712.324921,178.914913,199899.407069,58.954230,199961.061747,96.965785,486.115319,-22.994012,486.435207,-143.225022,483.278364,59.996214,0.117074,1,8
6.167000,-61.105214,199488.063514,178.932672,199933.834576,58.899722,199399.896835,96.717472,488.259388,-23.055867,482.906789,-143.231300,487.929925,59.997185,0.054323,1,8
6.200000,-61.040189,200113.155251,178.950366,200089.916062,58.954487,199439.782558,96.914451,482.000506,-22.956508,488.635935,-143.086842,485.260702,59.999848,-0.115153,1,8
6.233000,-61.199838,200165.987432,178.837306,199863.441164,58.985757,200363.117706,96.829795,484.517792,-23.279714,488.150554,-143.099804,479.995044,59.991125,-0.015249,1,8
6.267000,-61.097069,199456.726170,178.920058,199513.638408,58.954779,199556.615052,96.854107,484.015073,-23.107543,480.639597,-143.072752,481.144101,59.999200,0.099492,1,8
6.300000,-61.067140,199565.219698,178.963405,199984.716374,58.833005,199127.614058,96.869164,486.044125,-23.009117,480.651594,-143.287462,485.956219,59.996454,-0.103171,1,8
6.333000,-61.116000,199434.961449,178.976588,200158.469694,58.917358,199514.422826,96.749569,486.065409,-23.047761,484.675291,-142.912591,484.684881,59.992754,0.064606,1,8
6.367000,-61.183167,199709.446831,178.905098,200199.060822,58.954755,200235.864864,96.991927,486.569384,-23.266914,483.627111,-143.161784,482.095670,59.999887,0.049919,1,8
6.400000,-61.141621,199523.531234,178.925123,199913.621337,58.974567,200145.559753,96.856647,490.278333,-23.189685,485.118423,-143.039124,484.897274,59.995315,-0.079952,1,8
6.433000,-61.113655,199722.289114,178.959305,199486.512406,58.866492,199252.975612,96.896046,492.820228,-23.164262,488.499364,-143.246795,484.513491,59.997833,0.056977,1,8
6.467000,-60.968405,199441.173187,178.965983,199577.542912,58.917747,199454.018490,97.012292,487.310522,-23.099638,482.910968,-143.098855,484.212823,59.998040,0.077130,1,8
6.500000,-61.015954,199606.089511,178.929187,199471.463261,58.952084,199534.155415,96.959012,482.389985,-23.129012,488.211636,-143.127525,483.639432,60.003793,-0.011480,1,8
6.533000,-61.089384,199748.246279,178.892503,199751.955087,58.897793,199421.109185,96.812589,486.295242,-23.058262,486.123473,-143.113035,481.512585,59.996391,-0.200225,1,8
6.567000,-61.038763,199858.405172,178.848396,200338.907356,58.928424,199785.946959,97.026709,483.762229,-23.246400,489.137772,-143.233156,489.609766,59.990877,0.020156,1,8
6.600000,-61.134858,199720.664995,178.959446,200224.964997,58.880760,199557.209726,96.780356,487.425862,-23.034229,487.253638,-143.062125,483.857791,59.998216,0.164814,1,8
6.633000,-61.107332,199832.953991,178.948551,199680.341074,58.864160,199647.149197,96.878965,485.352081,-22.949117,484.535758,-143.170173,489.662360,60.002642,0.036341,1,8
6.667000,-61.085338,199596.206630,178.853819,199749.338758,59.020273,199870.491574,97.116882,486.755834,-23.266736,484.226800,-142.991226,483.164528,59.999796,-0.184706,1,8
6.700000,-61.058488,199662.404817,178.967799,200087.339451,58.962696,198944.858504,96.880409,486.363349,-22.953531,485.869304,-142.901630,487.070175,59.993329,-0.057150,1,8
6.733000,-61.103515,199446.115049,178.924098,199475.599796,58.920637,200081.797301,96.807380,479.441171,-23.125339,487.552444,-143.089458,489.355916,59.996879,0.036695,1,8
6.767000,-61.109968,200090.855514,178.905931,199352.561654,58.885070,199280.241212,96.776600,484.244928,-23.108674,486.258326,-143.053919,480.960569,59.997436,0.012843,1,8
6.800000,-61.152841,199189.710344,178.874864,199905.475623,58.908086,200016.768047,96.801847,481.108850,-23.192645,484.927308,-143.135735,486.640143,59.998093,-0.013922,1,8
6.833000,-61.069120,199192.063043,179.080074,200013.456138,58.889005,199454.086708,96.776056,483.197167,-23.047321,477.337704,-143.265618,486.370543,59.998796,0.025207,1,8
6.867000,-60.991376,199075.406370,178.959645,199975.482951,58.937362,200188.945385,96.925186,483.821637,-22.974245,481.494898,-143.159523,487.415689,60.000200,0.071065,1,8
6.900000,-61.088919,200001.922699,178.983868,199972.213765,58.992824,199831.503376,96.879195,483.395543,-23.015443,482.850136,-143.141078,484.962111,60.003682,-0.064459,1,8
6.933000,-61.135314,200132.218895,178.875764,199953.601402,58.976649,199781.561413,96.871166,486.973602,-22.964965,486.630058,-143.019833,485.665352,59.993666,-0.137190,1,8
6.967000,-61.129824,199662.945699,178.936465,199268.595071,58.961917,199965.026161,97.009350,488.567848,-23.093706,484.166063,-143.070268,485.544052,59.996782,0.069633,1,8
7.000000,-61.013784,199782.121857,179.057408,199615.238213,58.950137,199976.154376,97.006157,476.460429,-23.088883,487.338700,-143.121770,487.648364,59.997616,-0.013544,1,8
7.033000,-61.025678,199501.671109,178.980561,199951.452160,58.874863,199985.804546,96.955570,488.456951,-22.976878,486.038348,-143.112970,475.493299,59.993965,0.031791,1,8
7.067000,-61.118045,199889.908595,178.878116,200160.235380,58.889749,199889.454915,96.905562,484.019520,-23.306181,484.933622,-143.169406,488.719985,59.996791,0.029673,1,8
7.100000,-61.031742,199750.547759,179.002314,199432.035735,58.924233,199418.234140,96.969280,488.009617,-22.906714,488.211256,-143.009223,488.846337,59.995314,0.014362,1,8
7.133000,-61.076190,199692.115109,178.862686,199944.843921,58.900155,200113.774870,96.764930,487.808733,-23.007846,478.394658,-143.074712,486.272144,59.996798,-0.015365,1,8
7.167000,-61.076893,200082.011818,178.934525,200065.990250,58.888051,199745.313752,96.833737,480.781293,-23.049617,484.630724,-143.113948,486.666192,59.993050,0.058316,1,8
7.200000,-61.028553,199558.389672,178.865038,199379.422839,58.987122,199526.820518,96.836909,487.591708,-23.128154,488.141515,-143.125739,491.846003,60.002406,0.116660,1,8
7.233000,-61.036824,199616.123833,178.915663,199914.075955,58.906624,200066.504495,96.954530,485.917722,-23.172199,485.659084,-143.030519,485.798417,60.002032,-0.003642,1,8
7.267000,-61.026733,199665.625062,179.003314,199945.079245,58.988285,199527.168349,96.948437,487.667876,-22.947850,482.934562,-143.055689,486.818477,60.002100,0.020386,1,8
7.300000,-61.013785,200174.652450,178.898371,200249.632966,59.004599,200148.868539,96.994584,482.665894,-23.102344,487.490326,-143.074707,486.841845,60.003511,-0.115474,1,8
7.333000,-60.990709,199815.996955,179.014383,199620.242991,58.857775,199834.312400,96.755929,488.239268,-23.076325,484.731454,-143.048168,491.568589,59.993515,-0.158234,1,8
7.367000,-61.151290,199859.853420,178.877074,199850.573896,58.992793,199477.579881,96.681052,483.906755,-23.199554,483.850157,-143.047660,485.148678,59.994296,0.072687,1,8
7.400000,-61.036535,200099.861240,178.897495,200418.728104,58.929290,199729.776181,96.812996,480.933191,-23.088602,485.053448,-143.232832,486.423370,59.996920,0.039761,1,8
7.433000,-61.026867,200206.795599,178.992930,199340.503120,58.969794,199221.406861,96.755831,486.612195,-22.913962,488.842602,-143.106243,480.146606,59.998493,0.109670,1,8
7.467000,-61.122183,200215.833319,179.009435,199650.566725,58.865544,199654.617266,96.878747,483.551888,-22.948470,491.802884,-143.067909,482.126586,60.001708,-0.011389,1,8
7.500000,-61.061533,200085.101799,178.975009,200186.187986,58.860495,199650.700340,97.114425,487.351983,-23.100171,489.822849,-143.252609,482.218437,59.996478,-0.092487,1,8
7.533000,-60.964439,199816.468940,178.874795,200122.058539,58.925392,199827.280757,96.932874,485.373261,-23.218708,485.007848,-143.129400,485.689208,59.995832,-0.024626,1,8
7.567000,-61.098865,199580.966910,178.979277,200463.761404,58.939589,199944.105848,96.850889,482.715430,-23.142237,485.430624,-143.224718,488.324389,59.992891,0.035302,1,8
7.600000,-60.953434,199846.965281,178.946365,199970.111402,59.009508,199620.378677,97.042091,483.701392,-23.033744,488.178429,-143.147064,489.618565,59.999371,0.077058,1,8
7.633000,-61.064583,199786.086735,178.898930,199962.002746,58.969892,200010.696930,96.914823,483.950873,-23.186365,485.467424,-143.125196,483.659716,59.999768,-0.020225,1,8
7.667000,-61.071681,199692.663427,178.855676,199447.539845,58.894699,200450.742662,96.925296,487.538541,-23.341128,487.255709,-143.217170,487.232918,59.998845,0.043836,1,8
7.700000,-61.068347,199392.169248,178.881426,199631.514448,58.980293,199904.521169,97.011805,487.786969,-23.155186,486.122275,-142.968978,482.911265,60.003261,0.051424,1,8
7.733000,-60.999241,199656.137726,179.019664,199982.874356,58.968254,199688.364877,96.930517,483.321554,-22.956470,488.736351,-143.033271,487.867760,60.001728,-0.028578,1,4
7.767000,-61.066040,200284.363370,178.987501,199685.808271,59.000495,199871.394663,96.826674,478.391339,-22.909758,481.835867,-143.090409,483.967143,59.999122,0.017538,1,4
7.800000,-60.981723,199968.780173,178.979204,199720.478675,59.006919,200063.708865,97.099060,486.141445,-23.083639,490.601211,-143.089297,480.891626,60.000800,0.008545,1,4
7.833000,-61.002658,199606.849423,178.956690,199795.824590,58.927326,199372.982141,96.971997,485.820805,-22.997650,485.623025,-143.025765,483.286098,59.998879,-0.008548,1,4
7.867000,-61.057340,200137.307709,179.012634,199316.107926,58.939569,199768.194647,97.066379,486.717609,-22.862329,482.798319,-143.118212,481.905540,59.997202,-0.030729,1,4
7.900000,-61.066771,199931.847904,178.936038,199988.849819,58.846966,199321.455967,96.872068,487.442278,-23.171071,483.143281,-143.137681,479.877680,59.996823,-0.031680,1,4
7.933000,-60.994509,200668.068430,178.900694,200043.661611,58.985921,199694.171996,97.066028,487.429298,-23.045310,480.876429,-143.044051,484.320030,59.997193,0.086212,1,4
7.967000,-61.079814,200222.023884,178.863520,200172.332893,58.876398,199758.286182,96.857042,485.911293,-23.113206,481.101154,-143.172704,483.459377,60.002905,0.090535,1,4
8.000000,-61.103924,200728.977921,178.983235,200511.979735,58.973514,199771.761241,96.799292,483.973897,-22.997944,487.081894,-143.003786,483.095675,60.002135,0.046782,1,4
8.033000,-61.033569,200127.729262,178.950106,200064.133264,58.973442,199743.225458,96.816257,479.620231,-23.068873,483.208615,-142.982010,486.055931,60.004682,-0.043469,1,4
8.067000,-61.037110,199871.355211,179.019492,200156.300893,58.953326,199738.489623,96.965637,487.278627,-23.086364,482.801399,-143.093017,487.813946,59.999471,-0.026475,1,4
8.100000,-61.112773,199469.711291,178.899920,199788.299131,58.956321,200089.247741,96.777799,484.509347,-23.104136,482.285911,-142.980816,487.977568,60.001868,0.104170,1,4
8.133000,-61.014943,199654.876158,178.935997,200281.241799,58.957087,199541.748776,96.945231,486.412135,-23.126759,483.497699,-143.005770,480.893079,60.003321,0.078023,1,4
8.167000,-61.062531,200099.447077,178.946376,199699.532487,58.936614,199408.902750,97.017906,487.341018,-23.070106,484.779567,-143.171334,483.419211,60.006556,0.039971,1,4
8.200000,-61.049211,199825.402352,178.904360,200017.590910,58.946021,199993.009729,96.823574,483.835325,-23.138694,483.542048,-143.030716,482.893570,60.003221,-0.055599,1,4
8.233000,-61.004357,199843.099503,178.895461,200229.371713,59.073577,200210.681206,96.976204,484.028768,-23.107301,486.249478,-143.080737,478.297536,60.003465,-0.111259,1,4
8.267000,-61.101680,200020.503357,178.980608,200074.629175,58.924935,199702.383162,96.750894,486.542515,-23.062559,489.416643,-143.063341,481.742530,59.997542,-0.091412,1,4
8.300000,-61.031564,199952.330702,178.973164,200659.462875,58.933488,200035.316110,96.839781,487.945236,-23.031956,485.525516,-143.088895,481.278121,59.997904,0.058843,1,4
8.333000,-61.076324,199993.473715,179.007003,200300.611993,58.965449,200283.702107,96.823293,480.013081,-23.089637,484.436006,-142.923735,482.500231,60.000193,0.043447,1,4
8.367000,-61.082209,199361.527624,178.990538,199956.501244,58.955837,199642.667219,96.758647,483.585152,-23.116011,486.679650,-143.041627,484.008981,60.001337,0.097111,1,4
8.400000,-60.976601,200120.948553,178.937135,200607.318449,58.988274,200545.691156,96.892187,478.399923,-23.062590,480.617957,-143.134113,488.965678,60.005771,0.002254,1,4
8.433000,-61.064439,200297.860097,178.880283,199800.086620,58.845515,200331.810846,96.993413,483.576538,-23.073383,480.306055,-143.347118,483.784420,60.001215,0.075195,1,4
8.467000,-61.066799,199400.488593,178.878146,199949.084845,58.876695,199562.807076,96.965637,483.431752,-23.125037,483.963145,-143.131221,488.382796,60.008697,0.076770,1,4
8.500000,-61.133522,200000.039819,178.840776,200393.911585,58.924022,200332.402421,96.798968,484.128692,-23.110602,477.585797,-143.137444,489.479880,60.005372,-0.122511,1,4
8.533000,-61.034072,199838.920816,178.865341,199547.176873,58.961443,200385.204675,96.880163,480.028296,-23.199600,484.897046,-143.002103,483.539451,60.000771,-0.003371,1,4
8.567000,-61.084521,199879.069704,178.897700,199697.431277,59.001383,200161.111745,96.933045,483.880694,-23.035892,483.722815,-142.903191,484.460185,60.002721,0.050944,1,4
8.600000,-61.074477,199784.796639,178.943578,200096.191690,59.036721,199521.972081,96.840205,479.402920,-23.300357,484.605064,-142.957452,483.135158,60.002309,-0.114192,1,4
8.633000,-60.999502,200062.547580,178.972117,199884.197593,58.931644,200053.507963,96.936951,481.619560,-22.981932,477.572958,-143.131656,485.390611,59.996065,-0.034298,1,4
8.667000,-61.099451,199979.798249,178.956110,200357.593838,58.872302,199726.957569,96.896395,478.974387,-23.103308,482.922597,-143.190393,485.089943,60.000208,0.014045,1,4
8.700000,-61.004006,199800.882278,178.909481,199633.751779,58.866428,199836.124610,97.084898,481.989922,-23.115351,480.609128,-143.123516,483.895717,59.997523,0.030298,1,4
8.733000,-61.198642,199472.157518,178.742813,199232.985672,58.760451,199245.684389,96.818726,494.887250,-23.324630,500.513112,-143.121244,497.965109,60.000067,0.017799,1,0
8.767000,-61.177382,199435.148354,178.759881,199190.770149,58.780750,199193.893515,96.787609,499.646043,-23.339062,502.191105,-143.380671,499.898208,59.999334,0.079890,1,0
8.800000,-61.265391,198784.677142,178.627798,198992.523969,58.797462,199163.190637,96.724804,495.543538,-23.264964,497.633603,-143.038570,495.698148,60.005981,0.038051,1,0
8.833000,-61.242680,198860.701569,178.736196,199224.497082,58.820137,199141.201288,96.837405,500.181045,-23.188967,498.960610,-143.178987,496.600600,60.002382,0.018250,1,0
8.867000,-61.274359,199013.459731,178.707514,199562.157033,58.800966,199012.180428,96.634106,495.744399,-23.248208,500.577607,-143.242572,495.822258,60.007873,-0.031189,1,0
8.900000,-61.287977,199410.251896,178.820958,199834.087506,58.805211,198939.231652,96.775233,499.779987,-23.106484,502.738036,-143.214814,500.997505,60.002761,-0.096769,1,0
8.933000,-61.300154,199284.402620,178.674636,199221.927641,58.704791,198358.779927,96.757275,500.718552,-23.269187,492.988629,-143.185225,501.440128,60.000936,0.013520,1,0
8.967000,-61.171402,199342.134965,178.752424,199288.501851,58.788145,199583.598368,96.931031,493.665609,-23.253143,499.804335,-143.418529,499.478790,60.004568,-0.025190,1,0
9.000000,-61.309566,198805.739721,178.724701,199278.803563,58.815893,198920.319113,96.671241,499.251568,-23.438165,498.032586,-143.216242,498.165376,60.000198,-0.044960,1,0
9.033000,-61.286935,199124.228795,178.768252,199193.292731,58.789676,198698.828692,96.559968,498.317497,-23.227238,497.443161,-143.332803,495.525951,60.003008,0.072407,1,0
9.067000,-61.251822,199794.276335,178.704985,199391.624335,58.790498,199154.743198,96.630282,492.814343,-23.471337,500.221606,-143.084209,500.495382,60.003248,-0.052712,1,0
9.100000,-61.184182,199245.260766,178.891517,199081.065755,58.703621,198868.423865,96.840242,500.369900,-23.172152,497.730032,-143.396912,501.350526,60.000083,-0.008787,1,0
9.133000,-61.350608,199113.432556,178.760495,199443.090557,58.756831,199251.638910,96.589408,496.201874,-23.251120,494.707175,-143.300372,503.739946,60.002360,0.068731,1,0
9.167000,-61.233420,198820.238146,178.770807,199704.431799,58.731998,198814.802421,96.703368,498.385591,-23.173125,501.472139,-143.282860,505.026268,60.004008,-0.042675,1,0
9.200000,-61.201316,199099.621195,178.735832,199434.182316,58.698826,199112.074572,96.824969,502.853330,-23.045072,497.991209,-143.286353,496.628399,59.999563,-0.141331,1,0
9.233000,-61.309286,198932.436976,178.752375,199634.843870,58.734569,199550.750950,96.650996,496.418068,-23.127562,499.243654,-143.106436,494.952847,59.996142,0.031404,1,0
9.267000,-61.191012,199183.055243,178.672076,199627.179019,58.686263,199012.234897,96.867799,501.825611,-23.454484,499.460851,-143.315965,507.983423,60.000217,0.160822,1,0
9.300000,-61.227208,198965.525115,178.812576,199544.492851,58.775977,199336.595516,96.760853,501.619355,-23.249229,493.488445,-143.224301,499.684827,60.005428,0.125884,1,0
9.333000,-61.264612,199223.797559,178.756094,199213.721997,58.762521,199008.677021,96.812441,494.363952,-23.410402,502.122647,-143.258385,497.135394,60.011734,-0.079965,1,0
9.367000,-61.281246,199185.404220,178.691653,199470.072608,58.736359,199455.527281,96.530709,498.168336,-23.417727,501.734571,-143.234658,499.606244,59.998064,-0.128659,1,0
9.400000,-61.314186,199285.514773,178.661957,198989.308167,58.729732,199301.281056,96.765935,499.742417,-23.431174,495.903452,-143.277895,499.001942,60.002627,0.098776,1,0
9.433000,-61.260557,199000.943251,178.819162,199005.674598,58.771203,199337.402548,96.695669,494.866315,-23.293286,499.774213,-143.338052,495.654645,60.006155,0.027125,1,0
9.467000,-61.253243,199640.636401,178.811516,199692.682729,58.704091,198691.941299,96.662689,505.159233,-23.248891,501.870594,-143.349741,498.571407,60.004109,-0.067533,1,0
9.500000,-61.208490,199236.398184,178.785644,199344.598028,58.741967,199317.423289,96.782564,500.718373,-23.292202,503.193386,-143.401098,500.759304,60.001487,-0.188726,1,0
9.533000,-61.259285,199504.338115,178.771005,199706.095504,58.675753,199223.091249,96.821706,498.571117,-23.124244,496.703004,-143.362951,493.118477,59.990588,-0.016124,1,0
9.567000,-61.222820,199492.963767,178.760417,199196.285438,58.764091,199045.490954,96.746575,495.990205,-23.287868,500.223117,-143.299619,494.810607,59.999458,0.161724,1,0
9.600000,-61.234810,199046.778466,178.820775,198893.889832,58.882333,199112.453841,96.908564,500.535444,-23.143688,500.292460,-142.947404,496.374895,60.002326,0.034495,1,0
9.633000,-61.172602,199380.528996,178.736897,199333.130220,58.735976,198870.565696,96.947777,498.992617,-23.336376,497.729821,-143.323324,497.952918,60.002278,-0.023272,1,0
9.667000,-61.201260,199013.097824,178.728022,199365.643846,58.750557,199081.725785,96.839114,498.491500,-23.338105,497.341135,-143.284205,495.746343,59.999745,0.058989,1,0
9.700000,-61.241352,199048.880663,178.780534,198703.124272,58.685155,199439.558294,96.651813,493.658675,-23.273175,497.877918,-143.206298,495.659215,60.007813,-0.047627,1,0
9.733000,-61.279966,199274.183498,178.779902,199069.042925,58.680649,198927.360634,96.638402,499.350417,-23.208980,497.489139,-143.445180,501.093571,59.997529,-0.107083,1,0
9.767000,-61.240042,199363.626710,178.736722,199467.085657,58.747912,198934.127564,96.631646,499.423733,-23.217793,498.184449,-143.228050,497.319883,60.000465,0.046307,1,0
9.800000,-61.204735,199072.229196,178.700018,199218.855019,58.683978,198737.786336,96.836620,497.758638,-23.287235,497.221087,-143.144830,492.561799,60.001420,-0.012518,1,0
9.833000,-61.174792,199593.033802,178.731488,199188.057261,58.837051,199794.142553,96.717914,497.579472,-23.339318,496.810746,-143.063303,494.578998,59.998472,-0.002138,1,0
9.867000,-61.357331,199099.395234,178.701947,199770.337976,58.768639,199255.131309,96.691355,500.072597,-23.195312,499.436279,-143.093343,502.420879,60.000834,-0.006806,1,0
9.900000,-61.270967,199209.216491,178.680447,199041.810679,58.738631,198969.829104,96.737339,497.718783,-23.413140,503.430116,-143.412004,499.239720,59.997930,0.035811,1,0
9.933000,-61.274195,199340.730316,178.779699,199507.378631,58.749642,199257.418666,96.826218,496.801702,-23.272178,495.994523,-143.153618,495.223979,60.003849,-0.068419,1,0
9.967000,-61.286740,199051.725370,178.781262,199467.890628,58.790046,199633.088592,96.838034,496.755320,-23.344740,490.150950,-143.145848,500.358066,59.994434,-0.054740,1,0
10.000000,-61.206806,198911.365724,178.815311,199337.213512,58.798708,199583.365972,96.938482,500.158165,-23.330621,501.028613,-143.271548,495.488176,60.000690,0.108138,1,0
10.033000,-61.317240,199150.744321,178.767564,199438.588883,58.775744,199282.443150,96.708007,500.912600,-23.062904,497.517851,-143.215921,496.200689,60.002380,-0.028987,1,0
10.067000,-61.272218,199201.762127,178.713731,199230.914230,58.807734,199663.360537,96.739154,496.525501,-23.354969,495.897322,-143.110396,495.645523,59.999369,0.087790,1,0
10.100000,-61.303835,198769.938496,178.782644,199589.740432,58.724383,199351.702170,96.758054,495.243513,-23.118449,501.121017,-143.369464,501.796608,60.006719,0.081258,1,0
10.133000,-61.215228,199205.488218,178.744983,199171.603860,58.748619,199239.314749,96.761892,505.181377,-23.249704,505.587314,-143.393964,501.949322,60.004234,-0.040659,1,0
10.167000,-61.287923,199230.730059,178.799736,199468.257236,58.754360,198953.865414,96.615436,501.708181,-23.095977,492.223351,-143.223327,497.360286,60.004921,-0.033701,1,0
10.200000,-61.190087,199091.907912,178.856789,199475.078887,58.777178,198970.264586,96.838577,498.526557,-23.059658,502.288068,-143.257417,500.625323,60.000533,-0.073656,1,0
10.233000,-61.319825,199640.553351,178.732874,199390.840906,58.618230,199807.563224,96.520183,496.915160,-23.295069,499.540446,-143.336733,501.195339,60.001032,-0.005133,1,0
10.267000,-61.261584,198987.501596,178.812027,199831.127049,58.690660,199224.677336,96.739042,504.774275,-23.180537,498.932662,-143.392348,494.435163,60.000510,-0.029043,1,0
10.300000,-61.316133,199516.055663,178.713678,199143.603625,58.894355,199247.420136,96.686794,493.822929,-23.203930,497.984672,-143.087894,498.858923,59.999202,0.073006,1,0
10.333000,-61.240640,199004.739178,178.827700,199295.228835,58.683540,198805.243103,96.691896,503.241816,-23.080806,496.392152,-143.395075,498.619179,60.005366,0.012975,1,0
10.367000,-61.249208,199384.340040,178.764606,198569.542352,58.789942,199543.515358,96.843358,500.886597,-23.287542,502.857262,-143.152456,504.490511,60.000086,0.003663,1,0
10.400000,-61.243664,198946.989202,178.675042,199547.756849,58.822338,199297.097119,96.836308,495.943517,-23.269838,495.974241,-143.169667,499.307184,60.006055,-0.051247,1,0
10.433000,-61.202746,199053.818225,178.751720,199231.799668,58.778283,199429.261214,96.703869,500.166857,-23.189380,498.555685,-143.269283,501.061748,59.996760,-0.168816,1,0
10.467000,-61.227503,199177.839285,178.730764,199312.701934,58.728851,199736.976300,96.923029,496.838032,-23.100628,497.585198,-143.284141,500.498009,59.996849,-0.049459,1,0
10.500000,-61.283017,199507.398977,178.690829,199112.581735,58.745121,199423.351629,96.715178,501.863106,-23.144752,501.775920,-143.240063,498.378478,59.995223,0.040838,1,0
10.533000,-61.252737,199341.655842,178.668119,199185.487442,58.753142,198912.689234,96.715464,502.431486,-23.414299,497.383823,-143.307613,502.308251,60.001016,0.177817,1,0
10.567000,-61.277880,199852.898009,178.653750,199544.313042,58.834578,198944.518095,96.576916,496.500136,-23.444440,495.119299,-143.225901,495.549739,60.005231,-0.014988,1,0
10.600000,-61.252241,199260.209274,178.690329,199009.245132,58.790273,199193.219160,96.713588,501.190515,-23.398206,500.794619,-143.305574,501.750059,59.998642,-0.050573,1,0
10.633000,-61.255885,199186.020434,178.722744,199377.835726,58.749658,199214.865280,96.750007,501.765858,-23.387572,492.749092,-143.362625,495.268941,60.002247,-0.038142,1,0
10.667000,-61.333184,199449.280919,178.743470,199861.758237,58.725433,199090.694713,96.816327,495.160735,-23.272896,496.080110,-143.197509,499.668751,59.995173,-0.016663,1,0
10.700000,-61.232317,198813.334852,178.771910,199586.304012,58.732290,199436.506775,96.740570,500.558082,-23.032877,496.685545,-143.195655,497.107471,60.000370,0.121981,1,0
10.733000,-61.254897,199421.377627,178.727041,199675.743674,58.800350,198898.788395,96.737857,497.135399,-23.215635,500.935192,-143.282344,499.442928,60.000204,-0.026163,1,0
10.767000,-61.282828,198807.186322,178.715780,199335.767687,58.722733,199875.064793,96.522013,495.092664,-23.164929,501.199616,-143.354610,495.338249,59.997928,-0.122804,1,0
10.800000,-61.287583,199764.468634,178.763680,199272.983922,58.745766,199833.542209,96.788918,496.529510,-23.160234,500.095091,-143.197687,500.760246,59.991634,0.060188,1,0
10.833000,-61.247307,198868.950762,178.751282,199615.549805,58.770253,199432.046168,96.738472,498.703798,-23.277315,503.693064,-143.219659,500.018197,60.001810,0.136243,1,0
10.867000,-61.249395,199422.078959,178.777960,199498.099963,58.716229,199035.816886,96.662236,497.347499,-23.245897,498.744895,-143.242915,496.750854,60.001458,-0.003546,1,0
10.900000,-61.291337,198709.893628,178.769022,199938.362666,58.799247,199367.744642,96.812640,498.276233,-23.305720,495.969387,-143.245264,497.621928,60.001993,-0.045655,1,0
10.933000,-61.185848,199312.173548,178.708183,199295.464864,58.751493,198790.006689,96.738584,501.438744,-23.493690,500.720172,-143.306137,500.517830,59.999743,-0.041544,1,0
10.967000,-61.259250,199275.545481,178.880130,199159.361892,58.731083,199293.347874,96.776012,500.552159,-23.136961,500.741506,-143.328700,493.344571,59.999473,-0.053456,1,0
11.000000,-61.294362,199139.108052,178.818434,199423.187934,58.703344,199026.504672,96.582694,488.217994,-23.110939,497.513118,-143.380939,501.550546,59.996778,-0.010335,1,0
11.033000,-61.263847,199967.567451,178.737779,199219.327819,58.689381,199648.849032,96.817734,504.752399,-23.216076,504.922949,-143.281910,500.881262,59.998411,0.009867,1,0
11.067000,-61.276126,199730.685913,178.731125,199811.035619,58.852681,199170.076393,96.730011,499.152043,-23.166257,503.026607,-143.233318,496.306065,59.999382,0.003604,1,0
11.100000,-61.213075,199705.579677,178.770730,199489.994940,58.817629,199255.628300,96.818901,495.958790,-23.150205,499.672683,-143.110227,495.023095,59.997997,-0.053070,1,0
11.133000,-61.163723,199848.457992,178.743533,198912.541362,58.725832,199408.657951,96.772328,502.285300,-23.213464,491.756116,-143.177139,496.894411,59.997213,-0.055936,1,0
11.167000,-61.261147,199022.748127,178.766413,199342.044084,58.718409,199241.811270,96.804518,501.558670,-23.268435,504.245761,-143.285107,496.625426,59.993305,0.004955,1,0
11.200000,-61.259462,199397.463157,178.753052,199395.090758,58.710242,199084.472614,96.628137,494.141596,-23.293260,496.518478,-143.281411,496.186509,59.999416,0.053359,1,0
11.233000,-61.223632,199805.642052,178.729307,199252.968132,58.736615,199158.775675,96.780470,500.677904,-23.271494,492.600837,-143.199948,497.409766,59.998716,-0.115063,1,0
11.267000,-61.101260,199261.216439,178.727888,199331.194972,58.798988,199394.633817,96.819121,501.247610,-23.151299,499.224084,-143.304203,498.675649,59.992157,-0.108622,1,0
11.300000,-61.131460,199354.726295,178.839760,199272.392881,58.695181,199123.221783,96.899400,499.139423,-23.062795,498.553033,-143.269848,497.253644,59.991425,0.194916,1,0
11.333000,-61.194548,199513.554318,178.801287,199598.840309,58.774280,199474.148925,96.779419,498.313670,-23.189748,498.544813,-143.327109,497.596616,60.005404,0.110367,1,0
11.367000,-61.209261,198842.938554,178.719568,199088.809817,58.729448,200062.636571,96.789021,496.896477,-23.496184,497.314257,-143.221167,495.749276,60.000033,-0.143573,1,0
11.400000,-61.173764,199512.367637,178.704877,199275.252299,58.799232,199638.050508,96.800228,495.471683,-23.224915,501.708161,-143.119492,500.804775,59.995202,-0.063593,1,0
11.433000,-61.284624,199470.356182,178.800225,199350.684168,58.919874,199404.902365,96.656423,496.824028,-23.156650,502.077514,-143.085414,498.586391,59.992974,-0.000735,1,0
11.467000,-61.278650,199157.475153,178.736351,199718.063424,58.741842,198412.225895,96.761120,498.189991,-23.305974,502.596031,-143.285099,501.642038,59.994242,0.116285,1,0
11.500000,-61.275660,199119.205742,178.796370,199579.777410,58.681863,199328.855352,96.595451,494.432591,-23.141648,498.327740,-143.289679,497.516926,60.000476,0.110621,1,0
11.533000,-61.271647,199217.049194,178.838812,199235.971955,58.856571,199467.441321,97.093310,500.582338,-23.082424,501.548684,-143.098912,496.865495,60.000561,0.027110,1,0
11.567000,-61.241483,199008.002986,178.806547,199762.273170,58.730333,199004.687726,96.668419,498.836246,-23.314356,500.356831,-143.197779,502.171137,60.001899,0.030936,1,0
11.600000,-61.262741,199431.892416,178.816317,199061.220783,58.816862,198990.236312,96.717943,494.634309,-23.270285,500.446562,-143.078325,498.958571,60.002948,-0.106129,1,0
11.633000,-61.272975,199119.494777,178.739775,199234.589774,58.764166,199197.398903,96.506629,502.877148,-23.099878,502.251471,-143.229308,501.022536,59.996980,-0.040713,1,0
11.667000,-61.263977,198878.773197,178.777823,199409.278129,58.773781,199670.080674,96.693025,493.637676,-23.192584,497.942717,-143.210180,500.892074,60.000700,-0.039035,1,0
11.700000,-61.230744,199652.347531,178.774075,199298.248163,58.792813,199344.939622,96.744265,499.171763,-23.342822,500.735216,-143.409309,498.770070,59.996309,0.017159,1,0
11.733000,-61.235688,199986.170657,178.673674,199701.371194,58.750391,199417.864642,96.823752,495.879639,-23.430093,500.442289,-143.239204,498.856924,60.000804,0.011793,1,0
11.767000,-61.283491,199342.564265,178.687692,199824.755879,58.708864,198866.474907,96.744417,499.577969,-23.321051,495.667307,-143.334351,500.675858,59.997978,-0.033215,1,0
11.800000,-61.301152,199203.182757,178.772936,199068.076837,58.772592,199174.564627,96.781035,499.504581,-23.250215,498.084965,-143.222151,497.324003,60.000581,0.023248,1,0
11.833000,-61.276210,199291.455066,178.737774,199370.857677,58.745118,199088.021016,96.710870,500.168072,-23.390079,497.222861,-143.265584,497.517902,60.000509,0.024747,1,0
11.867000,-61.302493,198797.152813,178.731805,199660.044372,58.761293,199313.019691,96.706744,503.123928,-23.312036,504.142767,-143.215626,496.216541,60.001393,-0.071175,1,0
11.900000,-61.202019,199730.819376,178.763629,199500.438964,58.744173,199644.969913,96.625995,500.535130,-23.354770,499.667529,-143.249847,497.222869,59.996008,-0.086123,1,0
11.933000,-61.241796,199877.306296,178.792899,199168.406452,58.773485,199435.163075,96.736295,500.300327,-23.197546,503.322796,-143.193256,497.790217,59.996097,0.022992,1,0
11.967000,-61.195415,199365.202365,178.835587,199138.583140,58.764773,199486.114434,96.852282,500.513919,-23.128560,499.126766,-143.238900,502.521635,59.998769,0.067733,1,0
12.000000,-61.244925,199255.888662,178.724187,199772.529705,58.866246,199212.102173,97.008209,498.324765,-23.290788,499.827271,-143.306928,498.394031,59.999748,0.030557,1,0
