timestamp,BUS2_VM_TRUE_PU,BUS5_VM_TRUE_PU,BUS6_VM_TRUE_PU,BUS10_VM_TRUE_PU,BUS19_VM_TRUE_PU,BUS22_VM_TRUE_PU,BUS29_VM_TRUE_PU,BUS39_VM_TRUE_PU,BUS2_VA_TRUE_DEG,BUS5_VA_TRUE_DEG,BUS6_VA_TRUE_DEG,BUS10_VA_TRUE_DEG,BUS19_VA_TRUE_DEG,BUS22_VA_TRUE_DEG,BUS29_VA_TRUE_DEG,BUS39_VA_TRUE_DEG
0.0,1.0477321013524574,1.0715194350153654,1.0729898322851839,1.0715426496209184,1.0644639798183162,1.059581544561555,1.0607168696888134,1.0300000000013947,-12.195720590367944,-14.091274988636743,-13.464548332694704,-11.500564676861776,-8.387597489434928,-5.8722244810071,-8.4228684081588,-10.95999999998393
0.03333333333333333,1.0477321013524574,1.0715194350153654,1.0729898322851839,1.0715426496209184,1.0644639798183162,1.059581544561555,1.0607168696888134,1.0300000000013947,-12.195720590367944,-14.091274988636743,-13.464548332694704,-11.500564676861776,-8.387597489434928,-5.8722244810071,-8.4228684081588,-10.95999999998393
0.06666666666666667,1.0477321013524574,1.0715194350153654,1.0729898322851839,1.0715426496209184,1.0644639798183162,1.059581544561555,1.0607168696888134,1.0300000000013947,-12.195720590367944,-14.091274988636743,-13.464548332694704,-11.500564676861776,-8.387597489434928,-5.8722244810071,-8.4228684081588,-10.95999999998393
0.1,1.0477321013524574,1.0715194350153654,1.0729898322851839,1.0715426496209184,1.0644639798183162,1.059581544561555,1.0607168696888134,1.0300000000013947,-12.195720590367944,-14.091274988636743,-13.464548332694704,-11.500564676861776,-8.387597489434928,-5.8722244810071,-8.4228684081588,-10.95999999998393
0.13333333333333333,1.0477321013524574,1.0715194350153654,1.0729898322851839,1.0715426496209184,1.0644639798183162,1.059581544561555,1.0607168696888134,1.0300000000013947,-12.195720590367944,-14.091274988636743,-13.464548332694704,-11.500564676861776,-8.387597489434928,-5.8722244810071,-8.4228684081588,-10.95999999998393
0.16666666666666666,1.0477321013524574,1.0715194350153654,1.0729898322851839,1.0715426496209184,1.0644639798183162,1.059581544561555,1.0607168696888134,1.0300000000013947,-12.195720590367944,-14.091274988636743,-13.464548332694704,-11.500564676861776,-8.387597489434928,-5.8722244810071,-8.4228684081588,-10.95999999998393
0.19999999999999998,1.0477321013524574,1.0715194350153654,1.0729898322851839,1.0715426496209184,1.0644639798183162,1.059581544561555,1.0607168696888134,1.0300000000013947,-12.195720590367944,-14.091274988636743,-13.464548332694704,-11.500564676861776,-8.387597489434928,-5.8722244810071,-8.4228684081588,-10.95999999998393
0.2333333333333333,1.0477321013524574,1.0715194350153654,1.0729898322851839,1.0715426496209184,1.0644639798183162,1.059581544561555,1.0607168696888134,1.0300000000013947,-12.195720590367944,-14.091274988636743,-13.464548332694704,-11.500564676861776,-8.387597489434928,-5.8722244810071,-8.4228684081588,-10.95999999998393
0.26666666666666666,1.0477321013524574,1.0715194350153654,1.0729898322851839,1.0715426496209184,1.0644639798183162,1.059581544561555,1.0607168696888134,1.0300000000013947,-12.195720590367944,-14.091274988636743,-13.464548332694704,-11.500564676861776,-8.387597489434928,-5.8722244810071,-8.4228684081588,-10.95999999998393
0.3,1.0477321013524574,1.0715194350153654,1.0729898322851839,1.0715426496209184,1.0644639798183162,1.059581544561555,1.0607168696888134,1.0300000000013947,-12.195720590367944,-14.091274988636743,-13.464548332694704,-11.500564676861776,-8.387597489434928,-5.8722244810071,-8.4228684081588,-10.95999999998393
0.3333333333333333,1.0477321013524574,1.0715194350153654,1.0729898322851839,1.0715426496209184,1.0644639798183162,1.059581544561555,1.0607168696888134,1.0300000000013947,-12.195720590367944,-14.091274988636743,-13.464548332694704,-11.500564676861776,-8.387597489434928,-5.8722244810071,-8.4228684081588,-10.95999999998393
0.36666666666666664,1.0477321013524574,1.0715194350153654,1.0729898322851839,1.0715426496209184,1.0644639798183162,1.059581544561555,1.0607168696888134,1.0300000000013947,-12.195720590367944,-14.091274988636743,-13.464548332694704,-11.500564676861776,-8.387597489434928,-5.8722244810071,-8.4228684081588,-10.95999999998393
0.39999999999999997,1.0477321013524574,1.0715194350153654,1.0729898322851839,1.0715426496209184,1.0644639798183162,1.059581544561555,1.0607168696888134,1.0300000000013947,-12.195720590367944,-14.091274988636743,-13.464548332694704,-11.500564676861776,-8.387597489434928,-5.8722244810071,-8.4228684081588,-10.95999999998393
0.4333333333333333,1.0477321013524574,1.0715194350153654,1.0729898322851839,1.0715426496209184,1.0644639798183162,1.059581544561555,1.0607168696888134,1.0300000000013947,-12.195720590367944,-14.091274988636743,-13.464548332694704,-11.500564676861776,-8.387597489434928,-5.8722244810071,-8.4228684081588,-10.95999999998393
0.4666666666666666,1.0477321013524574,1.0715194350153654,1.0729898322851839,1.0715426496209184,1.0644639798183162,1.059581544561555,1.0607168696888134,1.0300000000013947,-12.195720590367944,-14.091274988636743,-13.464548332694704,-11.500564676861776,-8.387597489434928,-5.8722244810071,-8.4228684081588,-10.95999999998393
0.49999999999999994,1.0477321013524574,1.0715194350153654,1.0729898322851839,1.0715426496209184,1.0644639798183162,1.059581544561555,1.0607168696888134,1.0300000000013947,-12.195720590367944,-14.091274988636743,-13.464548332694704,-11.500564676861776,-8.387597489434928,-5.8722244810071,-8.4228684081588,-10.95999999998393
0.5333333333333333,1.0477321013524574,1.0715194350153654,1.0729898322851839,1.0715426496209184,1.0644639798183162,1.059581544561555,1.0607168696888134,1.0300000000013947,-12.195720590367944,-14.091274988636743,-13.464548332694704,-11.500564676861776,-8.387597489434928,-5.8722244810071,-8.4228684081588,-10.95999999998393
0.5666666666666667,1.0477321013524574,1.0715194350153654,1.0729898322851839,1.0715426496209184,1.0644639798183162,1.059581544561555,1.0607168696888134,1.0300000000013947,-12.195720590367944,-14.091274988636743,-13.464548332694704,-11.500564676861776,-8.387597489434928,-5.8722244810071,-8.4228684081588,-10.95999999998393
0.6,1.0477321013524574,1.0715194350153654,1.0729898322851839,1.0715426496209184,1.0644639798183162,1.059581544561555,1.0607168696888134,1.0300000000013947,-12.195720590367944,-14.091274988636743,-13.464548332694704,-11.500564676861776,-8.387597489434928,-5.8722244810071,-8.4228684081588,-10.95999999998393
0.6333333333333333,1.0477321013524574,1.0715194350153654,1.0729898322851839,1.0715426496209184,1.0644639798183162,1.059581544561555,1.0607168696888134,1.0300000000013947,-12.195720590367944,-14.091274988636743,-13.464548332694704,-11.500564676861776,-8.387597489434928,-5.8722244810071,-8.4228684081588,-10.95999999998393
0.6666666666666666,1.0477321013524574,1.0715194350153654,1.0729898322851839,1.0715426496209184,1.0644639798183162,1.059581544561555,1.0607168696888134,1.0300000000013947,-12.195720590367944,-14.091274988636743,-13.464548332694704,-11.500564676861776,-8.387597489434928,-5.8722244810071,-8.4228684081588,-10.95999999998393
0.7,1.0477321013524574,1.0715194350153654,1.0729898322851839,1.0715426496209184,1.0644639798183162,1.059581544561555,1.0607168696888134,1.0300000000013947,-12.195720590367944,-14.091274988636743,-13.464548332694704,-11.500564676861776,-8.387597489434928,-5.8722244810071,-8.4228684081588,-10.95999999998393
0.7333333333333333,1.0477321013524574,1.0715194350153654,1.0729898322851839,1.0715426496209184,1.0644639798183162,1.059581544561555,1.0607168696888134,1.0300000000013947,-12.195720590367944,-14.091274988636743,-13.464548332694704,-11.500564676861776,-8.387597489434928,-5.8722244810071,-8.4228684081588,-10.95999999998393
0.7666666666666666,1.0477321013524574,1.0715194350153654,1.0729898322851839,1.0715426496209184,1.0644639798183162,1.059581544561555,1.0607168696888134,1.0300000000013947,-12.195720590367944,-14.091274988636743,-13.464548332694704,-11.500564676861776,-8.387597489434928,-5.8722244810071,-8.4228684081588,-10.95999999998393
0.7999999999999999,1.0477321013524574,1.0715194350153654,1.0729898322851839,1.0715426496209184,1.0644639798183162,1.059581544561555,1.0607168696888134,1.0300000000013947,-12.195720590367944,-14.091274988636743,-13.464548332694704,-11.500564676861776,-8.387597489434928,-5.8722244810071,-8.4228684081588,-10.95999999998393
0.8333333333333333,1.0477321013524574,1.0715194350153654,1.0729898322851839,1.0715426496209184,1.0644639798183162,1.059581544561555,1.0607168696888134,1.0300000000013947,-12.195720590367944,-14.091274988636743,-13.464548332694704,-11.500564676861776,-8.387597489434928,-5.8722244810071,-8.4228684081588,-10.95999999998393
0.8666666666666666,1.0477321013524574,1.0715194350153654,1.0729898322851839,1.0715426496209184,1.0644639798183162,1.059581544561555,1.0607168696888134,1.0300000000013947,-12.195720590367944,-14.091274988636743,-13.464548332694704,-11.500564676861776,-8.387597489434928,-5.8722244810071,-8.4228684081588,-10.95999999998393
0.8999999999999999,1.0477321013524574,1.0715194350153654,1.0729898322851839,1.0715426496209184,1.0644639798183162,1.059581544561555,1.0607168696888134,1.0300000000013947,-12.195720590367944,-14.091274988636743,-13.464548332694704,-11.500564676861776,-8.387597489434928,-5.8722244810071,-8.4228684081588,-10.95999999998393
0.9333333333333332,1.0477321013524574,1.0715194350153654,1.0729898322851839,1.0715426496209184,1.0644639798183162,1.059581544561555,1.0607168696888134,1.0300000000013947,-12.195720590367944,-14.091274988636743,-13.464548332694704,-11.500564676861776,-8.387597489434928,-5.8722244810071,-8.4228684081588,-10.95999999998393
0.9666666666666666,1.0477321013524574,1.0715194350153654,1.0729898322851839,1.0715426496209184,1.0644639798183162,1.059581544561555,1.0607168696888134,1.0300000000013947,-12.195720590367944,-14.091274988636743,-13.464548332694704,-11.500564676861776,-8.387597489434928,-5.8722244810071,-8.4228684081588,-10.95999999998393
0.9999999999999999,1.0477321013524574,1.0715194350153654,1.0729898322851839,1.0715426496209184,1.0644639798183162,1.059581544561555,1.0607168696888134,1.0300000000013947,-12.195720590367944,-14.091274988636743,-13.464548332694704,-11.500564676861776,-8.387597489434928,-5.8722244810071,-8.4228684081588,-10.95999999998393
1.0333333333333332,1.0477321013524574,1.0715194350153654,1.0729898322851839,1.0715426496209184,1.0644639798183162,1.059581544561555,1.0607168696888134,1.0300000000013947,-12.195720590367944,-14.091274988636743,-13.464548332694704,-11.500564676861776,-8.387597489434928,-5.8722244810071,-8.4228684081588,-10.95999999998393
1.0666666666666667,1.0477321013524574,1.0715194350153654,1.0729898322851839,1.0715426496209184,1.0644639798183162,1.059581544561555,1.0607168696888134,1.0300000000013947,-12.195720590367944,-14.091274988636743,-13.464548332694704,-11.500564676861776,-8.387597489434928,-5.8722244810071,-8.4228684081588,-10.95999999998393
1.1,1.0477321013524574,1.0715194350153654,1.0729898322851839,1.0715426496209184,1.0644639798183162,1.059581544561555,1.0607168696888134,1.0300000000013947,-12.195720590367944,-14.091274988636743,-13.464548332694704,-11.500564676861776,-8.387597489434928,-5.8722244810071,-8.4228684081588,-10.95999999998393
1.1333333333333335,1.0477321013524574,1.0715194350153654,1.0729898322851839,1.0715426496209184,1.0644639798183162,1.059581544561555,1.0607168696888134,1.0300000000013947,-12.195720590367944,-14.091274988636743,-13.464548332694704,-11.500564676861776,-8.387597489434928,-5.8722244810071,-8.4228684081588,-10.95999999998393
1.166666666666667,1.0477321013524574,1.0715194350153654,1.0729898322851839,1.0715426496209184,1.0644639798183162,1.059581544561555,1.0607168696888134,1.0300000000013947,-12.195720590367944,-14.091274988636743,-13.464548332694704,-11.500564676861776,-8.387597489434928,-5.8722244810071,-8.4228684081588,-10.95999999998393
1.2000000000000004,1.0477321013524574,1.0715194350153654,1.0729898322851839,1.0715426496209184,1.0644639798183162,1.059581544561555,1.0607168696888134,1.0300000000013947,-12.195720590367944,-14.091274988636743,-13.464548332694704,-11.500564676861776,-8.387597489434928,-5.8722244810071,-8.4228684081588,-10.95999999998393
1.2333333333333338,1.0477321013524574,1.0715194350153654,1.0729898322851839,1.0715426496209184,1.0644639798183162,1.059581544561555,1.0607168696888134,1.0300000000013947,-12.195720590367944,-14.091274988636743,-13.464548332694704,-11.500564676861776,-8.387597489434928,-5.8722244810071,-8.4228684081588,-10.95999999998393
1.2666666666666673,1.0477321013524574,1.0715194350153654,1.0729898322851839,1.0715426496209184,1.0644639798183162,1.059581544561555,1.0607168696888134,1.0300000000013947,-12.195720590367944,-14.091274988636743,-13.464548332694704,-11.500564676861776,-8.387597489434928,-5.8722244810071,-8.4228684081588,-10.95999999998393
1.3000000000000007,1.0477321013524574,1.0715194350153654,1.0729898322851839,1.0715426496209184,1.0644639798183162,1.059581544561555,1.0607168696888134,1.0300000000013947,-12.195720590367944,-14.091274988636743,-13.464548332694704,-11.500564676861776,-8.387597489434928,-5.8722244810071,-8.4228684081588,-10.95999999998393
1.3333333333333341,1.0477321013524574,1.0715194350153654,1.0729898322851839,1.0715426496209184,1.0644639798183162,1.059581544561555,1.0607168696888134,1.0300000000013947,-12.195720590367944,-14.091274988636743,-13.464548332694704,-11.500564676861776,-8.387597489434928,-5.8722244810071,-8.4228684081588,-10.95999999998393
1.3666666666666676,1.0477321013524574,1.0715194350153654,1.0729898322851839,1.0715426496209184,1.0644639798183162,1.059581544561555,1.0607168696888134,1.0300000000013947,-12.195720590367944,-14.091274988636743,-13.464548332694704,-11.500564676861776,-8.387597489434928,-5.8722244810071,-8.4228684081588,-10.95999999998393
1.400000000000001,1.0477321013524574,1.0715194350153654,1.0729898322851839,1.0715426496209184,1.0644639798183162,1.059581544561555,1.0607168696888134,1.0300000000013947,-12.195720590367944,-14.091274988636743,-13.464548332694704,-11.500564676861776,-8.387597489434928,-5.8722244810071,-8.4228684081588,-10.95999999998393
1.4333333333333345,1.0477321013524574,1.0715194350153654,1.0729898322851839,1.0715426496209184,1.0644639798183162,1.059581544561555,1.0607168696888134,1.0300000000013947,-12.195720590367944,-14.091274988636743,-13.464548332694704,-11.500564676861776,-8.387597489434928,-5.8722244810071,-8.4228684081588,-10.95999999998393
1.466666666666668,1.0477321013524574,1.0715194350153654,1.0729898322851839,1.0715426496209184,1.0644639798183162,1.059581544561555,1.0607168696888134,1.0300000000013947,-12.195720590367944,-14.091274988636743,-13.464548332694704,-11.500564676861776,-8.387597489434928,-5.8722244810071,-8.4228684081588,-10.95999999998393
1.5000000000000013,1.0477321013524574,1.0715194350153654,1.0729898322851839,1.0715426496209184,1.0644639798183162,1.059581544561555,1.0607168696888134,1.0300000000013947,-12.195720590367944,-14.091274988636743,-13.464548332694704,-11.500564676861776,-8.387597489434928,-5.8722244810071,-8.4228684081588,-10.95999999998393
1.5333333333333348,1.0477321013524574,1.0715194350153654,1.0729898322851839,1.0715426496209184,1.0644639798183162,1.059581544561555,1.0607168696888134,1.0300000000013947,-12.195720590367944,-14.091274988636743,-13.464548332694704,-11.500564676861776,-8.387597489434928,-5.8722244810071,-8.4228684081588,-10.95999999998393
1.5666666666666682,1.0477321013524574,1.0715194350153654,1.0729898322851839,1.0715426496209184,1.0644639798183162,1.059581544561555,1.0607168696888134,1.0300000000013947,-12.195720590367944,-14.091274988636743,-13.464548332694704,-11.500564676861776,-8.387597489434928,-5.8722244810071,-8.4228684081588,-10.95999999998393
1.6000000000000016,1.0477321013524574,1.0715194350153654,1.0729898322851839,1.0715426496209184,1.0644639798183162,1.059581544561555,1.0607168696888134,1.0300000000013947,-12.195720590367944,-14.091274988636743,-13.464548332694704,-11.500564676861776,-8.387597489434928,-5.8722244810071,-8.4228684081588,-10.95999999998393
1.633333333333335,1.0477321013524574,1.0715194350153654,1.0729898322851839,1.0715426496209184,1.0644639798183162,1.059581544561555,1.0607168696888134,1.0300000000013947,-12.195720590367944,-14.091274988636743,-13.464548332694704,-11.500564676861776,-8.387597489434928,-5.8722244810071,-8.4228684081588,-10.95999999998393
1.6666666666666685,1.0477321013524574,1.0715194350153654,1.0729898322851839,1.0715426496209184,1.0644639798183162,1.059581544561555,1.0607168696888134,1.0300000000013947,-12.195720590367944,-14.091274988636743,-13.464548332694704,-11.500564676861776,-8.387597489434928,-5.8722244810071,-8.4228684081588,-10.95999999998393
1.700000000000002,1.0477321013524574,1.0715194350153654,1.0729898322851839,1.0715426496209184,1.0644639798183162,1.059581544561555,1.0607168696888134,1.0300000000013947,-12.195720590367944,-14.091274988636743,-13.464548332694704,-11.500564676861776,-8.387597489434928,-5.8722244810071,-8.4228684081588,-10.95999999998393
1.7333333333333354,1.0477321013524574,1.0715194350153654,1.0729898322851839,1.0715426496209184,1.0644639798183162,1.059581544561555,1.0607168696888134,1.0300000000013947,-12.195720590367944,-14.091274988636743,-13.464548332694704,-11.500564676861776,-8.387597489434928,-5.8722244810071,-8.4228684081588,-10.95999999998393
1.7666666666666688,1.0477321013524574,1.0715194350153654,1.0729898322851839,1.0715426496209184,1.0644639798183162,1.059581544561555,1.0607168696888134,1.0300000000013947,-12.195720590367944,-14.091274988636743,-13.464548332694704,-11.500564676861776,-8.387597489434928,-5.8722244810071,-8.4228684081588,-10.95999999998393
1.8000000000000023,1.0477321013524574,1.0715194350153654,1.0729898322851839,1.0715426496209184,1.0644639798183162,1.059581544561555,1.0607168696888134,1.0300000000013947,-12.195720590367944,-14.091274988636743,-13.464548332694704,-11.500564676861776,-8.387597489434928,-5.8722244810071,-8.4228684081588,-10.95999999998393
1.8333333333333357,1.0477321013524574,1.0715194350153654,1.0729898322851839,1.0715426496209184,1.0644639798183162,1.059581544561555,1.0607168696888134,1.0300000000013947,-12.195720590367944,-14.091274988636743,-13.464548332694704,-11.500564676861776,-8.387597489434928,-5.8722244810071,-8.4228684081588,-10.95999999998393
1.8666666666666691,1.0477321013524574,1.0715194350153654,1.0729898322851839,1.0715426496209184,1.0644639798183162,1.059581544561555,1.0607168696888134,1.0300000000013947,-12.195720590367944,-14.091274988636743,-13.464548332694704,-11.500564676861776,-8.387597489434928,-5.8722244810071,-8.4228684081588,-10.95999999998393
1.9000000000000026,1.0477321013524574,1.0715194350153654,1.0729898322851839,1.0715426496209184,1.0644639798183162,1.059581544561555,1.0607168696888134,1.0300000000013947,-12.195720590367944,-14.091274988636743,-13.464548332694704,-11.500564676861776,-8.387597489434928,-5.8722244810071,-8.4228684081588,-10.95999999998393
1.933333333333336,1.0477321013524574,1.0715194350153654,1.0729898322851839,1.0715426496209184,1.0644639798183162,1.059581544561555,1.0607168696888134,1.0300000000013947,-12.195720590367944,-14.091274988636743,-13.464548332694704,-11.500564676861776,-8.387597489434928,-5.8722244810071,-8.4228684081588,-10.95999999998393
1.9666666666666694,1.0477321013524574,1.0715194350153654,1.0729898322851839,1.0715426496209184,1.0644639798183162,1.059581544561555,1.0607168696888134,1.0300000000013947,-12.195720590367944,-14.091274988636743,-13.464548332694704,-11.500564676861776,-8.387597489434928,-5.8722244810071,-8.4228684081588,-10.95999999998393
2.0000000000000027,1.0477321013524574,1.0715194350153654,1.0729898322851839,1.0715426496209184,1.0644639798183162,1.059581544561555,1.0607168696888134,1.0300000000013947,-12.195720590367944,-14.091274988636743,-13.464548332694704,-11.500564676861776,-8.387597489434928,-5.8722244810071,-8.4228684081588,-10.95999999998393
2.033333333333336,1.0477321013524574,1.0715194350153654,1.0729898322851839,1.0715426496209184,1.0644639798183162,1.059581544561555,1.0607168696888134,1.0300000000013947,-12.195720590367944,-14.091274988636743,-13.464548332694704,-11.500564676861776,-8.387597489434928,-5.8722244810071,-8.4228684081588,-10.95999999998393
2.066666666666669,1.0477321013524574,1.0715194350153654,1.0729898322851839,1.0715426496209184,1.0644639798183162,1.059581544561555,1.0607168696888134,1.0300000000013947,-12.195720590367944,-14.091274988636743,-13.464548332694704,-11.500564676861776,-8.387597489434928,-5.8722244810071,-8.4228684081588,-10.95999999998393
2.1000000000000023,1.0477321013524574,1.0715194350153654,1.0729898322851839,1.0715426496209184,1.0644639798183162,1.059581544561555,1.0607168696888134,1.0300000000013947,-12.195720590367944,-14.091274988636743,-13.464548332694704,-11.500564676861776,-8.387597489434928,-5.8722244810071,-8.4228684081588,-10.95999999998393
2.1333333333333355,1.0477321013524574,1.0715194350153654,1.0729898322851839,1.0715426496209184,1.0644639798183162,1.059581544561555,1.0607168696888134,1.0300000000013947,-12.195720590367944,-14.091274988636743,-13.464548332694704,-11.500564676861776,-8.387597489434928,-5.8722244810071,-8.4228684081588,-10.95999999998393
2.1666666666666687,1.0477321013524574,1.0715194350153654,1.0729898322851839,1.0715426496209184,1.0644639798183162,1.059581544561555,1.0607168696888134,1.0300000000013947,-12.195720590367944,-14.091274988636743,-13.464548332694704,-11.500564676861776,-8.387597489434928,-5.8722244810071,-8.4228684081588,-10.95999999998393
2.200000000000002,1.0477321013524574,1.0715194350153654,1.0729898322851839,1.0715426496209184,1.0644639798183162,1.059581544561555,1.0607168696888134,1.0300000000013947,-12.195720590367944,-14.091274988636743,-13.464548332694704,-11.500564676861776,-8.387597489434928,-5.8722244810071,-8.4228684081588,-10.95999999998393
2.233333333333335,1.0477321013524574,1.0715194350153654,1.0729898322851839,1.0715426496209184,1.0644639798183162,1.059581544561555,1.0607168696888134,1.0300000000013947,-12.195720590367944,-14.091274988636743,-13.464548332694704,-11.500564676861776,-8.387597489434928,-5.8722244810071,-8.4228684081588,-10.95999999998393
2.2666666666666684,1.0477321013524574,1.0715194350153654,1.0729898322851839,1.0715426496209184,1.0644639798183162,1.059581544561555,1.0607168696888134,1.0300000000013947,-12.195720590367944,-14.091274988636743,-13.464548332694704,-11.500564676861776,-8.387597489434928,-5.8722244810071,-8.4228684081588,-10.95999999998393
2.3000000000000016,1.0477321013524574,1.0715194350153654,1.0729898322851839,1.0715426496209184,1.0644639798183162,1.059581544561555,1.0607168696888134,1.0300000000013947,-12.195720590367944,-14.091274988636743,-13.464548332694704,-11.500564676861776,-8.387597489434928,-5.8722244810071,-8.4228684081588,-10.95999999998393
2.333333333333335,1.0477321013524574,1.0715194350153654,1.0729898322851839,1.0715426496209184,1.0644639798183162,1.059581544561555,1.0607168696888134,1.0300000000013947,-12.195720590367944,-14.091274988636743,-13.464548332694704,-11.500564676861776,-8.387597489434928,-5.8722244810071,-8.4228684081588,-10.95999999998393
2.366666666666668,1.0477321013524574,1.0715194350153654,1.0729898322851839,1.0715426496209184,1.0644639798183162,1.059581544561555,1.0607168696888134,1.0300000000013947,-12.195720590367944,-14.091274988636743,-13.464548332694704,-11.500564676861776,-8.387597489434928,-5.8722244810071,-8.4228684081588,-10.95999999998393
2.4000000000000012,1.0477321013524574,1.0715194350153654,1.0729898322851839,1.0715426496209184,1.0644639798183162,1.059581544561555,1.0607168696888134,1.0300000000013947,-12.195720590367944,-14.091274988636743,-13.464548332694704,-11.500564676861776,-8.387597489434928,-5.8722244810071,-8.4228684081588,-10.95999999998393
2.4333333333333345,1.0477321013524574,1.0715194350153654,1.0729898322851839,1.0715426496209184,1.0644639798183162,1.059581544561555,1.0607168696888134,1.0300000000013947,-12.195720590367944,-14.091274988636743,-13.464548332694704,-11.500564676861776,-8.387597489434928,-5.8722244810071,-8.4228684081588,-10.95999999998393
2.4666666666666677,1.0477321013524574,1.0715194350153654,1.0729898322851839,1.0715426496209184,1.0644639798183162,1.059581544561555,1.0607168696888134,1.0300000000013947,-12.195720590367944,-14.091274988636743,-13.464548332694704,-11.500564676861776,-8.387597489434928,-5.8722244810071,-8.4228684081588,-10.95999999998393
2.500000000000001,1.0477321013524574,1.0715194350153654,1.0729898322851839,1.0715426496209184,1.0644639798183162,1.059581544561555,1.0607168696888134,1.0300000000013947,-12.195720590367944,-14.091274988636743,-13.464548332694704,-11.500564676861776,-8.387597489434928,-5.8722244810071,-8.4228684081588,-10.95999999998393
2.533333333333334,1.0477321013524574,1.0715194350153654,1.0729898322851839,1.0715426496209184,1.0644639798183162,1.059581544561555,1.0607168696888134,1.0300000000013947,-12.195720590367944,-14.091274988636743,-13.464548332694704,-11.500564676861776,-8.387597489434928,-5.8722244810071,-8.4228684081588,-10.95999999998393
2.5666666666666673,1.0477321013524574,1.0715194350153654,1.0729898322851839,1.0715426496209184,1.0644639798183162,1.059581544561555,1.0607168696888134,1.0300000000013947,-12.195720590367944,-14.091274988636743,-13.464548332694704,-11.500564676861776,-8.387597489434928,-5.8722244810071,-8.4228684081588,-10.95999999998393
2.6000000000000005,1.0477321013524574,1.0715194350153654,1.0729898322851839,1.0715426496209184,1.0644639798183162,1.059581544561555,1.0607168696888134,1.0300000000013947,-12.195720590367944,-14.091274988636743,-13.464548332694704,-11.500564676861776,-8.387597489434928,-5.8722244810071,-8.4228684081588,-10.95999999998393
2.6333333333333337,1.0477321013524574,1.0715194350153654,1.0729898322851839,1.0715426496209184,1.0644639798183162,1.059581544561555,1.0607168696888134,1.0300000000013947,-12.195720590367944,-14.091274988636743,-13.464548332694704,-11.500564676861776,-8.387597489434928,-5.8722244810071,-8.4228684081588,-10.95999999998393
2.666666666666667,1.0477321013524574,1.0715194350153654,1.0729898322851839,1.0715426496209184,1.0644639798183162,1.059581544561555,1.0607168696888134,1.0300000000013947,-12.195720590367944,-14.091274988636743,-13.464548332694704,-11.500564676861776,-8.387597489434928,-5.8722244810071,-8.4228684081588,-10.95999999998393
2.7,1.0477321013524574,1.0715194350153654,1.0729898322851839,1.0715426496209184,1.0644639798183162,1.059581544561555,1.0607168696888134,1.0300000000013947,-12.195720590367944,-14.091274988636743,-13.464548332694704,-11.500564676861776,-8.387597489434928,-5.8722244810071,-8.4228684081588,-10.95999999998393
2.7333333333333334,1.0477321013524574,1.0715194350153654,1.0729898322851839,1.0715426496209184,1.0644639798183162,1.059581544561555,1.0607168696888134,1.0300000000013947,-12.195720590367944,-14.091274988636743,-13.464548332694704,-11.500564676861776,-8.387597489434928,-5.8722244810071,-8.4228684081588,-10.95999999998393
2.7666666666666666,1.0477321013524574,1.0715194350153654,1.0729898322851839,1.0715426496209184,1.0644639798183162,1.059581544561555,1.0607168696888134,1.0300000000013947,-12.195720590367944,-14.091274988636743,-13.464548332694704,-11.500564676861776,-8.387597489434928,-5.8722244810071,-8.4228684081588,-10.95999999998393
2.8,1.0477321013524574,1.0715194350153654,1.0729898322851839,1.0715426496209184,1.0644639798183162,1.059581544561555,1.0607168696888134,1.0300000000013947,-12.195720590367944,-14.091274988636743,-13.464548332694704,-11.500564676861776,-8.387597489434928,-5.8722244810071,-8.4228684081588,-10.95999999998393
2.833333333333333,1.0477321013524574,1.0715194350153654,1.0729898322851839,1.0715426496209184,1.0644639798183162,1.059581544561555,1.0607168696888134,1.0300000000013947,-12.195720590367944,-14.091274988636743,-13.464548332694704,-11.500564676861776,-8.387597489434928,-5.8722244810071,-8.4228684081588,-10.95999999998393
2.8666666666666663,1.0477321013524574,1.0715194350153654,1.0729898322851839,1.0715426496209184,1.0644639798183162,1.059581544561555,1.0607168696888134,1.0300000000013947,-12.195720590367944,-14.091274988636743,-13.464548332694704,-11.500564676861776,-8.387597489434928,-5.8722244810071,-8.4228684081588,-10.95999999998393
2.8999999999999995,1.0477321013524574,1.0715194350153654,1.0729898322851839,1.0715426496209184,1.0644639798183162,1.059581544561555,1.0607168696888134,1.0300000000013947,-12.195720590367944,-14.091274988636743,-13.464548332694704,-11.500564676861776,-8.387597489434928,-5.8722244810071,-8.4228684081588,-10.95999999998393
2.9333333333333327,1.0477321013524574,1.0715194350153654,1.0729898322851839,1.0715426496209184,1.0644639798183162,1.059581544561555,1.0607168696888134,1.0300000000013947,-12.195720590367944,-14.091274988636743,-13.464548332694704,-11.500564676861776,-8.387597489434928,-5.8722244810071,-8.4228684081588,-10.95999999998393
2.966666666666666,1.0477321013524574,1.0715194350153654,1.0729898322851839,1.0715426496209184,1.0644639798183162,1.059581544561555,1.0607168696888134,1.0300000000013947,-12.195720590367944,-14.091274988636743,-13.464548332694704,-11.500564676861776,-8.387597489434928,-5.8722244810071,-8.4228684081588,-10.95999999998393
2.999999999999999,1.0477321013524574,1.0715194350153654,1.0729898322851839,1.0715426496209184,1.0644639798183162,1.059581544561555,1.0607168696888134,1.0300000000013947,-12.195720590367944,-14.091274988636743,-13.464548332694704,-11.500564676861776,-8.387597489434928,-5.8722244810071,-8.4228684081588,-10.95999999998393
3.0333333333333323,1.0477321013524574,1.0715194350153654,1.0729898322851839,1.0715426496209184,1.0644639798183162,1.059581544561555,1.0607168696888134,1.0300000000013947,-12.195720590367944,-14.091274988636743,-13.464548332694704,-11.500564676861776,-8.387597489434928,-5.8722244810071,-8.4228684081588,-10.95999999998393
3.0666666666666655,1.0477321013524574,1.0715194350153654,1.0729898322851839,1.0715426496209184,1.0644639798183162,1.059581544561555,1.0607168696888134,1.0300000000013947,-12.195720590367944,-14.091274988636743,-13.464548332694704,-11.500564676861776,-8.387597489434928,-5.8722244810071,-8.4228684081588,-10.95999999998393
3.0999999999999988,1.0477321013524574,1.0715194350153654,1.0729898322851839,1.0715426496209184,1.0644639798183162,1.059581544561555,1.0607168696888134,1.0300000000013947,-12.195720590367944,-14.091274988636743,-13.464548332694704,-11.500564676861776,-8.387597489434928,-5.8722244810071,-8.4228684081588,-10.95999999998393
3.133333333333332,1.0477321013524574,1.0715194350153654,1.0729898322851839,1.0715426496209184,1.0644639798183162,1.059581544561555,1.0607168696888134,1.0300000000013947,-12.195720590367944,-14.091274988636743,-13.464548332694704,-11.500564676861776,-8.387597489434928,-5.8722244810071,-8.4228684081588,-10.95999999998393
3.166666666666665,1.0477321013524574,1.0715194350153654,1.0729898322851839,1.0715426496209184,1.0644639798183162,1.059581544561555,1.0607168696888134,1.0300000000013947,-12.195720590367944,-14.091274988636743,-13.464548332694704,-11.500564676861776,-8.387597489434928,-5.8722244810071,-8.4228684081588,-10.95999999998393
3.1999999999999984,1.0477321013524574,1.0715194350153654,1.0729898322851839,1.0715426496209184,1.0644639798183162,1.059581544561555,1.0607168696888134,1.0300000000013947,-12.195720590367944,-14.091274988636743,-13.464548332694704,-11.500564676861776,-8.387597489434928,-5.8722244810071,-8.4228684081588,-10.95999999998393
3.2333333333333316,1.0477321013524574,1.0715194350153654,1.0729898322851839,1.0715426496209184,1.0644639798183162,1.059581544561555,1.0607168696888134,1.0300000000013947,-12.195720590367944,-14.091274988636743,-13.464548332694704,-11.500564676861776,-8.387597489434928,-5.8722244810071,-8.4228684081588,-10.95999999998393
3.266666666666665,1.0477321013524574,1.0715194350153654,1.0729898322851839,1.0715426496209184,1.0644639798183162,1.059581544561555,1.0607168696888134,1.0300000000013947,-12.195720590367944,-14.091274988636743,-13.464548332694704,-11.500564676861776,-8.387597489434928,-5.8722244810071,-8.4228684081588,-10.95999999998393
3.299999999999998,1.0477321013524574,1.0715194350153654,1.0729898322851839,1.0715426496209184,1.0644639798183162,1.059581544561555,1.0607168696888134,1.0300000000013947,-12.195720590367944,-14.091274988636743,-13.464548332694704,-11.500564676861776,-8.387597489434928,-5.8722244810071,-8.4228684081588,-10.95999999998393
3.3333333333333313,1.0477321013524574,1.0715194350153654,1.0729898322851839,1.0715426496209184,1.0644639798183162,1.059581544561555,1.0607168696888134,1.0300000000013947,-12.195720590367944,-14.091274988636743,-13.464548332694704,-11.500564676861776,-8.387597489434928,-5.8722244810071,-8.4228684081588,-10.95999999998393
3.3666666666666645,1.0477321013524574,1.0715194350153654,1.0729898322851839,1.0715426496209184,1.0644639798183162,1.059581544561555,1.0607168696888134,1.0300000000013947,-12.195720590367944,-14.091274988636743,-13.464548332694704,-11.500564676861776,-8.387597489434928,-5.8722244810071,-8.4228684081588,-10.95999999998393
3.3999999999999977,1.0477321013524574,1.0715194350153654,1.0729898322851839,1.0715426496209184,1.0644639798183162,1.059581544561555,1.0607168696888134,1.0300000000013947,-12.195720590367944,-14.091274988636743,-13.464548332694704,-11.500564676861776,-8.387597489434928,-5.8722244810071,-8.4228684081588,-10.95999999998393
3.433333333333331,1.0477321013524574,1.0715194350153654,1.0729898322851839,1.0715426496209184,1.0644639798183162,1.059581544561555,1.0607168696888134,1.0300000000013947,-12.195720590367944,-14.091274988636743,-13.464548332694704,-11.500564676861776,-8.387597489434928,-5.8722244810071,-8.4228684081588,-10.95999999998393
3.466666666666664,1.0477321013524574,1.0715194350153654,1.0729898322851839,1.0715426496209184,1.0644639798183162,1.059581544561555,1.0607168696888134,1.0300000000013947,-12.195720590367944,-14.091274988636743,-13.464548332694704,-11.500564676861776,-8.387597489434928,-5.8722244810071,-8.4228684081588,-10.95999999998393
3.4999999999999973,1.0477321013524574,1.0715194350153654,1.0729898322851839,1.0715426496209184,1.0644639798183162,1.059581544561555,1.0607168696888134,1.0300000000013947,-12.195720590367944,-14.091274988636743,-13.464548332694704,-11.500564676861776,-8.387597489434928,-5.8722244810071,-8.4228684081588,-10.95999999998393
3.5333333333333306,1.0477321013524574,1.0715194350153654,1.0729898322851839,1.0715426496209184,1.0644639798183162,1.059581544561555,1.0607168696888134,1.0300000000013947,-12.195720590367944,-14.091274988636743,-13.464548332694704,-11.500564676861776,-8.387597489434928,-5.8722244810071,-8.4228684081588,-10.95999999998393
3.5666666666666638,1.0477321013524574,1.0715194350153654,1.0729898322851839,1.0715426496209184,1.0644639798183162,1.059581544561555,1.0607168696888134,1.0300000000013947,-12.195720590367944,-14.091274988636743,-13.464548332694704,-11.500564676861776,-8.387597489434928,-5.8722244810071,-8.4228684081588,-10.95999999998393
3.599999999999997,1.0477321013524574,1.0715194350153654,1.0729898322851839,1.0715426496209184,1.0644639798183162,1.059581544561555,1.0607168696888134,1.0300000000013947,-12.195720590367944,-14.091274988636743,-13.464548332694704,-11.500564676861776,-8.387597489434928,-5.8722244810071,-8.4228684081588,-10.95999999998393
3.63333333333333,1.0477321013524574,1.0715194350153654,1.0729898322851839,1.0715426496209184,1.0644639798183162,1.059581544561555,1.0607168696888134,1.0300000000013947,-12.195720590367944,-14.091274988636743,-13.464548332694704,-11.500564676861776,-8.387597489434928,-5.8722244810071,-8.4228684081588,-10.95999999998393
3.6666666666666634,1.0477321013524574,1.0715194350153654,1.0729898322851839,1.0715426496209184,1.0644639798183162,1.059581544561555,1.0607168696888134,1.0300000000013947,-12.195720590367944,-14.091274988636743,-13.464548332694704,-11.500564676861776,-8.387597489434928,-5.8722244810071,-8.4228684081588,-10.95999999998393
3.6999999999999966,1.0477321013524574,1.0715194350153654,1.0729898322851839,1.0715426496209184,1.0644639798183162,1.059581544561555,1.0607168696888134,1.0300000000013947,-12.195720590367944,-14.091274988636743,-13.464548332694704,-11.500564676861776,-8.387597489434928,-5.8722244810071,-8.4228684081588,-10.95999999998393
3.73333333333333,1.0477321013524574,1.0715194350153654,1.0729898322851839,1.0715426496209184,1.0644639798183162,1.059581544561555,1.0607168696888134,1.0300000000013947,-12.195720590367944,-14.091274988636743,-13.464548332694704,-11.500564676861776,-8.387597489434928,-5.8722244810071,-8.4228684081588,-10.95999999998393
3.766666666666663,1.0477321013524574,1.0715194350153654,1.0729898322851839,1.0715426496209184,1.0644639798183162,1.059581544561555,1.0607168696888134,1.0300000000013947,-12.195720590367944,-14.091274988636743,-13.464548332694704,-11.500564676861776,-8.387597489434928,-5.8722244810071,-8.4228684081588,-10.95999999998393
3.7999999999999963,1.0477321013524574,1.0715194350153654,1.0729898322851839,1.0715426496209184,1.0644639798183162,1.059581544561555,1.0607168696888134,1.0300000000013947,-12.195720590367944,-14.091274988636743,-13.464548332694704,-11.500564676861776,-8.387597489434928,-5.8722244810071,-8.4228684081588,-10.95999999998393
3.8333333333333295,1.0477321013524574,1.0715194350153654,1.0729898322851839,1.0715426496209184,1.0644639798183162,1.059581544561555,1.0607168696888134,1.0300000000013947,-12.195720590367944,-14.091274988636743,-13.464548332694704,-11.500564676861776,-8.387597489434928,-5.8722244810071,-8.4228684081588,-10.95999999998393
3.8666666666666627,1.0477321013524574,1.0715194350153654,1.0729898322851839,1.0715426496209184,1.0644639798183162,1.059581544561555,1.0607168696888134,1.0300000000013947,-12.195720590367944,-14.091274988636743,-13.464548332694704,-11.500564676861776,-8.387597489434928,-5.8722244810071,-8.4228684081588,-10.95999999998393
3.899999999999996,1.0477321013524574,1.0715194350153654,1.0729898322851839,1.0715426496209184,1.0644639798183162,1.059581544561555,1.0607168696888134,1.0300000000013947,-12.195720590367944,-14.091274988636743,-13.464548332694704,-11.500564676861776,-8.387597489434928,-5.8722244810071,-8.4228684081588,-10.95999999998393
3.933333333333329,1.0477321013524574,1.0715194350153654,1.0729898322851839,1.0715426496209184,1.0644639798183162,1.059581544561555,1.0607168696888134,1.0300000000013947,-12.195720590367944,-14.091274988636743,-13.464548332694704,-11.500564676861776,-8.387597489434928,-5.8722244810071,-8.4228684081588,-10.95999999998393
3.9666666666666623,1.0477321013524574,1.0715194350153654,1.0729898322851839,1.0715426496209184,1.0644639798183162,1.059581544561555,1.0607168696888134,1.0300000000013947,-12.195720590367944,-14.091274988636743,-13.464548332694704,-11.500564676861776,-8.387597489434928,-5.8722244810071,-8.4228684081588,-10.95999999998393
3.9999999999999956,1.0477321013524574,1.0715194350153654,1.0729898322851839,1.0715426496209184,1.0644639798183162,1.059581544561555,1.0607168696888134,1.0300000000013947,-12.195720590367944,-14.091274988636743,-13.464548332694704,-11.500564676861776,-8.387597489434928,-5.8722244810071,-8.4228684081588,-10.95999999998393
4.033333333333329,1.0477321013524574,1.0715194350153654,1.0729898322851839,1.0715426496209184,1.0644639798183162,1.059581544561555,1.0607168696888134,1.0300000000013947,-12.195720590367944,-14.091274988636743,-13.464548332694704,-11.500564676861776,-8.387597489434928,-5.8722244810071,-8.4228684081588,-10.95999999998393
4.066666666666662,1.0477321013524574,1.0715194350153654,1.0729898322851839,1.0715426496209184,1.0644639798183162,1.059581544561555,1.0607168696888134,1.0300000000013947,-12.195720590367944,-14.091274988636743,-13.464548332694704,-11.500564676861776,-8.387597489434928,-5.8722244810071,-8.4228684081588,-10.95999999998393
4.099999999999995,1.0477321013524574,1.0715194350153654,1.0729898322851839,1.0715426496209184,1.0644639798183162,1.059581544561555,1.0607168696888134,1.0300000000013947,-12.195720590367944,-14.091274988636743,-13.464548332694704,-11.500564676861776,-8.387597489434928,-5.8722244810071,-8.4228684081588,-10.95999999998393
4.133333333333328,1.0477321013524574,1.0715194350153654,1.0729898322851839,1.0715426496209184,1.0644639798183162,1.059581544561555,1.0607168696888134,1.0300000000013947,-12.195720590367944,-14.091274988636743,-13.464548332694704,-11.500564676861776,-8.387597489434928,-5.8722244810071,-8.4228684081588,-10.95999999998393
4.166666666666662,1.0477321013524574,1.0715194350153654,1.0729898322851839,1.0715426496209184,1.0644639798183162,1.059581544561555,1.0607168696888134,1.0300000000013947,-12.195720590367944,-14.091274988636743,-13.464548332694704,-11.500564676861776,-8.387597489434928,-5.8722244810071,-8.4228684081588,-10.95999999998393
4.199999999999995,1.0477321013524574,1.0715194350153654,1.0729898322851839,1.0715426496209184,1.0644639798183162,1.059581544561555,1.0607168696888134,1.0300000000013947,-12.195720590367944,-14.091274988636743,-13.464548332694704,-11.500564676861776,-8.387597489434928,-5.8722244810071,-8.4228684081588,-10.95999999998393
4.233333333333328,1.0477321013524574,1.0715194350153654,1.0729898322851839,1.0715426496209184,1.0644639798183162,1.059581544561555,1.0607168696888134,1.0300000000013947,-12.195720590367944,-14.091274988636743,-13.464548332694704,-11.500564676861776,-8.387597489434928,-5.8722244810071,-8.4228684081588,-10.95999999998393
4.266666666666661,1.0477321013524574,1.0715194350153654,1.0729898322851839,1.0715426496209184,1.0644639798183162,1.059581544561555,1.0607168696888134,1.0300000000013947,-12.195720590367944,-14.091274988636743,-13.464548332694704,-11.500564676861776,-8.387597489434928,-5.8722244810071,-8.4228684081588,-10.95999999998393
4.2999999999999945,1.0477321013524574,1.0715194350153654,1.0729898322851839,1.0715426496209184,1.0644639798183162,1.059581544561555,1.0607168696888134,1.0300000000013947,-12.195720590367944,-14.091274988636743,-13.464548332694704,-11.500564676861776,-8.387597489434928,-5.8722244810071,-8.4228684081588,-10.95999999998393
4.333333333333328,1.0477321013524574,1.0715194350153654,1.0729898322851839,1.0715426496209184,1.0644639798183162,1.059581544561555,1.0607168696888134,1.0300000000013947,-12.195720590367944,-14.091274988636743,-13.464548332694704,-11.500564676861776,-8.387597489434928,-5.8722244810071,-8.4228684081588,-10.95999999998393
4.366666666666661,1.0477321013524574,1.0715194350153654,1.0729898322851839,1.0715426496209184,1.0644639798183162,1.059581544561555,1.0607168696888134,1.0300000000013947,-12.195720590367944,-14.091274988636743,-13.464548332694704,-11.500564676861776,-8.387597489434928,-5.8722244810071,-8.4228684081588,-10.95999999998393
4.399999999999994,1.0477321013524574,1.0715194350153654,1.0729898322851839,1.0715426496209184,1.0644639798183162,1.059581544561555,1.0607168696888134,1.0300000000013947,-12.195720590367944,-14.091274988636743,-13.464548332694704,-11.500564676861776,-8.387597489434928,-5.8722244810071,-8.4228684081588,-10.95999999998393
4.433333333333327,1.0477321013524574,1.0715194350153654,1.0729898322851839,1.0715426496209184,1.0644639798183162,1.059581544561555,1.0607168696888134,1.0300000000013947,-12.195720590367944,-14.091274988636743,-13.464548332694704,-11.500564676861776,-8.387597489434928,-5.8722244810071,-8.4228684081588,-10.95999999998393
4.466666666666661,1.0477321013524574,1.0715194350153654,1.0729898322851839,1.0715426496209184,1.0644639798183162,1.059581544561555,1.0607168696888134,1.0300000000013947,-12.195720590367944,-14.091274988636743,-13.464548332694704,-11.500564676861776,-8.387597489434928,-5.8722244810071,-8.4228684081588,-10.95999999998393
4.499999999999994,1.0477321013524574,1.0715194350153654,1.0729898322851839,1.0715426496209184,1.0644639798183162,1.059581544561555,1.0607168696888134,1.0300000000013947,-12.195720590367944,-14.091274988636743,-13.464548332694704,-11.500564676861776,-8.387597489434928,-5.8722244810071,-8.4228684081588,-10.95999999998393
4.533333333333327,1.0477321013524574,1.0715194350153654,1.0729898322851839,1.0715426496209184,1.0644639798183162,1.059581544561555,1.0607168696888134,1.0300000000013947,-12.195720590367944,-14.091274988636743,-13.464548332694704,-11.500564676861776,-8.387597489434928,-5.8722244810071,-8.4228684081588,-10.95999999998393
4.56666666666666,1.0477321013524574,1.0715194350153654,1.0729898322851839,1.0715426496209184,1.0644639798183162,1.059581544561555,1.0607168696888134,1.0300000000013947,-12.195720590367944,-14.091274988636743,-13.464548332694704,-11.500564676861776,-8.387597489434928,-5.8722244810071,-8.4228684081588,-10.95999999998393
4.599999999999993,1.0477321013524574,1.0715194350153654,1.0729898322851839,1.0715426496209184,1.0644639798183162,1.059581544561555,1.0607168696888134,1.0300000000013947,-12.195720590367944,-14.091274988636743,-13.464548332694704,-11.500564676861776,-8.387597489434928,-5.8722244810071,-8.4228684081588,-10.95999999998393
4.633333333333327,1.0477321013524574,1.0715194350153654,1.0729898322851839,1.0715426496209184,1.0644639798183162,1.059581544561555,1.0607168696888134,1.0300000000013947,-12.195720590367944,-14.091274988636743,-13.464548332694704,-11.500564676861776,-8.387597489434928,-5.8722244810071,-8.4228684081588,-10.95999999998393
4.66666666666666,1.0477321013524574,1.0715194350153654,1.0729898322851839,1.0715426496209184,1.0644639798183162,1.059581544561555,1.0607168696888134,1.0300000000013947,-12.195720590367944,-14.091274988636743,-13.464548332694704,-11.500564676861776,-8.387597489434928,-5.8722244810071,-8.4228684081588,-10.95999999998393
4.699999999999993,1.0477321013524574,1.0715194350153654,1.0729898322851839,1.0715426496209184,1.0644639798183162,1.059581544561555,1.0607168696888134,1.0300000000013947,-12.195720590367944,-14.091274988636743,-13.464548332694704,-11.500564676861776,-8.387597489434928,-5.8722244810071,-8.4228684081588,-10.95999999998393
4.733333333333326,1.0477321013524574,1.0715194350153654,1.0729898322851839,1.0715426496209184,1.0644639798183162,1.059581544561555,1.0607168696888134,1.0300000000013947,-12.195720590367944,-14.091274988636743,-13.464548332694704,-11.500564676861776,-8.387597489434928,-5.8722244810071,-8.4228684081588,-10.95999999998393
4.7666666666666595,1.0477321013524574,1.0715194350153654,1.0729898322851839,1.0715426496209184,1.0644639798183162,1.059581544561555,1.0607168696888134,1.0300000000013947,-12.195720590367944,-14.091274988636743,-13.464548332694704,-11.500564676861776,-8.387597489434928,-5.8722244810071,-8.4228684081588,-10.95999999998393
4.799999999999993,1.0477321013524574,1.0715194350153654,1.0729898322851839,1.0715426496209184,1.0644639798183162,1.059581544561555,1.0607168696888134,1.0300000000013947,-12.195720590367944,-14.091274988636743,-13.464548332694704,-11.500564676861776,-8.387597489434928,-5.8722244810071,-8.4228684081588,-10.95999999998393
4.833333333333326,1.0477321013524574,1.0715194350153654,1.0729898322851839,1.0715426496209184,1.0644639798183162,1.059581544561555,1.0607168696888134,1.0300000000013947,-12.195720590367944,-14.091274988636743,-13.464548332694704,-11.500564676861776,-8.387597489434928,-5.8722244810071,-8.4228684081588,-10.95999999998393
4.866666666666659,1.0477321013524574,1.0715194350153654,1.0729898322851839,1.0715426496209184,1.0644639798183162,1.059581544561555,1.0607168696888134,1.0300000000013947,-12.195720590367944,-14.091274988636743,-13.464548332694704,-11.500564676861776,-8.387597489434928,-5.8722244810071,-8.4228684081588,-10.95999999998393
4.899999999999992,1.0477321013524574,1.0715194350153654,1.0729898322851839,1.0715426496209184,1.0644639798183162,1.059581544561555,1.0607168696888134,1.0300000000013947,-12.195720590367944,-14.091274988636743,-13.464548332694704,-11.500564676861776,-8.387597489434928,-5.8722244810071,-8.4228684081588,-10.95999999998393
4.933333333333326,1.0477321013524574,1.0715194350153654,1.0729898322851839,1.0715426496209184,1.0644639798183162,1.059581544561555,1.0607168696888134,1.0300000000013947,-12.195720590367944,-14.091274988636743,-13.464548332694704,-11.500564676861776,-8.387597489434928,-5.8722244810071,-8.4228684081588,-10.95999999998393
4.966666666666659,1.0477321013524574,1.0715194350153654,1.0729898322851839,1.0715426496209184,1.0644639798183162,1.059581544561555,1.0607168696888134,1.0300000000013947,-12.195720590367944,-14.091274988636743,-13.464548332694704,-11.500564676861776,-8.387597489434928,-5.8722244810071,-8.4228684081588,-10.95999999998393
4.9999,1.0477321013524574,1.0715194350153654,1.0729898322851839,1.0715426496209184,1.0644639798183162,1.059581544561555,1.0607168696888134,1.0300000000013947,-12.195720590367944,-14.091274988636743,-13.464548332694704,-11.500564676861776,-8.387597489434928,-5.8722244810071,-8.4228684081588,-10.95999999998393
5.0,1.0477321013524574,1.0715194350153654,1.0729898322851839,1.0715426496209184,1.0644639798183162,1.059581544561555,1.0607168696888134,1.0300000000013947,-12.195720590367944,-14.091274988636743,-13.464548332694704,-11.500564676861776,-8.387597489434928,-5.8722244810071,-8.4228684081588,-10.95999999998393
5.0001,0.9534843719671912,0.37583183662597475,0.37408213040034416,0.6233657537248395,1.011402972915861,0.9811366001469383,1.0318847264356503,1.0265908466538787,-10.874486211412055,-8.539734327443952,-7.150423240226157,-7.4379579673601794,-7.438577887533316,-3.990966819801643,-7.836766633702246,-10.8765750239011
5.031766666666666,0.8717444302414213,0.2964504093287921,0.28838329522698075,0.4462818072866325,0.9258568365821624,0.9175462888606799,0.9815982569754447,0.9752154411881402,-9.289892648031737,-5.050624199644897,-3.1557863119486727,-2.13312771323011,-4.930618890450863,-1.410800230980976,-6.525485620267563,-10.700655637115789
5.065099999999999,0.8568452382223929,0.2958052565902955,0.28825240571320043,0.45792921216031035,0.9175217743389111,0.9089425288934154,0.9662035136929945,0.9593221451746343,-7.904652632714243,-2.424511785700753,-0.27843242057874495,0.6126159141813804,-3.255147167799887,0.3016974264915422,-5.239181362670679,-10.497313555974552
5.083233333333333,0.8531646418782768,0.29184247432098964,0.28410019746671455,0.4499210275948179,0.9141997800536595,0.9048157300078418,0.9635693305590093,0.9564667645919366,-7.08879610367645,-0.8704899068218422,1.4504654626736666,2.358426135465201,-2.205557206015019,1.4095791824190593,-4.511189104654666,-10.374475903888637
5.083333333333333,0.8531464881276158,0.2918251657630101,0.28408235208073707,0.44989200996166745,0.9141807124373552,0.9047940253642444,0.9635578843510394,0.9564550857564776,-7.084006099938664,-0.8609673991858644,1.4610355068820158,2.3693824047103482,-2.1992017456732325,1.4162058035928857,-4.506985981010137,-10.373763115451506
5.083433333333333,0.9282271601470489,0.8398238888377048,0.8340236666680886,0.8012495350655245,0.9563203874545456,0.9671481340599746,0.986733483534294,0.9592441911924742,-8.01601839395204,-7.032985605204858,-6.150193935772453,-3.237502759150384,-2.958793381604284,-0.11538159881916989,-4.91963145762096,-10.425846912955095
5.116766666666666,1.012736486013852,1.0166115542465575,1.0165689407751972,1.0216578563908485,1.0370344649339969,1.0314523095023913,1.0354120580985828,1.0032518254211846,-7.467673453496195,-6.399153053800961,-5.538729320058345,-3.0897670197831646,-2.64631180896563,0.032510440475929964,-4.402901632375654,-10.052470298437495
5.150099999999999,1.026071831074541,1.0148724671282332,1.0142967940716991,1.0109475945860544,1.0438503463631166,1.0362876738961757,1.0507244248569618,1.0187091247641524,-6.374336880704663,-5.037568556667029,-4.1460038502082845,-1.6957562259275951,-1.1673921442989827,1.5072276085152239,-3.4713650315820477,-9.698117316760353
5.1834333333333324,1.0272732887270162,1.0121354976723744,1.0113650138354326,1.0086629825911408,1.0431995614920613,1.0364301628399044,1.05383232752811,1.022082812327914,-5.015164733234108,-3.2308029811820544,-2.302581923447563,0.29855695974019747,0.627435742175795,3.259591315955056,-2.2046376261951544,-9.266951164589004
5.216766666666666,1.0266563773719561,1.0074599739834982,1.0064918718203266,1.0033798615348242,1.0424159824735357,1.0357897529235525,1.0545312674776492,1.0225318131711092,-3.6045940848123825,-1.6314207655169588,-0.681509524325534,2.0070332798946335,2.4248455939074627,5.021394604904967,-0.7710175088339071,-8.740723232466825
5.250099999999999,1.026017755171017,1.0052832969962284,1.004258365021416,1.000904398056056,1.0415350290824001,1.0349944596613079,1.0546932341263984,1.022372457606892,-2.2191656668562025,-0.2523990109969497,0.7033408511581449,3.4747565486507423,4.153117002910941,6.731008647824956,0.7273684783752813,-8.129708060680166
5.283433333333332,1.0257789972469469,1.005759229324333,1.004800611002994,1.001107547893,1.0409244491595613,1.0343436405844897,1.0546946158132016,1.0222682842994757,-0.8947522410084471,0.861588898401814,1.8068045221037754,4.638693293084091,5.773601528232401,8.350684214960307,2.2475471248511933,-7.435459907589979
5.316766666666665,1.02603156691957,1.0088350794636924,1.0080559228763863,1.0039934914375765,1.0406428187216736,1.0339496900627427,1.0546258283429646,1.0223982027515761,0.35023449917375427,1.7200407728643248,2.640131445374622,5.51167115887207,7.264187458849638,9.856877920990692,3.765033943362164,-6.658449867624397
5.3500999999999985,1.026755937693379,1.0141155729058917,1.0136073416219253,1.0091893816491178,1.040690539248627,1.0338537225591915,1.0545013632978804,1.0228078063136612,1.5017729531760715,2.338465231473355,3.221184153420997,6.1098288810033985,8.607807162210067,11.229210477440692,5.258176040643124,-5.799517841865964
5.383433333333332,1.0278784614877072,1.0210491440394345,1.0208770596778887,1.016173061257993,1.0410256416995318,1.0340504170395315,1.0543022461643403,1.023490886450306,2.548696620824215,2.742516681619021,3.578570424653267,6.46141527770546,9.792339906340537,12.450423100609253,6.704547877589501,-4.861198988057893
5.416766666666665,1.0293000360493318,1.0290094288340332,1.0292104008514673,1.0243381619484357,1.0415831330848395,1.034514905782311,1.0539978494567244,1.0244140566754907,3.4831160805699883,2.965814375596103,3.7492028301649905,6.603170275750976,10.809800927784886,13.506831316905673,8.081155670051388,-3.8477662999525863
5.450099999999998,1.030921581634278,1.037382654165089,1.0379661810235508,1.0330773749913562,1.0423051330445856,1.0352290119871355,1.053566478182044,1.0255282161146164,4.301507379145841,3.0495224444946705,3.7776753958983194,6.579937815898831,11.657210534926664,14.389285711499744,9.365678152248679,-2.7649656262468514
5.483433333333331,1.0326640640067617,1.0456379574440402,1.0465893541711262,1.0418494171031412,1.0431594536602091,1.0361978000904253,1.0530126601304206,1.026777673136546,5.005398029703302,3.040423696836609,3.7141220072814787,6.4427169151040635,12.336446529657582,15.093673445556147,10.537780062658287,-1.6196312586976325
5.516766666666665,1.0344801061060016,1.053373726314567,1.0546589150722192,1.0502255937691987,1.0441503395060572,1.0374547549009097,1.0523775470975525,1.0281082649519175,5.601456801775117,2.987948900297066,3.611039914402823,6.245829421051002,12.854047050473278,15.621093346101626,11.580204929626108,-0.41933516451305003
5.550099999999998,1.0363545503914209,1.0603323083528868,1.0619032682104348,1.0579086148856325,1.0453160946606541,1.039054028564482,1.0517397244186704,1.0294736688833221,6.100967509073406,2.9404716499883503,3.519406164209277,6.0433223716590865,13.220538301216688,15.977715300736278,12.479554978838264,0.8278750550754995
5.583433333333331,1.038295156544313,1.0663862450790096,1.068186362851823,1.0647254462843312,1.04671651009021,1.0410532499678047,1.051206463875564,1.0308389463714842,6.5188591831502976,2.941485888369205,3.4847095698801676,5.885099784429189,13.449665767552194,16.174498409344213,13.226790843788788,2.113639757047995
5.616766666666664,1.0403170465869485,1.0715041439401276,1.073472933667569,1.0706003340003905,1.0484137315340416,1.0434920129704692,1.0508977444781866,1.0321810052638083,6.872499526900101,3.0262881289455503,3.543534795985472,5.813320257072166,13.557587476485265,16.226845426793922,13.817515386252502,3.4293783409790652
5.6500999999999975,1.0424262449651807,1.0757095858744858,1.077786566611388,1.0755189279254702,1.050452206415581,1.0463724370047638,1.050927019193871,1.0334865078540647,7.180438898502536,3.2196297374554987,3.721170533912234,5.8595413285574995,13.562172699348231,16.15421216384368,14.252096888519393,4.7663466961249865
5.683433333333331,1.0446074965242964,1.0790460904796166,1.081173863754835,1.0794952499866541,1.0528429660949217,1.049647292969261,1.0513831192940704,1.0347484299598841,7.461227623073865,3.5345886897508096,4.030494997545704,6.042955646424914,13.482419593174026,15.979609719184584,14.535652303736704,6.115694922271813
5.716766666666664,1.0468194852519432,1.081556046612256,1.0836827344501279,1.0825496260535523,1.0555557510764535,1.0532186804260553,1.0523167565253748,1.035962611003698,7.732370383274754,3.972698750125823,4.472177038258112,6.369895680274093,13.337979745335504,15.728925614079422,14.677880078591466,7.468541764884645
5.750099999999997,1.0489983760972434,1.083276564431642,1.085357764608747,1.0847021731098168,1.0585203739360374,1.0569476470331305,1.0537337666850357,1.0371253509645628,8.009459792207641,4.525208828000025,5.036056788985572,6.834617453384567,13.148755920562106,15.430028680961332,14.69273389795605,8.816067601377311
5.78343333333333,1.0510679639595675,1.0842485149611703,1.0862488427942532,1.0859800585315023,1.0616362698105404,1.0606721984322913,1.055595539462797,1.0382325145117417,8.305514067826467,5.1751958693980615,5.703415636076013,7.421175426359352,12.93454985900619,15.111683817711464,14.597943398964206,10.149619183273424
5.8167666666666635,1.0529532388276768,1.0845319608393449,1.086426151687281,1.0864330693853308,1.0647874060638007,1.0642293658594475,1.0578257229785448,1.0392799836983084,8.630539962513312,5.90017984235194,6.44976486167324,8.106068999665359,12.714744284029113,14.80235420034909,14.414408999666087,11.460815006944474
5.850099999999997,1.054593571419832,1.0842200592447144,1.085993552172005,1.086149698794488,1.0678588179202408,1.0674763650367156,1.0603213338591977,1.0402648853805232,8.991332290767733,6.674863816831159,7.247756275861071,8.861259194437205,12.508015206449535,14.529007758195943,14.165511988567049,12.741642207463544
5.88343333333333,1.0559526005627917,1.0834456083520978,1.0850945171142308,1.08526684885544,1.0707511805971643,1.0703065807510437,1.062966022745401,1.0411868913506666,9.391493179119411,7.473670108325604,8.069869862838432,9.657155957672735,12.332041469394104,14.315995245817549,13.876367913583692,13.984540215813512
5.916766666666663,1.0570228263358425,1.0823770735143974,1.0839075021296303,1.0839684577344213,1.0733907101094364,1.0726578238163276,1.0656432067965085,1.0420489938963111,9.831645613344243,8.272832791976368,8.890628492925334,10.46525204274346,12.20319381991042,14.18409159132666,13.573041551572501,15.182467810853089
5.950099999999996,1.0578247691980676,1.0812049436637523,1.0826316656381663,1.0824725292581485,1.075733247187458,1.0745124784387319,1.0682472394248372,1.0428574658209107,10.30979564616744,9.051923302180144,9.688212267658091,11.260189593675655,12.136171603985982,14.149722331326426,13.281721400997805,16.32895375572281
5.98343333333333,1.058401626396681,1.0801217049048293,1.0814663029420228,1.0810092588496776,1.0777627927115128,1.075890982640552,1.0706913746806257,1.0436210122433172,10.821798756642568,9.794789705419559,10.44545311735268,12.021169480220575,12.14358044280323,14.224402688275042,13.027851079594534,17.41813303437277
6.016766666666663,1.058811109863079,1.07930010126146,1.0805887297378425,1.0797951934774113,1.079485904507484,1.0768412381513608,1.0729119509631657,1.04434936769481,11.361891167799929,10.489971324064523,11.150273546344257,12.732721967537792,12.235474362520032,14.414409869950571,12.835227080516951,18.44477274231898
6.050099999999996,1.0591162905354357,1.0788741932891726,1.0801351693606993,1.079008839846565,1.0809239132416963,1.0774268013209,1.0748688386528218,1.045051703967925,11.923254119023545,11.130694980040195,11.795678821811842,13.384932446349039,12.41891488038854,14.720711469659962,12.72509419357345,19.404292196993804
6.083433333333329,1.0593770162978138,1.078926518771867,1.0801879617385695,1.0787721832638917,1.082104916338499,1.07771626201358,1.0765427102285556,1.045735202683744,12.49858364371642,11.714570676791729,12.379423845176479,13.973252272577787,12.697616872263866,15.139168982164769,12.715291534818986,20.292782085910424
6.1167666666666625,1.0596430212604544,1.079482964150813,1.0807706851058365,1.0791407910438084,1.0830571132364908,1.077775369408019,1.0779300783405366,1.046404048196691,13.080638247325732,12.243090486398913,12.903462510128096,14.498024684236684,13.071749155087835,15.661019555598202,12.819514810318434,21.107026225591365
6.150099999999996,1.0599493645291997,1.08051529231588,1.0818510923488036,1.0801032035079798,1.0838044419714605,1.0776625108468911,1.0790372842803457,1.0470589611103653,13.66273374977783,12.721006827499057,13.373260684013976,14.963830275973889,13.53793766500222,16.273612552939813,13.046759602101034,21.844527325055715
6.183433333333329,1.0603144086094094,1.081949983598765,1.0833504594008396,1.0815886389366962,1.0843648314942813,1.0774273094956046,1.079874677026144,1.0476972627943382,14.239152037401047,13.155637144237277,13.797025649282158,15.378720137693897,14.08948761812328,16.9613470789135,13.400996470796338,22.503536022865408
6.216766666666662,1.0607401926043398,1.0836812711653072,1.0851571640407072,1.0834808856965215,1.0847508103073698,1.0771115048885223,1.0804520772134125,1.0483133635097368,14.805431453672497,13.556119468641649,14.184882742119092,15.75337069036241,14.71680716222387,17.706730994333764,13.881105283692795,23.083079399454462
6.250099999999995,1.0612147718976088,1.0855859779767694,1.0871420463730623,1.0856356612975404,1.0849717828227867,1.0767509763524428,1.0807762771955078,1.0488995113295327,15.35851365309194,13.932632163786245,14.548018444529339,16.10017237480843,15.407986841602124,18.491467900769162,14.481069431241673,23.58298456635127
6.2834333333333285,1.0617158941177225,1.0875378984472517,1.0891732508564411,1.0878986199892997,1.0850370442170885,1.0763777665293495,1.080850843474761,1.049446625636498,15.896733478269933,14.29559118219067,14.897808304040298,16.43225901770531,16.149472403715,19.29748004244265,15.19040465369776,24.00389198546693
6.316766666666662,1.0622152778099103,1.0894199069579424,1.0911287028149066,1.0901215050013708,1.0849585763656606,1.0760212217678617,1.0806779610420043,1.0499450612191892,16.419654742792062,14.654847296000625,15.244955851532305,16.762495734758517,16.926764473590016,20.107790267708165,15.994778873025064,24.34725351235831
6.350099999999995,1.0626827791778415,1.091132616080156,1.0929050259164657,1.0921745896670112,1.0847528459787852,1.0757078031258938,1.080261615740975,1.050385197457291,16.927771973874393,15.018920009514469,15.598681584967236,17.102465885671677,17.725086102646543,20.907211276644816,16.876767778502906,24.615311961862663
6.383433333333328,1.063089875711661,1.092599152270258,1.0944224633552424,1.0939544381758484,1.0844411674908583,1.075459620624786,1.0796111583764922,1.0507578112201699,17.42211368139361,15.394318330964497,15.966013392220006,17.461522955533823,18.529974326181257,21.682818415257806,17.816688514892,24.811059896323147
6.416766666666661,1.0634121354752786,1.0937663535555266,1.095626113087644,1.0953869994773586,1.0840486124236859,1.0752921777018005,1.0787442884499787,1.0510542582243145,17.903793667090095,15.7850056951392,16.351235988563378,17.845991107864638,19.327769026853694,22.424206941277415,18.79345752215311,24.938177935916052
6.450099999999995,1.0636306181590116,1.0946032856317447,1.096484389678878,1.096426921328595,1.0836018339773967,1.0752120757654744,1.0776887203912588,1.051266541185956,18.37356188872345,16.192062318831777,16.755552193850452,18.25859993121519,20.105987752323855,23.123552022208795,19.78542629062174,25.000954190479877
6.483433333333328,1.0637323927086444,1.095098289210367,1.0969859500932542,1.097054522735254,1.0831264252682393,1.075215459636733,1.0764821679469998,1.0513873702504288,18.83140388007789,16.613581785789528,17.176991694130013,18.698220834468696,20.853585799753457,23.775498802148064,20.771157930434722,25.004187791766682
6.516766666666661,1.0637104938724933,1.0952557381028885,1.0971362911994205,1.097271949703324,1.0826444818158776,1.0752877901034292,1.0751706866943564,1.0514103138750834,19.276229790164763,17.044812784521817,17.610576336951354,19.159937965369608,21.561107095872657,24.376913042267454,21.730116714014414,24.95307992988131
6.550099999999994,1.0635636479433523,1.09509333566022,1.0969548725418066,1.0970996722690496,1.082172898663883,1.0754051793268593,1.0738057428020797,1.0513300978008726,19.705682036323072,17.478527267389474,18.048720631347933,19.635443076448684,22.220734699679205,24.92652334233728,22.64325156983937,24.853116857048608
6.5834333333333275,1.0632959953472785,1.0946402436717515,1.0964730764348287,1.0965738275488417,1.0817226668266045,1.075537129405728,1.0724405628192641,1.0511430483280524,20.116076572964722,17.905570036712767,18.481819321226425,20.113702704430008,22.826252185328872,25.424486565490856,23.49346284089395,24.709948692543193
6.616766666666661,1.0629168782009941,1.0939358225002023,1.095732791820784,1.09574424296159,1.081299141303739,1.0756501883038918,1.0711263530201873,1.050847612970041,20.502478716121107,18.31552599250689,18.898954829861264,20.58181422558284,23.372929715243263,25.87190946920277,24.265949243341723,24.52926809848371
6.650099999999994,1.062440612963377,1.0930284403915629,1.0947850788516733,1.0946725320215063,1.0809030267729358,1.075711864876261,1.0699088905756813,1.0504448471048753,20.858901878163667,18.697433892308172,19.288650091203905,21.02595186781387,23.857351564378497,26.270361431619794,24.948438873247174,24.316692433099224
6.683433333333327,1.0618860842641282,1.09197377012106,1.0936883274035418,1.093429571422916,1.0805317214442647,1.075694155789842,1.0688258378435311,1.0499387433052179,21.178607279679753,19.04047867487911,19.639595939541902,21.432304522862758,24.277204537693766,26.62141346381915,25.531312634721896,24.077652474792984
6.71676666666666,1.061276010954784,1.0908322273947297,1.0925055600785896,1.092091939299131,1.0801806719211293,1.0755761838056062,1.0679049613504068,1.04933630458483,21.454474722167998,19.334605847679263,19.941294446601308,21.787921288697124,24.63104693229295,26.9262362383925,26.007631655671357,23.817290295071604
6.7500999999999935,1.0606357209133899,1.0896654010401867,1.0913007330003208,1.0907371857151038,1.079844547830974,1.0753458127428164,1.0671633165959453,1.0486473018258526,21.67941784920528,19.57102435058374,20.184583010809355,22.08141084008986,24.91808686791828,27.185293833241992,26.37308590553055,23.540367478865033
6.783433333333327,1.05999167747725,1.088532151667113,1.0901347115904347,1.0894386804713654,1.0795180730863048,1.0750000165718683,1.0666072994480071,1.0478837693280012,21.8467967895027,19.74256936218242,20.36201106379071,22.303451906603552,25.137969794308898,27.398135929884383,26.6258677432211,23.251188572849905
6.81676666666666,1.0593696012122609,1.0874844595815345,1.0890610238559393,1.0882603339251868,1.0791965789825926,1.074544503869364,1.0662334551703174,1.0470592207156106,21.950816807137468,19.843938677030938,20.468082231941278,22.4471257505746,25.290619890969328,27.5633287821874,26.766496096308856,22.953535388005484
6.850099999999993,1.0587926488549297,1.086563975089836,1.0881223428263775,1.0872522449168078,1.0788764302746539,1.07399270064933,1.0660298891688802,1.0461877921547122,21.98687414025487,19.871803960589446,20.49936498607641,22.508071821501105,25.37612441301827,27.678504541733027,26.797594223707687,22.650619973399444
6.883433333333326,1.058279789001253,1.0857996380219876,1.0873480802420576,1.0864478130818882,1.0785553219001112,1.07336440939159,1.0659780607131495,1.0452833623797,21.951832889956254,19.82481983877674,20.45449564103271,22.484495936222913,25.39467729763881,27.740529333442822,26.72363539688967,22.34505393434346
6.91676666666666,1.0578445975971016,1.0852066490886343,1.0867533735871393,1.0858626383043302,1.0782325666262729,1.0726843594003417,1.06605478479358,1.044358778794341,21.844217769120842,19.703549406065797,20.334093687308787,22.37705715442456,25.34657934848977,27.745768234417923,26.550666637633615,22.03883581552082
6.950099999999993,1.0574946106018481,1.0847868305304011,1.0863395011419625,1.085495233414903,1.0779093557278212,1.0719807401545736,1.0662342584733806,1.0434252672557274,21.664313568812606,19.510323182410296,20.14060781459386,22.188658729973355,25.232288792086795,27.69041992890151,26.28602053943749,21.733356656789503
6.983433333333326,1.0572312763646095,1.0845301848561177,1.0860955256964033,1.085329277697683,1.0775889439699342,1.0712837307464793,1.066489951190048,1.0424920688476178,21.41416796519277,19.24904446225176,19.87810676511321,21.924164113019096,25.052510556765306,27.57088858686659,25.938024018716774,21.429422832460293
7.016766666666659,1.0570504581689009,1.0844173100558863,1.086000814383381,1.0853369472828778,1.0772766803081417,1.0706239874481358,1.0667962292225632,1.0415663104487696,21.097499786131337,18.924950871129468,19.552025838240347,21.59005549749731,24.808309221463762,27.384159860103416,25.5157122455396,21.12729437660326
7.0500999999999925,1.0569433650007674,1.0844222606628222,1.0860280121773065,1.085482774793922,1.0769798116849683,1.070031050098192,1.0671296236404237,1.0406530838110317,20.719520603016324,18.544341074395952,19.168878825995826,21.194051110325336,24.501229442601137,27.12815030497728,25.02855496344896,20.826736183781097
7.083433333333326,1.0568977457402147,1.0845154573560432,1.0861460610304636,1.0857275135837947,1.0767070197416535,1.069531665203309,1.0674696951004476,1.0397556853992562,20.28668264982101,18.114276391095927,18.73594579353075,20.74469812808366,24.133408262827004,26.802004622974813,24.486201217716452,20.527078957572222
7.116766666666659,1.0568991728227448,1.0846663237401424,1.086322934923129,1.0860315864333754,1.0764677010196702,1.0691480858151605,1.0677994930375205,1.0388759572405433,19.806370771656425,17.642269511370177,18.26094943073428,20.25096030402491,23.70766611494897,26.40632169337293,23.8982478288794,20.22728656721652
7.150099999999992,1.056932264182828,1.0848454423475713,1.0865278774747296,1.086357850473406,1.0762710553519947,1.0688964720908216,1.0681056479515318,1.0380146676787296,19.28655938033201,17.1359749478601,17.751735019391155,19.721821340249683,23.227566532571377,25.943297204330502,23.274035378687646,19.926026644252264
7.183433333333325,1.0569817357900482,1.085026143861824,1.0867330536014903,1.0866735714712652,1.07612509119897,1.0687855627343368,1.0683781685684854,1.0371718791200475,18.735457258516792,16.602897303836812,17.215970403487052,19.165925478158275,22.69743844124525,25.41677710470392,22.62247445797921,19.621741603855522
7.216766666666659,1.0570332298589045,1.0851855484014075,1.0869146338594113,1.0869516383228683,1.0760356805304239,1.0688158006348927,1.0686100353173087,1.0363472639649614,18.161163454310437,16.050133198037194,16.66088199425666,18.591274939158176,22.122358361181885,24.83222157859055,21.951904256047793,19.31271783924511
7.250099999999992,1.05707391294652,1.0853051472201198,1.0870534011050137,1.0871711400823758,1.076005793476624,1.068979067144868,1.0687966884962843,1.0355403467668018,17.571355236964642,15.484159985629882,16.093040024512387,18.004998937371166,21.50809286667617,24.196583566898397,21.269983726289805,18.997151396723037
7.283433333333325,1.0570928734045395,1.0853710406261436,1.0871349972246316,1.0873174639349084,1.07603501560798,1.0692591154706887,1.0689355017814104,1.0347506672864197,16.973025766270528,14.910680618962568,15.518202358239742,17.413202980719316,20.861004186337407,23.518109389765627,20.58361465166904,18.6732089601463
7.316766666666658,1.0570813631340727,1.0853739383717638,1.087149918276302,1.0873820625872388,1.0761194040873163,1.0696326990993448,1.0690253111706973,1.033977871175009,16.372284069472165,14.334528389099766,14.941220426276352,16.82089898422579,20.187923598725053,22.80607222455923,19.898894640258668,18.339083310479886
7.350099999999991,1.0570329262955604,1.0853089957948097,1.0870933333430237,1.0873619991490269,1.076251684430676,1.070071294042589,1.0690660417354885,1.0332217428042714,15.774224391047527,13.759630464575848,14.366005937403528,16.232010191739306,19.49599874369626,22.070451871662847,19.221097088003123,17.993043131758228
7.383433333333325,1.0569434417332477,1.0851755182900362,1.0869647616120115,1.0872593281945973,1.0764217384425567,1.070543226815839,1.0690584443977345,1.0324821972521077,15.182866070401884,13.18902427543304,13.795552057906452,15.649438763251199,18.79252198851477,21.321576847529244,18.55467437343914,17.633476493014186
7.416766666666658,1.056811086130512,1.084976535843951,1.0867676115027267,1.0870803344286684,1.0766172965896434,1.0710159663956953,1.0690039289380726,1.0317592471609616,14.601159925188306,12.624917712736869,13.231999609907996,15.07518043943997,18.084747755220768,20.569747099042438,17.903280169982114,17.258928252819747
7.450099999999991,1.0566362090836803,1.0847182361322583,1.0865085726967847,1.0868346341886557,1.076824731099588,1.071458326950472,1.068904462194905,1.0310529565925888,14.031052727783347,12.068782234268223,12.676736929160011,14.510469309100618,17.379707157873536,19.82485719267368,17.269806728808916,16.86813138646939
7.483433333333324,1.056421105597423,1.0844092516706374,1.0861968591974085,1.086534152218331,1.0770298502380267,1.0718423599794753,1.0687624943491947,1.0303633898909845,13.473598215186,11.521467522257206,12.130521572490707,13.955936396239185,16.68402835228401,19.09604034267748,16.656433257426766,16.460032418335814
7.5167666666666575,1.0561696778841017,1.0840598186991248,1.0858433238673284,1.0861920096938011,1.0772186156208756,1.0721447804302773,1.0685808809542825,1.0296905603697175,12.929101214424797,10.98332694218763,11.593612689039704,13.41176795182582,16.00377061167535,18.39135277211828,16.06468199662121,16.03381122730207
7.550099999999991,1.0558869945336322,1.0836808537816138,1.0854594930736083,1.0858213880031427,1.0773777355153629,1.0723478549417051,1.0683627810521024,1.0290343817819432,12.397280844717267,10.454344316831289,11.065904176873426,12.877852306163252,15.344279274387349,17.717515488532065,15.495479162252996,15.588895555205056
7.583433333333324,1.0555787754470172,1.0832830185948608,1.0850565941838108,1.0854344546556134,1.0774951191229634,1.0724397625931144,1.068111527653656,1.0283946249914038,11.87743920802115,9.934254108764316,10.547050385559581,12.3539073165963,14.710067402864354,17.07972668644526,14.949218462089677,15.12497058034413
7.616766666666657,1.0552508490467747,1.0828758564737981,1.084644661195166,1.0850414448084749,1.0775602024558464,1.072414503179247,1.0678304813678057,1.027770882529615,11.368623316959031,9.422648763814925,10.03657785741464,11.839583418831612,14.104728357865483,16.481552997699637,14.425825358856175,14.64198391830122
7.65009999999999,1.0549086385647775,1.082467082266791,1.0842318011540764,1.0846499812794224,1.0775641712517956,1.0722714652799885,1.0675228873067266,1.0271625441482737,10.869770016574865,8.9190685950247,9.533978309286688,11.33453985362533,13.530881687260568,15.92490222206123,13.924820606250357,14.14014638513648
7.683433333333324,1.0545567335329546,1.0820620904986538,1.083823686908961,1.084264689734732,1.0775001096872612,1.0720147745531163,1.0671917577352161,1.026568786540445,10.379826127063977,8.423071161236411,9.038779718322422,10.838493757622894,12.990152924614462,15.410074594678056,13.445381847508783,13.61992881348248
7.716766666666657,1.0541985915047989,1.081663719815109,1.0834233142625835,1.0838871300020416,1.0773630978633977,1.0716525273355684,1.0668397986703106,1.025988579589747,9.897838777427241,7.9342786374973615,8.550594005860649,10.351243537998382,12.483186270372368,14.93588466943444,12.986402272953327,13.082055161936262
7.75009999999999,1.053836395366624,1.0812722799459533,1.0830310295176229,1.0835160265535755,1.0771502704306628,1.0711959855105924,1.066469389430198,1.0254207106434463,9.423013698820242,7.452403181261494,8.06914140451118,9.872669354463085,12.009687646610208,14.499841929289985,12.54654550426261,12.527492169473739
7.783433333333323,1.053471069253484,1.080885816862388,1.0826448025556632,1.0831477479898834,1.076860837481992,1.0706587767592384,1.0660826136182382,1.0248638261884893,8.954741879495277,6.977251691590287,7.594253063367072,9.402714631358151,11.568494695552179,14.098375595828005,12.124296036670883,11.957435504030826
7.816766666666656,1.0531024343395143,1.080500568115717,1.0822606966760537,1.082776962963471,1.0764960609204088,1.0700561188707365,1.0656813297121963,1.0243164887077405,8.49259764629596,6.50871279862275,7.125854940716413,8.941353429518026,11.157669433838356,13.727087925973176,11.71800499310149,11.373292948843648
7.85009999999999,1.0527294699307082,1.0801115445858176,1.0818734703524735,1.082397388127918,1.0760591765493508,1.0694040714481226,1.0652672638079193,1.0237772448773836,8.036312610895155,6.046729762924088,6.663936934709677,8.488548949171411,10.774608624836658,13.381019930843852,11.325930462982756,10.776664539706136
7.883433333333323,1.0523506362138266,1.0797131697591362,1.0814772406185111,1.0820025456133222,1.0755552533633592,1.0687188159887988,1.0648421042185148,1.0232447007482561,7.585732034610552,5.591264075920956,6.208512332952563,8.044208729047035,10.416167187967604,13.054914989517185,10.94627314417499,10.169319968799792
7.916766666666656,1.051964214336556,1.0792999130838001,1.0810661430520208,1.081586459810776,1.074990988069511,1.0680159716478246,1.064407580748033,1.0227175988137482,7.140760518841534,5.142254425231782,5.759572525608452,7.608141559815819,10.078789392879873,12.743467148042907,10.577206979284012,9.553173530884274
7.950099999999989,1.0515686255949828,1.0788668627120976,1.0806349317588098,1.08114423929796,1.0743744396678383,1.0673099642123023,1.0639655169665168,1.0221948921317896,6.7013041848906365,4.699576309227785,5.317042567156933,7.180021110623458,9.758643219719142,12.441543551705879,10.216905475952784,8.93025699615919
7.9834333333333225,1.0511627014063922,1.0784101989521713,1.0801794787548078,1.0806725115374831,1.0737147164757614,1.0666134766402868,1.0635178510605185,1.0216758114322657,6.267216312398365,4.263006760681499,4.880742288245414,6.759359920641972,9.451753327474465,12.144372916539993,9.863564319894392,8.302690806960792
8.016766666666657,1.0507458875350348,1.0779275450375747,1.079697147525169,1.0801696974021888,1.073021633587468,1.0659370144268412,1.0630666282253067,1.0211599218816145,5.838252147074115,3.832198154253559,4.450357151001985,6.345496614158459,9.154128583974973,11.84769466405104,9.515420993157365,7.672654120380133
8.05009999999999,1.050318377012961,1.0774181866485601,1.079187030642787,1.079636129827668,1.0723053614106277,1.0652886176258072,1.0626139728309225,1.0206471670120272,5.414037526381589,3.406663928921389,4.025421831230553,5.937597701597876,8.86188057629844,11.547865946795733,9.170772183125411,7.042354246666001
8.083433333333323,1.049881174315034,1.0768831627786997,1.078650052912848,1.0790740324653838,1.0715760857325998,1.0646737422184367,1.0621620514896148,1.0201378980243052,4.994054265425739,2.985778086446811,3.605318492313417,5.534674362665477,8.57133011640346,11.241926293778226,8.82798974297328,6.413996086831698
8.116766666666656,1.0494360982349429,1.0763252388120395,1.0780889503319018,1.0784873814202225,1.0708436967051758,1.0640953188249707,1.0617130378654707,1.0196328871960412,4.577643364038562,2.568788795179378,3.189290108929878,5.135613098596598,8.279099309949864,10.92762174549392,8.485535825273427,5.789752186570936
8.15009999999999,1.0489857329205514,1.075748776553222,1.0775081395094552,1.077881675661857,1.0701175195845667,1.0635539792090323,1.061269087618867,1.0191333245560619,4.164025712846284,2.154845508630803,2.77646822964782,4.739218330805029,7.982187452969459,10.603392360178686,8.141977726703571,5.171734025500982
8.183433333333323,1.0485333361461995,1.0751595184038447,1.0769134952300172,1.077263640834136,1.069406094531166,1.063048423754095,1.060832327553766,1.0186407973868794,3.7523380392205534,1.7430375923286008,2.3659130789767255,4.344264061659387,7.678029640306816,10.268328468428166,7.796002732543663,4.561965129375716
8.216766666666656,1.048082712476803,1.0745643030375882,1.0763120543640332,1.0766408891045995,1.0687170077878485,1.0625758897762618,1.060404858648905,1.018157252604839,3.3416808679085204,1.3324415970750447,1.9566629966988671,3.949550997078427,7.3645376369935045,9.922102228168844,7.446433104613099,3.9623565337473403
8.250099999999989,1.0476380584523373,1.0739707300077306,1.0757116647289011,1.0760215544938216,1.068056772748838,1.062132672541824,1.0599887686025575,1.0176849429912573,2.9311742574351047,0.9221737874376832,1.5477896473291057,3.5539655371909222,7.040123241729956,9.564881782494089,7.092241181989376,3.374685060393935
8.283433333333322,1.0472037865787889,1.0733867909604924,1.0751205979143643,1.075413920645357,1.0674307571125308,1.0617146496681698,1.0595861476030728,1.0172263587655574,2.520016663531669,0.5114440917535403,1.138454959075632,3.1565368416310498,6.703704967386253,9.197235545323435,6.732564208921319,2.8005747766971094
8.316766666666656,1.0467843358828386,1.0728204862724686,1.0745471463057819,1.0748260567765036,1.0668431515026164,1.0613177644364344,1.0591990994546536,1.0167841474334964,2.107542282345731,0.09960770270078965,0.7279658053406394,2.756488548848487,6.354699434971739,8.820033880839043,6.366718813174161,2.241481913803892
8.350099999999989,1.046383978548668,1.0722794470608743,1.073999225638543,1.074265476788772,1.0662969753391092,1.0609384327556237,1.0588297418218302,1.0163610258254028,1.6932725185600337,-0.31378917729072275,0.3158227133634909,2.3532821886672903,5.992999203808458,8.434354848009386,5.994214452403536,1.6986834177380288
8.383433333333322,1.0460066337757354,1.071770583319779,1.073484005122994,1.073738836125425,1.0657941160056714,1.060573850143007,1.058480191437364,1.0159596889801552,1.2769579730351965,-0.7289723676508423,-0.09824051311508733,1.9466500228815078,5.618939402762343,8.04139960009206,5.614765377709356,1.1732692074388116
8.416766666666655,1.0456557006030918,1.0712997784256264,1.0730075864980166,1.0732516799770433,1.0653353980060933,1.060222187582784,1.058152532274729,1.0155827210804165,0.858608180313791,-1.1459137656743557,-0.5142286613184738,1.5366157512303635,5.233255332879068,7.642421653005492,5.2283005432969745,0.6661381172034657
8.450099999999988,1.045333921144555,1.0708716481555496,1.0725747510449042,1.0728082545817461,1.0649206788960597,1.0598826761763458,1.0578487675863948,1.0152325136093856,0.4385073794535656,-1.5643178421610182,-0.9318699987276948,1.1235023055193574,4.837033584036689,7.238672697048726,4.834970863488658,0.17799740842727035
8.483433333333322,1.0450432833183283,1.0704893780655316,1.0721887890389943,1.0724113899917957,1.0645489672210082,1.059555588453163,1.0575707586222574,1.0149111953206331,0.017215698278474557,-1.983621124948488,-1.350614802627294,0.7079267223230115,4.431658929363622,6.831366169363442,4.43515329244241,-0.2906343233009341
8.516766666666655,1.0447849688264328,1.0701546471920222,1.0718514199203786,1.0720624581109728,1.0642185572114184,1.059242130514581,1.0573201542574255,1.014620577546524,-0.40444390221615156,-2.4030044530991863,-1.769647333113672,0.29078272790259624,4.018759401237742,6.421658221569298,4.02945117524382,-0.7394212655117213
8.550099999999988,1.0445593478597457,1.069867639448252,1.0715628045397467,1.071761405743502,1.0639271728395134,1.0589442626427263,1.0570983165117072,1.014362116960605,-0.8254115101673645,-2.8214168999990883,-2.187910127303053,-0.12678762957098538,3.600151491655222,6.010644509358618,3.6186905000946017,-1.168201470772068
8.583433333333321,1.0443660142480486,1.069627138712328,1.0713216456219834,1.0715068577236488,1.063672111561973,1.0586644639157037,1.05690624337679,1.0141368885113922,-1.2444273234082481,-3.2376105577166245,-2.604139716657984,-0.5434322916909823,3.1777865653695865,5.599369483153457,3.203911394311935,-1.5769754830983638
8.616766666666654,1.0442038757842795,1.0694306798405109,1.071125346049648,1.071296256052403,1.063450389779994,1.058405482829661,1.0567445171986738,1.0139456223307366,-1.6600749691608403,-3.650178559242262,-3.0169061512892976,-0.9576301605129546,2.7537033676345595,5.188848854282512,2.786356638394653,-1.9658949447139278
8.650099999999988,1.0440712290156695,1.0692747865366372,1.070970259934381,1.0711260951764328,1.0632588565751777,1.0581700287523002,1.056613219200124,1.0137886387195107,-2.070834725931049,-4.057612424141015,-3.42467214433678,-1.3677503820556296,2.329978804136528,4.780089725626184,2.367451910759881,-2.3352443725174896
8.683433333333321,1.0439659043961589,1.0691552026515412,1.0708519357133262,1.070992121103543,1.063094301828899,1.0579605267726748,1.0565119059519577,1.01366595011151,-2.4751325546171588,-4.45834017436451,-3.8258330618276246,-1.77209160656332,1.9086902360543005,4.374123570347012,1.9487858062746217,-2.685429016954301
8.716766666666654,1.04388538408235,1.0690671613339162,1.0707653991047628,1.070889577789983,1.0629535419588443,1.057778857871096,1.0564395812253573,1.0135772559655107,-2.8713928265409514,-4.850785539514408,-4.218778476272531,-2.1689432199155583,1.4918804097709693,3.9720301324399587,1.5320833392561761,-3.0169564199766765
8.750099999999987,1.043826927618309,1.069005650193823,1.070705432217267,1.0708134497980433,1.0628334743316938,1.0576261510529423,1.056394688158378,1.013521988293059,-3.2580856686635715,-5.23341307442565,-4.601939204510424,-2.5566310266142054,1.0815272110295249,3.5749592806108232,1.1191762074400795,-3.3304200359799014
8.78343333333332,1.0437876893916416,1.0689656539702563,1.0706668284522929,1.070758684287883,1.0627311156997692,1.0575026303138364,1.0563751286514507,1.0134993518471413,-3.6337686385546974,-5.604772343056126,-4.973833398212391,-2.933562989328292,0.6795201423518462,3.1841455230168414,0.7119703178049915,-3.6264823676727524
8.816766666666654,1.0437648223271465,1.0689423699481813,1.0706446183908493,1.070720393177738,1.0626436242812098,1.0574075265991234,1.0563783060904448,1.0135083637490148,-3.9971208421221673,-5.96353503783598,-5.333105245656377,-3.2982679045581587,0.28764127198968537,2.8009134406959935,0.31241105102512734,-3.9058584373113576
8.850099999999987,1.0437555658222164,1.068931386010654,1.070634255832939,1.0706940256591864,1.0625683103043502,1.0573390608829774,1.0564011915396299,1.0135478907175461,-4.346968453416747,-6.308524305857248,-5.6785555122191145,-3.649426709752822,-0.09244925544663281,2.4266732474904167,-0.07755281311132464,-4.169299813320045
8.88343333333332,1.0437573167280072,1.0689288169624982,1.0706317593044217,1.0706755072360445,1.0625026407415261,1.057294499434343,1.0564404113652304,1.0136166827860087,-4.682301244829528,-6.6387354094908675,-6.009162993125756,-3.9858954791597028,-0.45922396322496717,2.06290624024809,-0.4560055944851695,-4.417579402729682
8.916766666666653,1.0437676833088794,1.0689313971672612,1.0706338069746024,1.0706613426206408,1.0624442425033935,1.0572702752397964,1.056492352357405,1.0137134028927426,-5.002280406361032,-6.9533475226496435,-6.324096661029081,-4.306719851553137,-0.8112958482354856,1.7111408622611357,-0.8211007085130834,-4.651477177313528
8.950099999999987,1.0437845228359088,1.0689365299349114,1.070637785525111,1.0706486813313865,1.0623909068238306,1.0572621656871977,1.05655327903804,1.0138366521749254,-5.306238446229798,-7.2517269797966,-6.62271883783678,-4.611141068437387,-1.1474238107146189,1.3729206668953156,-1.1710952315347876,-4.871766966146319
8.98343333333332,1.043805963778663,1.0689422959429828,1.070641795546459,1.0706353465949623,1.062340596265276,1.0572655113831009,1.0566194567202642,1.0139849910965093,-5.5936724385344645,-7.53342281201372,-6.904580263783349,-4.898594280004471,-1.46651651136079,1.0497660627906948,-1.5043821642410586,-5.079204417298091
9.016766666666653,1.0438304138257462,1.068947424422608,1.070644617617055,1.070619828280735,1.0622914541632098,1.0572754586471065,1.056687273403071,1.0141569567217374,-5.864232150444927,-7.798155797267908,-7.169408354273621,-5.168700146621895,-1.767635189542778,0.7431320519695718,-1.8195195889260816,-5.2745162070310165
9.050099999999986,1.043856555283525,1.06895123229778,1.0706456447848711,1.070601243287573,1.062241815456943,1.0572872069622956,1.056753353846574,1.0143510765477188,-6.117704749448838,-8.045802497497688,-7.417090197920572,-5.42125101300876,-2.0499958168294197,0.45436462234550706,-2.115255997141572,-5.458390553793091
9.08343333333332,1.043883329817777,1.068953537697639,1.0706447884528203,1.0705792672022176,1.062190217291428,1.0572962436676412,1.0568146599696695,1.0145658793692902,-6.353997777039236,-8.276375922794577,-7.647652026519207,-5.656193127364991,-2.312970830607766,0.18465828425191,-2.390551187485854,-5.6314690772937475
9.116766666666653,1.0439099149223654,1.0689545553184308,1.0706423657381237,1.0705540430356946,1.062135407838788,1.0572985505997212,1.0568685730396805,1.0147999036832467,-6.5731219497536,-8.490004463316213,-7.8612368919888995,-5.873606424789025,-2.556090506526121,-0.06498272941448688,-2.6445922601217555,-5.794340028544558
9.150099999999986,1.0439356949112262,1.068954781863655,1.0706389771000093,1.0705260740102478,1.062076352156255,1.057290770913486,1.0569129547370526,1.0150517041717095,-6.775175104863533,-8.686910624212185,-8.058082176195082,-6.073683346905904,-2.77904385350635,-0.2937773878915129,-2.876804377858252,-5.947532903617719
9.18343333333332,1.0439602294518362,1.0689548800519109,1.070635383228155,1.0704961082974926,1.0620122344778924,1.0572703284450748,1.0569461858353197,1.0153198568190382,-6.960328294382653,-8.867390902013952,-8.238498353036764,-6.256708038124559,-2.9816788187965844,-0.5011931042240877,-3.08685611968063,-6.091514441841156
9.216766666666652,1.0439832226058048,1.0689555693701223,1.0706323897822645,1.0704650239686504,1.06194245691832,1.0572354962634012,1.0569671827485867,1.0156029632167956,-7.128814674884358,-9.031797871084256,-8.402850137837909,-6.423037052393914,-3.1640014892807704,-0.686962005042293,-3.2746594130760527,-6.2266859975878095
9.250099999999986,1.044004495054307,1.06895753083611,1.0706307475503405,1.0704337221312585,1.0618666350231096,1.057185414862767,1.0569753934762394,1.0158996545844072,-7.280921463760886,-9.180525226489985,-8.551540819249611,-6.573082437044555,-3.3261739588955583,-0.8510874446093806,-3.4403641847104725,-6.353382262568152
9.283433333333319,1.0440239693367306,1.068961335336305,1.0706310766812053,1.070403040116336,1.0617845935318124,1.0571200653949497,1.0569707771147334,1.0162085991168723,-7.416984935573378,-9.313996498663,-8.68500052220599,-6.707298110364812,-3.468510879785744,-0.9938411551199436,-3.5843481863424063,-6.471871229951476
9.316766666666652,1.0440416198759828,1.0689673715549597,1.0706337979750675,1.0703736542548663,1.0616963424948749,1.0570401914298293,1.0569537575339014,1.0165284931968923,-7.537387794420767,-9.432655569261103,-8.803676496022693,-6.826167578390379,-3.5914717668848035,-1.1157481662605093,-3.7072012953808136,-6.582355858975063
9.350099999999985,1.044057517534863,1.0689758648391041,1.07063914479925,1.070346092018288,1.0616020960847399,1.056947216058372,1.0569251905997028,1.0168580903508406,-7.642559127659357,-9.536964284630976,-8.908030874292743,-6.930199297424259,-3.695655930456437,-1.2175691539382658,-3.8097079573274377,-6.684975804837142
9.383433333333318,1.04407178671278,1.068986812735046,1.0706471037049692,1.0703206324144128,1.06150223239158,1.056843096960744,1.056886288916435,1.0171961824512503,-7.732975120761874,-9.627398651685278,-8.998537087327804,-7.019919904877599,-3.781790881473451,-1.3002696387664685,-3.8928243183282243,-6.7798121318402265
9.416766666666652,1.0440846192118358,1.069000060180159,1.0706574944948495,1.0702973718864566,1.0613972885211505,1.056730194184021,1.056838561964459,1.017541631681507,-7.809160445712002,-9.704450331457224,-9.075681818571962,-7.095874064437823,-3.8507194713869044,-1.3649859451400739,-3.957652656467801,-6.8668907124915055
9.450099999999985,1.0440962739344293,1.0690153083511154,1.0706699804585118,1.070276220070578,1.0612879535697,1.0566111250543462,1.0567837528630848,1.017893355141614,-7.871688976994736,-9.768626952726171,-9.139965968965054,-7.158622426303008,-3.9033859008756604,-1.4129877553733927,-4.005415253931098,-6.946189072320734
9.483433333333318,1.0441070838763493,1.0690321688224123,1.0706841271160734,1.070256942282335,1.06117504242454,1.0564886154875852,1.0567237624394903,1.0182503451108516,-7.921183868790113,-9.82045633087789,-9.191909574848424,-7.208745057934226,-3.94081962438194,-1.445638605536244,-4.037426393461446,-7.0176419896575615
9.516766666666651,1.0441174604834378,1.0690502259700798,1.070699469478797,1.070239219697567,1.0610594814409469,1.056365366085788,1.056660584264775,1.0186116734379027,-7.958315482481849,-9.860488193827347,-9.232054232790182,-7.2468421854515634,-3.9641175666938473,-1.4643561199718338,-4.055063768441296,-7.081148807728874
9.550099999999984,1.0441278947312373,1.0690690955486382,1.07071557496099,1.0702227090881922,1.060942288381468,1.0562439336179197,1.056596240416037,1.0189764982599643,-7.983797308617824,-9.889296156463095,-9.260965778220015,-7.2735359926881,-3.9744254413305207,-1.470574049106443,-4.059740405512009,-7.136580999089477
9.583433333333318,1.0441389548657938,1.0690884812822632,1.07073210397763,1.0702071056651024,1.0608245520074073,1.0561266331885162,1.0565327227326937,1.0193440692405051,-7.998379509121314,-9.907478176223519,-9.279235363211374,-7.289471150928157,-3.972918526709906,-1.4657074024154697,-4.0528774807495775,-7.183790103668045
9.616766666666651,1.0441512798495882,1.0691082236150997,1.0707488620492294,1.0701922019056542,1.0607074112025032,1.0560154653001255,1.0564719410329861,1.0197137311302706,-8.002840126277805,-9.915655289982881,-9.287478705583313,-7.295314045509573,-3.960782391263692,-1.451121828933505,-4.035878635512298,-7.222615861912903
9.650099999999984,1.044165568330644,1.0691283371976934,1.0707658398142905,1.0701779378914928,1.0605920344807331,1.055912069532643,1.0564156793571955,1.0200849253379825,-7.997974190697084,-9.91446836316394,-9.286333211811865,-7.291750102893912,-3.9391940438468085,-1.4281080575580631,-4.01010629039324,-7.2528943741564005
9.683433333333317,1.044182563340409,1.0691490346221035,1.0707832383535199,1.0701644393746317,1.0604796003262609,1.0558177048714874,1.0563655608784395,1.0204571891769334,-7.984581153966706,-9.904572813797195,-9.276452920848836,-7.279479149783932,-3.90930397810265,-1.3978618731108896,-3.9768603661840203,-7.274466119420929
9.71676666666665,1.0442030333110779,1.0691707350802242,1.0708014784627145,1.070152040917932,1.0603712788261512,1.055733255041431,1.056323021666851,1.0208301526413437,-7.963451218607766,-9.886631448464396,-9.258501401465159,-7.259208772415921,-3.872219524561328,-1.3614697711205637,-3.937359731118442,-7.28718367264281
9.750099999999984,1.0442277502796573,1.069194057699842,1.0708211936582077,1.0701412925956382,1.0602682147968077,1.0556592556622781,1.0562892930408363,1.0212035327347284,-7.935351237731581,-9.86130571355569,-9.233142913156133,-7.231645870106348,-3.8289898701969136,-1.3199001322336548,-3.892726604857658,-7.290918968658319
9.783433333333317,1.0442574662877018,1.0692198002611568,1.070843207707838,1.0701329498669463,1.0601715123954454,1.0555959388004033,1.0562653918253815,1.0215771252764387,-7.9010109021275605,-9.829245798139263,-9.201032283015495,-7.197486754322596,-3.7805930328453567,-1.2739994959287062,-3.843974063063962,-7.285569975667793
9.81676666666665,1.0442928891694114,1.0692489049939335,1.0708684985232189,1.0701279474456968,1.060082221026287,1.0555432897330463,1.056252117535519,1.0219507947154718,-7.861109923672496,-9.791080120472145,-9.162804054445717,-7.157406277466223,-3.727925002505133,-1.2244933065354244,-3.7919967042274862,-7.271066655481806
9.850099999999983,1.0443346588945062,1.0692824138053423,1.0708981509373658,1.0701273589600566,1.060001322229525,1.0555011098300213,1.056250055290699,1.0223244621814533,-7.816266862695004,-9.74740477660057,-9.119061515248168,-7.112046559674033,-3.671791180809212,-1.1719903557501836,-3.737564463092138,-7.247376109257699
9.883433333333317,1.0443833255858295,1.0693214159009923,1.070933301526357,1.0701323451515976,1.0599297172004152,1.055469081335629,1.0562595831931403,1.0226980921708055,-7.7670301458611535,-9.69877354993994,-9.07036623674908,-7.06200594950078,-3.6129001747051888,-1.1169900634580983,-3.681319486063209,-7.214506826172016
9.91676666666665,1.0444393303145325,1.0693669910981578,1.0709750789719643,1.0701440939934372,1.0598682146369938,1.0554468266564576,1.056280882882539,1.0230716785068936,-7.7138716836005825,-9.645689031713628,-9.017228706592485,-7.007828826618054,-3.5518599265140125,-1.0598917174256028,-3.623775921238051,-7.172511996169203
9.950099999999983,1.0445029906841885,1.069420158240091,1.0710245498872262,1.070163763287614,1.059817520016162,1.0554339618084658,1.0563139532009327,1.02344523206154,-7.657183235528813,-9.588595360137607,-8.960100596215323,-6.949996939810739,-3.489176003401128,-1.0010047388272816,-3.5653222544135197,-7.121491475278325
9.983433333333316,1.0445744866708617,1.0694817991865502,1.0710826387674885,1.0701923926550956,1.0597782216796103,1.0554301321102162,1.0563586219574945,1.023818759628837,-7.597276115250635,-9.527872736736821,-8.899368845489441,-6.888922049709648,-3.4252524858939415,-0.9405597207049325,-3.5062268774972183,-7.061594418539072
10.0,1.0446129543012732,1.0695158002426737,1.0711149390363086,1.0702102147383914,1.0597630658113752,1.0554315023121994,1.056385054857665,1.0240043933141199,-7.56637498614818,-9.4964356192354,-8.8679382597776,-6.857460839799074,-3.3931128811228,-0.9099882181370842,-3.4766683675936636,-7.028574986034281
