op_tag,direction,stencil,independent_output,raw_projected_norm,raw_direct_norm,raw_difference_norm,whitened_difference_norm,relative_error,cosine,richardson_uncertainty,status
op_m035,self_7,"h=.005,.0025",True,0.10979826493671381,0.10979825596920416,1.9828045879321382e-07,0.0004548628280792994,2.062704937237861e-06,0.9999999999983725,1.4068572394878963e-07,PASS
op_m035,self_26,"h=.005,.0025",True,0.03532260625614393,0.035322596332689214,1.8122026762669415e-07,0.0004398554668428671,6.191104611023205e-06,0.9999999999868785,6.851348086723075e-08,PASS
op_m035,self_3,"h=.005,.0025",True,0.09523734632430794,0.09523726496633163,1.8802809924413193e-07,0.00044636875306456117,2.32445321528155e-06,0.999999999998416,5.0853013596632756e-08,PASS
op_m035,self_16,"h=.005,.0025",True,0.07790522737979093,0.07790534648706016,2.881034192678694e-07,0.0006533586515123702,4.134817414402811e-06,0.9999999999943308,6.29529871323268e-08,PASS
op_m035,cross_7_12,state .005/.0025 vs output .0001/.0002,False,,1.511799661139191,,,,,,NOT_ASSESSED_MATCHING_STENCIL
op_m035,cross_26_28,state .005/.0025 vs output .0001/.0002,False,,3.846221530484888,,,,,,NOT_ASSESSED_MATCHING_STENCIL
op_m035,cross_3_18,state .005/.0025 vs output .0001/.0002,False,,5.1874589281988275,,,,,,NOT_ASSESSED_MATCHING_STENCIL
op_m035,cross_16_18,state .005/.0025 vs output .0001/.0002,False,,5.1629546432446825,,,,,,NOT_ASSESSED_MATCHING_STENCIL
op_m085,self_7,"h=.005,.0025",True,0.10977908296900951,0.10977898136403319,3.6756570936058727e-07,0.0007374016018775323,3.3445656882828186e-06,0.999999999994823,4.5422131264361974e-08,PASS
op_m085,self_26,"h=.005,.0025",True,0.035320386705169154,0.0353203926330769,2.2616988219621303e-07,0.0004534068450742312,6.382079833095946e-06,0.9999999999795127,4.173341362592597e-08,PASS
op_m085,self_3,"h=.005,.0025",True,0.09804764839554755,0.09804770210147402,2.807416269924401e-07,0.0005648670660184795,2.8571846026943262e-06,0.9999999999960508,4.288686042226616e-08,PASS
op_m085,self_16,"h=.005,.0025",True,0.07788957020570052,0.07788951864479192,1.996658171647151e-07,0.0004046517434938838,2.5613602795801225e-06,0.9999999999969333,5.0765839837579224e-08,PASS
op_m085,cross_7_12,state .005/.0025 vs output .0001/.0002,False,,1.5122602091066384,,,,,,NOT_ASSESSED_MATCHING_STENCIL
op_m085,cross_26_28,state .005/.0025 vs output .0001/.0002,False,,3.8413322132076084,,,,,,NOT_ASSESSED_MATCHING_STENCIL
op_m085,cross_3_18,state .005/.0025 vs output .0001/.0002,False,,5.249163637928442,,,,,,NOT_ASSESSED_MATCHING_STENCIL
op_m085,cross_16_18,state .005/.0025 vs output .0001/.0002,False,,5.151979235366727,,,,,,NOT_ASSESSED_MATCHING_STENCIL
op_m125,self_7,"h=.005,.0025",True,0.10976435649038682,0.109764272863029,5.800079990523965e-07,0.0011738379818449095,5.3248111143138635e-06,0.9999999999863294,6.70597156110835e-08,PASS
op_m125,self_26,"h=.005,.0025",True,0.035318684544674815,0.03531867414975064,3.189782529489571e-07,0.0006614888230392846,9.31126983862623e-06,0.99999999995926,7.780608975250961e-08,PASS
op_m125,self_3,"h=.005,.0025",True,0.10032462695630566,0.10032459556814963,3.436930630029004e-07,0.0006999546391516696,3.4600976167219448e-06,0.9999999999941809,1.4833117515020105e-07,PASS
op_m125,self_16,"h=.005,.0025",True,0.07787695821977626,0.07787687194869303,3.03581678520831e-07,0.0006398932544806789,4.051019595918861e-06,0.9999999999930157,8.97186052846575e-08,PASS
op_m125,cross_7_12,state .005/.0025 vs output .0001/.0002,False,,1.514502519552681,,,,,,NOT_ASSESSED_MATCHING_STENCIL
op_m125,cross_26_28,state .005/.0025 vs output .0001/.0002,False,,3.837343551191671,,,,,,NOT_ASSESSED_MATCHING_STENCIL
op_m125,cross_3_18,state .005/.0025 vs output .0001/.0002,False,,5.299269765774145,,,,,,NOT_ASSESSED_MATCHING_STENCIL
op_m125,cross_16_18,state .005/.0025 vs output .0001/.0002,False,,5.14350949077269,,,,,,NOT_ASSESSED_MATCHING_STENCIL
