TIMESTAMP,BUS6_VA_ANG,BUS6_VA_MAG,BUS6_VB_ANG,BUS6_VB_MAG,BUS6_VC_ANG,BUS6_VC_MAG,BUS6_IA_ANG,BUS6_IA_MAG,BUS6_IB_ANG,BUS6_IB_MAG,BUS6_IC_ANG,BUS6_IC_MAG,BUS6_Freq,BUS6_ROCOF,DATA_PRESENT,Event
0.000000,-62.874980,199266.371170,177.176700,199611.671420,57.225762,198854.576335,95.015438,493.969940,-24.722855,493.835413,-144.739991,492.679163,60.002524,-0.092561,1,0
0.033000,-62.854053,199161.346729,177.202389,199341.952487,57.231685,198680.139895,95.124878,499.080705,-24.808082,498.850062,-144.767602,505.079409,60.000267,-0.016083,1,0
0.067000,-62.873328,199292.269726,177.185795,199163.238014,57.137429,199433.860208,95.071004,499.820752,-24.744512,503.391548,-144.912665,498.296591,59.998702,-0.002688,1,0
0.100000,-62.841491,199191.116646,177.209298,199198.212242,57.181420,199235.088697,95.235438,495.242948,-24.643926,505.269933,-144.878467,497.047267,60.000720,0.043924,1,0
0.133000,-62.980120,199186.560991,177.160622,200256.240017,57.118539,198511.263105,95.097697,499.303153,-24.748021,496.706552,-145.057474,505.417431,59.999707,-0.044142,1,0
0.167000,-62.920688,199398.553009,177.138314,199244.133846,57.104400,198832.065798,94.902274,489.473522,-24.994818,507.099956,-144.899826,498.720929,59.997735,0.001523,1,0
0.200000,-62.769883,199265.964777,177.227695,199198.824257,57.204235,199376.836173,95.136382,500.741187,-24.924754,504.361885,-144.667922,497.342406,59.999496,0.012440,1,0
0.233000,-62.855592,198771.108276,177.094561,198886.505645,57.199571,199330.480025,95.288637,505.764720,-24.977674,504.729640,-144.738448,501.581454,59.999401,0.092550,1,0
0.267000,-62.890020,199122.873658,177.146806,198983.321094,57.088406,199450.697836,95.130310,500.552277,-24.886932,503.287131,-144.749671,497.400842,60.005903,0.005861,1,0
0.300000,-62.743538,198996.642353,177.121761,199895.625648,57.064588,199401.932792,95.322571,500.924943,-24.939378,500.919822,-144.947424,500.804085,59.999314,-0.170893,1,0
0.333000,-62.822327,199256.317099,177.165745,199224.239671,57.174285,199055.211299,95.298173,500.384295,-24.920598,498.471767,-144.965743,495.509158,59.994945,-0.014383,1,0
0.367000,-62.819177,198924.985643,177.029682,198972.492740,57.197543,199275.466929,95.141902,499.039874,-24.735054,501.446248,-144.835028,502.841765,59.999895,-0.002415,1,0
0.400000,-62.775404,199586.492083,177.063727,199177.538257,57.140611,198975.087144,95.198248,501.674711,-24.796991,504.588199,-145.033070,494.000007,59.995108,0.036558,1,0
0.433000,-62.873950,199276.451345,177.198985,199349.861297,57.108617,198937.237950,95.144555,495.842079,-24.737981,503.882370,-144.867775,497.627658,60.001913,0.042391,1,0
0.467000,-62.826348,199103.927917,177.126853,199430.278382,57.098450,199225.018206,95.075600,503.892941,-24.917747,500.956637,-144.978086,499.066280,59.998792,0.061551,1,0
0.500000,-62.751201,199328.102956,177.175898,199314.175220,57.143778,199138.884978,95.265810,500.036362,-24.778519,498.182902,-145.083168,494.023039,60.006404,-0.046914,1,0
0.533000,-62.884030,199372.200862,177.292932,199083.348797,57.206685,199013.848397,95.129021,501.722176,-24.708727,503.756647,-144.789952,497.589826,59.995529,-0.072401,1,0
0.567000,-62.864391,199891.201679,177.193316,199513.710958,57.132673,199204.207709,95.382531,500.092949,-24.684844,500.827216,-144.884420,497.324600,60.001268,0.128849,1,0
0.600000,-62.842014,199143.439408,177.213601,199000.430234,57.098229,198685.742223,95.219996,500.663387,-24.809037,500.660428,-144.843496,498.613997,60.004603,0.002220,1,0
0.633000,-62.909910,199291.978532,177.134886,199235.122975,57.123916,199240.012122,95.300388,502.662713,-24.956866,502.435260,-144.913674,500.716740,60.001067,-0.036485,1,0
0.667000,-62.831523,199226.150590,177.168419,199118.662953,57.201477,198186.587290,95.139062,506.267274,-24.960814,498.013196,-144.805908,494.138022,60.001094,-0.013643,1,0
0.700000,-62.873127,199358.920303,177.178823,199543.638976,57.203198,198603.373885,94.952671,499.527881,-24.745262,502.701231,-144.741639,503.049513,59.999851,0.023947,1,0
0.733000,-62.751412,199118.145748,177.087763,198904.113818,57.140245,198933.937947,95.229834,497.479539,-24.858197,493.087024,-144.757513,494.341572,60.002269,0.103842,1,0
0.767000,-62.815359,199656.196626,177.201176,199052.262963,57.300305,199174.897870,95.206465,501.343896,-24.858624,496.863378,-144.773013,499.030032,60.005780,0.026763,1,0
0.800000,-62.884684,199579.918316,177.197727,199700.174504,57.113632,199543.181952,95.267966,501.921785,-24.739285,499.604891,-144.805535,502.028165,60.000466,-0.034892,1,0
0.833000,-62.821383,199431.392290,177.186021,199265.982760,57.203055,199245.197711,95.236848,503.194536,-24.961548,507.149547,-144.744774,502.845551,60.001339,0.021106,1,0
0.867000,-62.803924,199395.950366,177.232880,199575.918153,57.172029,199148.600266,95.233463,498.861756,-24.722487,502.998288,-144.703934,505.989534,59.998532,-0.021071,1,0
0.900000,-62.847361,199338.564174,177.195273,198453.662722,57.183402,199394.180683,95.212454,498.476966,-24.624456,498.488130,-144.800597,501.456521,60.000265,0.059587,1,0
0.933000,-62.789274,199428.230343,177.173029,199061.608181,57.140959,199417.344165,95.218199,498.885011,-24.677779,495.331851,-144.785251,500.671410,60.002175,0.025998,1,0
0.967000,-62.833829,198897.795672,177.142463,199133.905853,57.140873,198937.518402,95.078316,503.957849,-24.788450,497.803397,-144.629200,500.782816,60.002121,-0.059414,1,0
1.000000,-62.846608,199286.912516,177.159648,199421.530216,57.154296,199038.635225,95.199156,499.525895,-24.890817,498.111899,-144.828265,504.972252,59.999274,0.063228,1,0
1.033000,-62.836941,198855.689170,177.245627,199257.165284,56.975455,198784.766874,94.988818,500.623807,-24.725123,502.644113,-144.978719,499.882235,60.006208,-0.046321,1,0
1.067000,-62.797313,199238.424060,177.193497,199673.346820,57.133633,198433.111895,95.169037,501.542419,-24.715822,493.760343,-144.906550,496.184962,59.995937,-0.034976,1,0
1.100000,-62.772766,198874.818351,177.247832,199044.304159,57.158057,198788.319781,95.190201,505.187702,-24.753990,501.579260,-144.870378,498.384775,60.002312,0.086384,1,0
1.133000,-62.827417,199399.442072,177.261413,199061.857657,57.255368,198973.368000,95.098001,503.556507,-24.830881,500.038732,-144.927861,501.350811,60.001145,-0.137769,1,0
1.167000,-62.795464,200287.927480,177.182019,199058.422519,57.155054,199241.704155,95.244447,502.378581,-24.722530,501.046984,-144.779381,501.287743,59.995421,0.011157,1,0
1.200000,-62.867176,199293.353805,177.207947,199124.516579,57.169482,198965.934853,95.185809,499.640560,-24.790521,497.337207,-144.901352,503.520683,60.000820,0.104895,1,0
1.233000,-62.810176,200159.673087,177.131318,199616.867305,57.201397,199216.283249,95.138879,500.050655,-25.004966,495.530624,-144.799983,505.097092,60.000800,-0.033266,1,0
1.267000,-62.764400,199209.542087,177.223119,199255.040801,57.169060,199035.528153,95.252150,500.216678,-24.810931,503.537817,-144.942548,502.444173,59.997096,0.048701,1,0
1.300000,-62.828969,199647.401322,177.186410,199726.930864,57.232423,199014.212008,95.119735,505.637819,-24.880903,494.295071,-144.742082,493.151407,60.002876,0.025608,1,0
1.333000,-62.920861,199944.870486,177.157090,199319.602159,57.199354,199002.007260,95.030721,505.478405,-24.960160,498.151002,-144.616194,500.222535,59.999504,-0.114318,1,0
1.367000,-62.787202,199003.389749,177.084039,199349.910757,57.173282,199086.999199,95.150822,500.359574,-24.931522,503.889228,-144.837196,501.610637,59.994882,-0.004871,1,0
1.400000,-62.842396,199228.931240,177.097685,199184.162947,57.151352,199430.352724,95.167713,502.902284,-24.694931,502.003610,-144.926803,496.872617,59.999364,0.172267,1,0
1.433000,-62.772267,199505.669114,177.228235,199256.630507,57.142967,199015.935136,95.125664,494.450758,-24.852422,503.544901,-144.727917,499.032387,60.006951,0.012017,1,0
1.467000,-62.845297,199588.237137,177.196087,199118.586064,57.139918,198823.558110,95.242076,496.797539,-24.720025,500.179721,-144.761222,503.074525,59.999814,-0.148165,1,0
1.500000,-62.842175,199371.239858,177.119679,199627.235544,57.290619,198068.973671,94.927384,505.805975,-25.002786,503.233739,-144.776251,502.254152,59.995946,0.067726,1,0
1.533000,-62.869028,199249.376490,177.090021,199264.418429,57.247397,199425.252630,95.225247,503.117155,-24.815826,498.418195,-144.858117,497.447664,60.003281,0.093545,1,0
1.567000,-62.728068,198936.536720,177.191157,198706.884656,57.162942,198977.179853,95.329284,502.722916,-24.841535,502.742859,-144.674154,503.596216,60.002093,-0.053916,1,0
1.600000,-62.856408,199388.715881,177.117726,199077.825742,57.174071,199379.221293,95.263304,502.555318,-25.002515,500.512487,-144.836888,499.284210,59.999236,-0.049860,1,0
1.633000,-62.927186,198258.761597,177.150893,199424.452437,57.281009,198368.451562,95.111580,500.389089,-24.701119,497.129790,-144.668703,502.043401,59.998399,0.052413,1,0
1.667000,-62.838253,198846.401964,177.188099,199284.345702,57.213606,199156.154196,95.262214,498.106128,-24.915233,496.781271,-144.907662,500.202397,60.001728,0.036067,1,0
1.700000,-62.871566,199887.608201,177.258866,199283.919949,57.201660,199080.690857,95.060490,501.655805,-24.940082,498.512576,-144.898279,505.825079,60.000859,0.079777,1,2
1.733000,-62.803992,199578.010230,177.315759,199533.091906,57.281918,199873.878882,95.334807,505.866341,-24.655374,496.887290,-144.845039,500.072766,60.005073,0.024393,1,2
1.767000,-62.827732,199583.309724,177.152014,199534.834473,57.175316,198878.360679,95.182240,502.876760,-24.808069,505.582862,-144.897822,508.102327,60.003127,-0.203199,1,2
1.800000,-62.774754,199493.747079,177.197843,199237.793406,57.306805,199540.118108,95.226900,503.606227,-24.770107,504.320746,-144.668470,511.644951,59.992982,-0.007257,1,2
1.833000,-62.819693,199677.818848,177.136147,199019.149664,57.142867,199072.713367,95.298887,506.893574,-24.748279,504.981399,-144.897807,506.826068,60.004203,0.140424,1,2
1.867000,-62.855043,199016.700252,177.033786,199526.239804,57.063183,198927.555192,95.169929,510.594790,-25.062245,509.847361,-144.995371,506.854493,60.001220,-0.068238,1,2
1.900000,-62.947405,199145.501220,176.974855,198896.746994,57.096165,198484.137850,95.041064,508.391322,-25.149151,505.174364,-144.679580,512.103730,59.997707,-0.053813,1,2
1.933000,-62.980853,198975.183962,176.891591,198641.364620,56.973031,198452.155838,94.964629,506.645860,-25.042578,507.368782,-145.061330,508.945003,59.997533,-0.011247,1,2
1.967000,-63.154562,198466.847065,176.844280,198912.368713,56.943464,198627.997641,95.009327,509.596569,-24.976737,506.080269,-145.051240,509.473803,59.997887,0.083255,1,2
2.000000,-63.190611,198110.381686,176.768958,198180.216064,56.828129,197662.352373,94.927604,506.507707,-25.075414,507.985995,-145.090882,510.777231,60.003597,0.051846,1,2
2.033000,-63.157964,198433.939935,176.660651,198608.099541,56.788876,198138.038589,94.970721,513.741345,-25.123586,513.056742,-145.071553,510.924201,60.001696,0.052798,1,2
2.067000,-63.361102,198369.702485,176.657289,197486.165491,56.716201,198519.788198,94.878261,512.359114,-25.235767,516.166484,-145.162668,505.636862,60.006897,-0.001508,1,2
2.100000,-63.286639,197898.391579,176.753918,198282.515023,56.648177,198216.464918,94.776703,510.039363,-25.292433,511.718976,-145.247687,515.184802,60.001407,-0.158102,1,2
2.133000,-63.263890,198572.486978,176.668559,198266.535024,56.660357,198051.641229,94.814950,517.224735,-25.251469,511.897148,-145.166015,519.368664,59.997565,0.036588,1,2
2.167000,-63.185240,198443.861452,176.814294,198396.292329,56.778130,198035.412406,95.213347,513.946126,-25.103810,516.052139,-145.057909,517.038121,60.003351,0.065079,1,2
2.200000,-63.253460,198473.474171,176.715304,198502.027926,56.757340,198091.067637,94.788851,517.632584,-25.216517,524.599041,-145.049444,515.383688,60.000239,-0.106018,1,2
2.233000,-63.267469,199162.786779,176.833878,197933.143497,56.771646,198466.032007,94.843563,514.469913,-25.208602,517.054908,-145.076734,513.630419,59.994850,-0.089223,1,2
2.267000,-63.247735,198613.318266,176.830374,198678.886189,56.834484,197829.175151,94.826371,518.916799,-25.031708,518.700318,-145.063841,514.955839,59.996067,0.065322,1,2
2.300000,-63.081727,198841.624368,176.847921,198273.916049,56.763529,198521.025899,95.078212,514.749232,-25.061088,512.966626,-145.079079,523.426744,60.000601,0.005885,1,2
2.333000,-63.195885,198758.288571,176.846746,198320.991717,56.828996,198697.964759,94.852428,517.854358,-25.149133,518.179242,-145.337730,515.243403,59.996059,0.010042,1,2
2.367000,-63.081190,198551.176113,176.876576,198335.602791,56.922947,198464.884325,95.129260,513.017096,-25.199616,518.524549,-144.893844,515.815473,59.998870,-0.008087,1,2
2.400000,-63.156376,199210.815239,176.810414,198349.097381,56.788352,198769.278592,94.940587,514.981324,-25.275533,514.470789,-145.200162,516.955496,59.996166,-0.000920,1,2
2.433000,-63.091219,198639.503373,176.846070,198345.299442,56.811796,198456.646298,94.916877,519.053317,-25.258230,511.239803,-145.074553,517.835533,59.999250,-0.036696,1,2
2.467000,-63.266654,198235.338386,176.774529,198127.539976,56.812446,198682.926929,94.715673,517.613241,-25.159965,514.546484,-144.909708,512.925882,59.994605,-0.021304,1,2
2.500000,-63.247705,198505.142017,176.756146,198404.292623,56.750123,198264.551934,94.849552,514.400787,-25.221916,515.601347,-145.008294,518.754652,59.997357,0.036656,1,2
2.533000,-63.243855,197794.435389,176.720454,198163.448298,56.823131,198418.366759,94.982838,511.786774,-25.230898,514.649906,-145.131008,512.906340,59.996242,0.032864,1,2
2.567000,-63.215414,198449.773501,176.821056,198298.385480,56.738747,198012.914697,94.878616,512.382664,-24.882473,514.966685,-145.233930,517.229061,60.000333,0.034432,1,2
2.600000,-63.300947,198231.711369,176.685594,198130.730336,56.647774,197908.998328,94.828093,515.197213,-25.347980,513.012558,-145.238062,521.323940,59.998785,0.002247,1,2
2.633000,-63.310736,198938.958827,176.718760,198138.417930,56.695021,198107.125251,94.751034,515.391539,-25.195168,515.122097,-145.153236,507.586504,60.000150,-0.014034,1,2
2.667000,-63.271013,198264.788144,176.750291,197633.907176,56.692150,197996.520316,94.747710,510.319078,-25.056444,519.180691,-145.207969,514.313983,59.999726,0.053464,1,2
2.700000,-63.357672,198418.958615,176.711546,198001.706722,56.714446,198110.518426,94.684599,513.362877,-25.206294,520.257464,-145.158094,511.547867,60.001397,0.037053,1,2
2.733000,-63.225728,198508.606146,176.803420,198127.482562,56.779398,198148.199971,94.883418,518.340215,-25.108975,515.412204,-145.075328,509.010584,60.001037,0.026464,1,2
2.767000,-63.197682,198093.526985,176.792457,198182.742918,56.787584,198177.873516,94.876938,517.237513,-25.238072,515.336548,-145.118596,516.063833,60.002909,-0.089079,1,2
2.800000,-63.198037,199008.412992,176.830762,198486.694099,56.657279,198087.744821,94.775732,512.761284,-24.998844,511.337928,-145.137517,509.840496,59.995051,-0.162296,1,2
2.833000,-63.209705,198385.544147,176.774865,198358.792407,56.794602,198300.451486,94.891039,515.525133,-25.106206,516.455740,-145.238767,516.134077,59.993002,0.048853,1,2
2.867000,-63.146535,198530.529197,176.843452,198693.106625,56.928647,198584.451385,95.060175,511.468666,-25.031579,516.492860,-145.084034,518.141780,59.997943,0.112875,1,2
2.900000,-63.134292,198776.506917,176.822962,198005.306219,56.835638,197805.753606,95.118625,513.777852,-25.307510,520.668257,-145.132698,514.441291,59.998883,0.106482,1,2
2.933000,-63.138711,198220.307167,176.901455,198494.628975,56.813149,198044.552985,95.092335,516.148434,-25.042598,517.225472,-145.056716,514.883128,60.001785,-0.166646,1,2
2.967000,-63.115569,198455.581894,176.854514,198102.542072,56.831000,198566.967173,94.874358,515.911435,-25.151754,515.718378,-145.059934,514.821285,59.989169,-0.034507,1,2
3.000000,-63.184143,198928.847955,176.752825,198610.309029,56.943708,198830.396425,94.890514,521.683918,-25.230133,516.320511,-144.984789,514.306488,60.001084,0.120044,1,2
3.033000,-63.054410,198523.349462,176.779905,198203.530991,56.791287,198155.476824,95.181250,517.126154,-25.169632,516.513379,-145.107015,517.402021,59.997655,0.003894,1,2
3.067000,-63.273521,198401.444871,176.789447,198358.402984,56.816837,198320.565039,94.726229,515.266144,-25.185596,514.281128,-144.854983,518.112917,60.002089,0.086897,1,2
3.100000,-63.206315,198275.256915,176.845371,198526.641623,56.764658,198086.367924,94.925667,517.000467,-24.977104,512.782877,-145.071201,514.270939,60.002077,-0.057660,1,2
3.133000,-63.290642,198165.573911,176.761723,198252.694278,56.780554,197873.972123,94.862792,518.654295,-25.196487,511.608380,-145.190670,517.783812,60.000527,-0.036730,1,2
3.167000,-63.249526,198062.742289,176.695005,198579.549224,56.793483,197922.396203,94.834311,513.473395,-25.094305,519.442931,-145.202613,513.867693,60.001827,0.027225,1,2
3.200000,-63.150842,198647.938537,176.753685,197915.742644,56.755415,197348.035277,94.957454,520.391584,-25.088854,517.979623,-145.211211,515.248297,60.000666,-0.122888,1,2
3.233000,-63.258431,198671.776082,176.800434,198102.243563,56.765776,197906.013898,94.798757,514.810805,-25.038483,517.171566,-145.201456,517.490578,59.994676,0.001248,1,2
3.267000,-63.280124,197966.899250,176.771390,198003.894367,56.773999,198050.893192,94.745861,510.844324,-25.245404,510.980325,-145.261878,515.223495,60.000920,0.089153,1,2
3.300000,-63.204420,198519.450967,176.801308,197986.864978,56.795479,197798.387918,95.010427,514.548483,-25.192001,514.226174,-145.142653,517.939977,60.001251,-0.159215,1,2
3.333000,-63.200902,198294.838750,176.803448,199072.090618,56.760047,198482.481915,94.778303,511.127908,-25.008698,517.631443,-145.304831,516.248127,59.992901,0.146082,1,2
3.367000,-63.212450,198674.714635,176.829417,198891.432353,56.765308,198161.503796,94.776534,513.276513,-25.080926,517.070374,-145.200765,516.087528,60.011801,0.012796,1,2
3.400000,-63.235787,198561.394084,176.797528,198510.134762,56.800696,198103.097165,94.902345,517.488197,-25.122247,519.176350,-145.178560,520.682565,59.994212,-0.234429,1,2
3.433000,-63.159073,198260.839330,176.708019,198459.400215,56.866693,198059.272283,95.065204,518.788356,-25.201902,514.865851,-144.923063,518.982047,59.997137,0.101046,1,2
3.467000,-63.173889,198389.700506,176.918040,198069.157517,56.854771,198231.841544,94.911434,519.138732,-24.947369,515.938702,-145.122221,516.967077,59.999513,-0.077210,1,2
3.500000,-63.193461,198653.049037,176.788779,198288.101616,56.909438,198417.143882,95.034124,519.359830,-25.172639,516.875254,-144.939554,521.234424,59.991615,-0.004525,1,2
3.533000,-63.257728,198460.132457,176.798665,198738.700993,56.794178,198290.199229,94.710935,517.351580,-25.162570,521.803741,-145.012937,517.007013,59.999091,0.061740,1,2
3.567000,-63.157951,198563.541999,176.768224,198462.932566,56.834710,197495.385736,94.932332,519.491552,-25.042759,515.460270,-145.140898,514.755934,59.997479,0.010956,1,2
3.600000,-63.269624,198384.019525,176.769420,198403.558651,56.810278,197595.399835,94.575789,515.900464,-25.142459,515.906482,-145.130360,521.235482,60.000225,0.004174,1,2
3.633000,-63.201459,198093.928248,176.803314,198163.818655,56.815278,198291.779509,94.826094,519.783613,-25.230792,518.160988,-145.108539,514.030932,59.999545,-0.104452,1,2
3.667000,-63.237957,198468.310439,176.817971,198094.600833,56.795150,198006.387586,94.862882,518.433427,-24.980850,506.695278,-145.210378,512.061397,59.994749,-0.042926,1,2
3.700000,-63.250310,198326.696515,176.728994,198722.038885,56.676089,197562.123795,94.804992,511.163562,-25.196048,513.795272,-145.175061,514.333189,59.996363,0.029677,1,2
3.733000,-63.255335,198277.587172,176.778408,197758.893005,56.740882,198135.937963,94.801323,513.054717,-24.959168,514.324399,-145.203597,518.320566,59.996627,0.062230,1,2
3.767000,-63.289607,198163.233622,176.755814,197789.067624,56.838120,198342.800580,94.792540,514.812713,-25.101106,512.999769,-145.115317,518.231100,60.000900,-0.004617,1,2
3.800000,-63.250783,198457.017002,176.735253,198499.525224,56.743075,197851.414598,94.764682,518.837063,-25.082283,513.115806,-145.180646,523.945935,59.994807,0.056275,1,2
3.833000,-63.179560,198260.293872,176.730011,198225.726486,56.666975,197838.084022,94.882681,517.433796,-25.123310,512.504732,-145.344154,520.381471,59.999743,0.040302,1,2
3.867000,-63.221207,198560.163625,176.674765,197898.066642,56.813353,197727.693339,94.893079,514.450322,-25.086346,516.272226,-145.076574,521.832201,59.998427,-0.009991,1,2
3.900000,-63.213791,198421.291959,176.753667,198697.391638,56.763920,197590.543981,94.969379,517.776217,-25.120376,512.727362,-145.266264,517.207620,59.999587,-0.031742,1,2
3.933000,-63.226398,198571.425447,176.729709,198042.143896,56.793232,197979.230980,94.933564,516.912699,-25.307136,514.573846,-144.993524,508.621120,59.996032,-0.017771,1,2
3.967000,-63.198285,198114.886692,176.866600,198488.971083,56.782133,198441.120137,94.961602,514.134103,-24.990472,516.346715,-145.173980,521.915190,59.997393,0.099276,1,2
4.000000,-63.075206,198290.889437,176.868846,198158.917775,56.854804,198323.136846,95.044708,511.744886,-25.017102,518.829689,-145.073811,519.163146,60.002900,-0.024784,1,2
4.033000,-63.270707,198569.537282,176.853344,198357.305754,56.805250,198183.167774,94.737177,515.758686,-25.111530,517.895977,-145.130646,519.726611,59.996420,-0.122227,1,2
4.067000,-63.204606,198505.658314,176.799494,198371.618225,56.849208,198175.514424,94.836799,517.951883,-25.253057,513.853269,-145.202240,521.370176,59.998311,0.020346,1,2
4.100000,-63.226993,198572.151232,176.823921,198491.752216,56.915299,198524.989776,94.920223,515.490038,-24.961121,517.064760,-145.055779,516.815850,59.998167,0.035669,1,2
4.133000,-63.160692,198046.042461,176.897029,198288.873983,56.759335,197931.494965,94.852887,512.931284,-25.184641,519.729253,-145.134736,518.929437,59.999829,0.033080,1,2
4.167000,-63.180645,198428.185677,176.818276,197940.665955,56.773687,197903.396718,94.854122,515.483741,-25.026595,515.415635,-145.069777,509.188457,59.999898,0.010061,1,2
4.200000,-63.168131,198492.330610,176.784806,197656.041803,56.897933,198099.135292,94.892715,522.272765,-25.026222,520.834774,-145.032440,515.235997,60.001917,-0.019803,1,2
4.233000,-63.220428,198441.887654,176.826159,197566.801539,56.736150,198237.562508,94.720284,518.057345,-25.225719,514.874475,-145.164823,518.717522,59.998665,-0.040635,1,2
4.267000,-63.175435,198809.189824,176.720036,198356.002071,56.685580,197882.158573,94.742241,512.668208,-25.184592,514.572425,-145.201178,514.082309,59.997818,-0.075476,1,2
4.300000,-63.238490,198298.363937,176.775915,197967.038702,56.616808,197937.432555,94.899354,518.774549,-25.165274,519.479346,-145.172096,519.978663,59.995381,-0.033257,1,2
4.333000,-63.243611,198469.820370,176.764458,198366.862401,56.725944,197525.035300,94.719442,506.775907,-25.112162,518.160323,-145.214057,518.926067,59.997648,0.067116,1,2
4.367000,-63.207756,198579.216671,176.764882,198656.040738,56.784386,198302.428046,94.797478,517.398380,-25.089412,517.633745,-145.136394,515.016942,59.998428,0.146925,1,2
4.400000,-63.220043,197696.440307,176.760795,197798.310352,56.764755,197988.867004,95.084940,523.426169,-25.138887,513.376764,-145.175754,516.108484,60.006092,0.042333,1,2
4.433000,-63.292406,197660.682240,176.834517,197692.853118,56.655476,198475.499459,94.944471,519.106327,-25.073654,515.773187,-145.294132,515.646440,60.002823,-0.054553,1,2
4.467000,-63.251001,198482.121646,176.832678,197226.382484,56.855763,198111.877964,94.829185,517.375968,-25.042292,519.877916,-144.981846,521.937365,60.003307,-0.049195,1,2
4.500000,-63.165678,198826.719578,176.843941,197890.604270,56.817672,197842.384288,94.980454,515.916216,-25.030523,516.510962,-145.245197,516.960427,60.000548,0.001904,1,2
4.533000,-63.268802,198951.086129,176.900023,198445.863380,56.736044,198209.312875,94.765314,519.892959,-25.164431,514.145997,-145.310654,518.948280,60.002307,0.110727,1,2
4.567000,-63.197977,198030.928243,176.779009,198698.071425,56.778490,198753.149464,94.855483,516.462498,-25.117122,517.607210,-145.205081,517.400878,60.007301,-0.036194,1,2
4.600000,-63.110598,198156.703832,176.877831,198429.487838,56.850321,198376.547424,95.075297,513.752679,-24.961758,517.021623,-145.155318,518.277960,60.000157,-0.105040,1,2
4.633000,-63.129821,198309.679694,176.859611,198212.030554,56.763697,197824.002368,94.920189,515.779464,-25.067101,520.212647,-145.100827,519.299661,59.998520,-0.053051,1,2
4.667000,-63.038509,198224.397108,176.845615,198029.210031,56.790834,198057.343060,95.010524,517.595432,-25.112597,524.533295,-145.163127,515.219261,59.996663,0.034448,1,2
4.700000,-63.189544,198177.517127,176.806756,198415.000080,56.815783,197867.577989,94.863972,515.504647,-25.139594,516.500354,-145.245437,513.574029,59.998328,0.066701,1,2
4.733000,-63.203858,198202.410021,176.740197,198475.997418,56.825049,197941.426375,94.897910,519.284870,-25.019699,518.577340,-145.144146,513.266641,59.999960,0.078786,1,2
4.767000,-63.212948,198216.732265,176.799385,197903.338954,56.727717,198290.295100,94.929118,514.737075,-25.319839,514.635314,-145.228301,514.311118,60.004114,-0.028828,1,2
4.800000,-63.206751,198260.025603,176.664277,198156.613295,56.847589,198012.952506,94.715538,515.440171,-25.322113,516.812990,-144.994480,519.199802,59.997833,-0.051757,1,2
4.833000,-63.298354,198237.691813,176.697857,198198.210850,56.731656,197457.081028,94.744481,511.017515,-25.118977,514.182060,-145.081755,518.084778,60.003151,0.028101,1,2
4.867000,-63.247397,197965.010087,176.685711,197551.146114,56.713947,197723.532878,94.893716,514.467311,-25.188996,513.349113,-145.307759,509.622823,59.998206,-0.022983,1,2
4.900000,-63.308319,198290.251021,176.708180,197969.079906,56.742047,197734.565939,94.818999,511.454679,-25.242845,514.838616,-145.178228,515.363854,60.001907,-0.000656,1,2
4.933000,-63.250307,198039.745386,176.713097,198048.470396,56.693501,198371.664232,94.539597,517.440658,-25.209272,516.224168,-145.252164,518.703218,59.996412,0.006414,1,2
4.967000,-63.276627,198253.076642,176.752296,198218.824077,56.720927,198232.884745,94.961425,518.144133,-25.182501,516.721543,-145.217019,508.401930,60.001889,0.024022,1,2
5.000000,-63.228011,198245.079303,176.754801,198341.910264,56.713517,198193.217247,94.725563,518.453373,-25.154775,514.119564,-145.236577,514.446133,59.999218,0.018869,1,2
5.033000,-63.154759,198792.694341,176.871529,197633.254197,56.800037,197947.894755,95.038821,517.695676,-25.133390,518.667077,-145.059539,521.667976,60.001474,-0.024325,1,2
5.067000,-63.290923,198093.259783,176.709409,198419.691541,56.734173,198448.044624,94.845417,514.824317,-25.345717,516.047455,-145.233682,521.906683,59.997008,0.018515,1,2
5.100000,-63.206073,198563.595997,176.819021,197673.068026,56.759472,198090.244300,94.823989,514.310683,-25.218675,517.338205,-145.225800,513.946548,60.002655,0.021328,1,2
5.133000,-63.254306,198290.695352,176.745588,197961.553742,56.800164,198309.094494,94.878464,514.793250,-25.035893,517.609985,-144.985900,515.807480,59.998423,-0.101712,1,2
5.167000,-63.286439,198710.649514,176.758999,197982.159557,56.775381,198096.224039,94.842147,518.915712,-25.156004,518.842145,-145.231025,517.400514,59.995920,0.037924,1,2
5.200000,-63.258076,198252.255162,176.788717,198241.112491,56.805145,197923.461136,94.795034,513.896008,-25.120414,523.762463,-145.082129,510.700157,60.001400,0.020915,1,2
5.233000,-63.225478,198372.843512,176.725618,197915.689595,56.809234,197744.021291,94.784466,517.559671,-25.121537,517.859911,-145.047207,522.576201,59.998814,0.013023,1,2
5.267000,-63.233433,197736.418827,176.742711,197741.685902,56.855629,197494.953312,94.862860,515.390478,-25.183158,512.578985,-145.135439,521.214630,60.002147,-0.029546,1,2
5.300000,-63.181588,198312.089493,176.786985,198115.668420,56.753190,197234.512098,94.823934,515.482919,-25.149489,518.496197,-145.150473,517.373081,59.995274,0.059536,1,2
5.333000,-63.251493,197908.262101,176.699768,198318.002464,56.734721,197876.474654,94.902464,515.697477,-25.190517,519.811423,-145.362800,512.438918,60.005482,0.088769,1,2
5.367000,-63.295850,198348.974982,176.722203,198614.781399,56.709056,198786.318687,94.820625,509.714431,-25.224196,513.017975,-145.245373,513.780675,60.002559,-0.114901,1,2
5.400000,-63.328965,198263.939995,176.626980,198041.339178,56.768739,198147.650920,94.744648,510.728402,-25.393132,510.443884,-145.072352,521.400834,59.997443,0.072779,1,2
5.433000,-63.318676,198245.563639,176.769155,197698.055895,56.778755,198550.134233,94.864255,515.325048,-25.191220,515.603015,-145.183662,514.547495,60.007794,0.093171,1,2
5.467000,-63.202397,198237.961150,176.757697,198337.375584,56.818830,198093.697323,94.856655,517.760498,-25.162816,513.870637,-145.024497,516.384790,60.005142,-0.133772,1,2
5.500000,-63.252586,198315.263675,176.780854,198133.085477,56.783180,197602.748908,94.821192,514.965732,-25.201931,516.406048,-145.092217,515.833048,59.998982,0.021980,1,2
5.533000,-63.241299,197948.078059,176.776461,197999.222282,56.779405,197799.823765,94.861002,515.407947,-25.206723,512.827334,-144.987916,512.162207,60.005613,0.045354,1,2
5.567000,-63.269711,198364.748519,176.739230,198124.208269,56.698558,198144.339868,94.865098,514.295050,-25.164211,518.564900,-145.284373,519.441205,60.002902,0.027908,1,2
5.600000,-63.233422,198007.217489,176.817399,197812.211890,56.813860,198189.670189,94.738548,516.772645,-25.147380,518.990970,-144.992053,511.359170,60.006683,0.006213,1,2
5.633000,-63.172335,198274.590702,176.757138,198436.701400,56.770913,198141.171498,95.009078,512.830157,-25.172010,512.943420,-145.133102,517.264985,60.003202,-0.025664,1,2
5.667000,-63.189484,197689.287909,176.784239,198086.094076,56.783377,198563.922435,94.712827,517.835530,-25.282907,510.607592,-145.031810,515.322012,60.005383,-0.017388,1,2
5.700000,-63.110382,197657.546212,176.822023,197351.303212,56.734805,198097.512388,94.943460,519.534181,-25.040003,515.492482,-145.199446,516.816075,60.001415,-0.128064,1,2
5.733000,-63.216184,198263.473644,176.783432,198479.534598,56.706035,197871.078449,94.846044,522.717301,-25.061351,512.080603,-145.317501,518.939234,59.995670,-0.096825,1,2
5.767000,-63.162506,197976.017266,176.794756,197971.555122,56.836477,197928.943780,94.985851,517.709106,-25.054660,513.966711,-144.945683,518.686196,59.996630,0.125071,1,2
5.800000,-63.180587,197880.274979,176.747393,198206.124910,56.725985,198105.520026,94.840975,516.974224,-25.239951,520.610825,-145.031301,513.632440,60.001842,0.101396,1,2
5.833000,-63.248717,198294.687366,176.693418,198239.527829,56.780443,197773.388950,94.971367,518.175972,-25.322102,516.418837,-145.117478,524.467741,60.005060,-0.058069,1,2
5.867000,-63.316468,198619.953454,176.841921,198042.375496,56.856712,198286.489106,95.021863,514.440579,-25.002672,520.679984,-144.957746,518.166130,60.000917,-0.079139,1,2
5.900000,-63.296609,197978.998234,176.807292,197840.490602,56.675378,198152.307363,94.728573,515.564362,-25.041362,511.206711,-145.312861,513.239940,59.997889,0.086065,1,2
5.933000,-63.291885,198087.503985,176.775039,198151.572259,56.689301,197343.000972,94.900678,515.645546,-25.081948,521.593473,-145.190440,517.313235,60.006083,0.009864,1,2
5.967000,-63.209966,198235.866826,176.751362,198411.435257,56.784590,197998.337705,94.845399,516.561601,-25.239279,513.980065,-145.285459,520.311438,59.997964,-0.131474,1,2
6.000000,-63.306787,198138.729599,176.719581,198413.762255,56.798199,197675.902388,94.889748,515.304203,-25.241653,513.426361,-145.077457,517.561722,59.998986,0.048465,1,2
6.033000,-63.352108,198326.496081,176.781239,197812.154480,56.693553,197257.401684,94.776743,514.577124,-25.076713,515.977269,-145.246680,511.283028,60.002718,0.115290,1,2
6.067000,-63.264863,198009.711517,176.715300,198062.708272,56.865518,198086.087728,94.733780,511.599810,-25.284847,512.752258,-145.018580,510.539507,60.007346,-0.115482,1,2
6.100000,-63.229967,197630.926369,176.837033,198225.551424,56.746798,197889.103248,94.643512,518.922307,-25.040643,517.244830,-145.043246,515.591696,59.995040,-0.085649,1,2
6.133000,-63.124667,198326.955081,176.721685,198348.982297,56.736674,197680.416854,95.035806,521.257356,-25.232201,514.866714,-145.200457,510.952945,60.004265,0.130865,1,2
6.167000,-63.285971,197915.565915,176.876770,198151.926845,56.825863,198167.918655,94.896939,518.851355,-25.007446,517.660247,-145.089483,513.222513,60.004414,-0.053478,1,2
6.200000,-63.234189,198463.385335,176.876242,197877.188310,56.737158,198060.239408,94.999467,512.822188,-24.996057,518.467465,-145.211327,516.782611,60.002295,-0.051766,1,2
6.233000,-63.182701,197971.491591,176.787565,198036.593469,56.757247,198065.252050,94.874447,514.775502,-25.074670,518.526273,-145.149564,513.691962,60.002051,-0.027851,1,2
6.267000,-63.203868,198574.662196,176.778953,197890.007647,56.737688,197909.192270,94.864034,514.200782,-25.209247,512.801134,-145.168962,512.270405,59.997797,0.018307,1,2
6.300000,-63.249368,198549.494067,176.763928,198067.899818,56.813423,197602.583538,94.851451,516.038412,-25.279319,517.756917,-144.884069,511.091132,60.004796,0.028587,1,2
6.333000,-63.254438,197966.322489,176.760183,197962.516536,56.740329,197620.663743,94.952353,517.982517,-25.212503,513.786120,-145.171092,518.195303,59.999601,-0.001285,1,2
6.367000,-63.242920,198451.426111,176.669081,197340.015546,56.776530,198250.808973,94.852599,517.002383,-25.219167,515.952787,-145.090554,513.407603,60.003574,0.019353,1,2
6.400000,-63.289367,197974.069480,176.819903,198671.880765,56.802109,197807.372548,94.869512,512.905904,-25.047416,521.604806,-145.299014,521.687776,59.999148,0.011236,1,2
6.433000,-63.261763,197977.606015,176.711473,198098.691423,56.790401,198239.258100,94.918568,514.644523,-25.292064,513.962896,-145.109677,512.519989,60.005019,0.064603,1,2
6.467000,-63.337105,198124.791191,176.832295,198015.540149,56.787819,197761.663759,94.757135,514.343280,-25.144469,513.251208,-145.182340,515.809007,60.002609,-0.106037,1,2
6.500000,-63.236073,198420.716103,176.694898,198635.576357,56.755419,198241.642546,94.862943,518.878460,-25.209995,518.700706,-145.234024,512.442071,59.998501,-0.069874,1,2
6.533000,-63.351831,197819.868910,176.697745,198187.076724,56.732571,197187.202130,94.814628,509.098245,-25.314635,510.827861,-145.028623,515.887688,59.997271,0.038162,1,2
6.567000,-63.313701,197874.320092,176.794930,197590.009245,56.760612,197696.614064,94.695707,512.445771,-25.112216,516.455155,-145.064023,520.154842,60.001229,0.039825,1,2
6.600000,-63.188032,198149.252733,176.750660,198312.538102,56.719465,198026.005085,94.829929,513.239118,-25.136462,514.580977,-145.197029,511.134471,60.001527,-0.049224,1,2
6.633000,-63.265510,198155.753066,176.836720,198050.645794,56.755837,198166.242329,94.737588,513.184057,-24.911742,511.712043,-145.033932,513.412837,59.999122,-0.008170,1,2
6.667000,-63.254157,198015.974665,176.831939,197736.972930,56.787993,197313.725990,94.828141,514.495677,-25.066360,514.079723,-144.967705,519.851125,60.001309,-0.028560,1,2
6.700000,-63.146648,198319.059080,176.763881,197933.157802,56.732572,197897.044309,94.782848,521.514952,-25.161848,516.736337,-145.230854,518.140412,59.998640,-0.002355,1,2
6.733000,-63.198065,198321.414071,176.682358,197782.793055,56.771194,198062.347898,94.946918,515.043980,-25.500453,513.543071,-145.188973,512.145041,60.002154,0.084000,1,2
6.767000,-63.223972,198199.970961,176.734720,197785.454208,56.695695,197946.939716,94.882586,514.103195,-25.215604,516.675238,-145.277433,512.915989,60.003548,0.040100,1,2
6.800000,-63.251768,198153.260854,176.847839,197907.275252,56.772367,197720.623751,94.786777,518.254891,-25.222721,512.629333,-145.031518,517.006185,60.003620,-0.134452,1,2
6.833000,-63.223518,197982.842996,176.767357,197902.554787,56.701573,198326.969067,94.874405,522.576687,-25.321206,520.466724,-145.176798,513.972855,59.995077,-0.058906,1,2
6.867000,-63.260119,197799.533879,176.734696,198042.740993,56.749893,197325.658297,94.781036,514.902378,-25.388054,514.812748,-145.282911,519.235202,59.996965,0.115386,1,2
6.900000,-63.252028,197668.356055,176.764047,198012.240984,56.858498,198515.602021,94.800673,514.739845,-25.083877,517.596327,-145.092052,516.643882,60.002436,0.107666,1,2
6.933000,-63.208876,197942.836467,176.852637,197434.790833,56.755732,198479.610458,94.987282,517.903645,-25.171387,516.986768,-145.091786,513.598275,60.002656,-0.058602,1,2
6.967000,-63.315723,198293.372125,176.753352,198162.842729,56.765645,198133.408005,94.626292,516.996420,-25.051883,513.230932,-145.228370,517.383110,59.996745,-0.029581,1,2
7.000000,-63.267000,197928.297603,176.717533,197534.441361,56.753591,197680.411773,94.753384,513.034439,-25.176720,512.339234,-145.128514,520.907163,60.001862,0.039950,1,2
7.033000,-63.228965,198837.014610,176.721391,197650.627179,56.783345,198224.472473,94.754223,520.448524,-25.286607,516.355885,-145.288787,517.793960,60.001119,-0.001867,1,2
7.067000,-63.269577,198217.294289,176.796899,198090.517304,56.730683,198352.035565,94.935993,520.830700,-25.098423,513.038507,-145.197507,512.334501,60.002179,-0.026792,1,2
7.100000,-63.278984,197720.758810,176.754806,197917.664965,56.766147,198199.434241,94.898064,519.041389,-25.137944,513.021704,-145.167957,515.842342,59.998758,-0.005504,1,2
7.133000,-63.285422,197859.672847,176.753807,198417.754683,56.742132,198027.964381,94.771628,519.545790,-25.048198,515.618109,-145.036760,513.962593,60.001406,-0.041641,1,2
7.167000,-63.118329,198014.630390,176.838221,197979.954048,56.813393,198141.927126,95.027069,513.702493,-24.897026,513.136968,-144.988465,511.571353,59.996845,0.021579,1,2
7.200000,-63.229397,198033.812119,176.726494,198145.803145,56.852641,198014.654473,94.744354,513.268066,-25.045231,509.048329,-145.186988,519.344421,60.003470,-0.001858,1,2
7.233000,-63.179135,198077.439027,176.786015,197960.935793,56.791092,197961.927630,94.948916,513.895206,-25.063986,518.779368,-145.175158,511.656285,59.998337,-0.067551,1,2
7.267000,-63.106048,198166.731079,176.774363,197866.020894,56.852532,197769.115847,95.024863,520.335094,-25.034495,519.178982,-144.959460,513.347182,59.999767,0.052392,1,2
7.300000,-63.217008,198203.056881,176.782741,198163.375289,56.806475,198253.722344,94.817315,507.357581,-25.203668,515.616562,-145.050167,512.780760,60.002031,0.071148,1,2
7.333000,-63.227541,198062.462704,176.807767,198343.397574,56.785441,197793.729470,94.630917,520.665781,-24.936262,519.412709,-145.127942,514.413748,60.003698,0.029977,1,2
7.367000,-63.192107,197659.142570,176.794114,198196.790464,56.842871,197852.812774,94.945299,517.650825,-25.139320,517.173826,-144.899291,510.224862,60.002587,-0.043356,1,2
7.400000,-63.204195,198211.279593,176.790803,197656.006085,56.761610,197677.713675,94.804041,518.935262,-25.114750,511.573879,-145.065686,515.363192,60.001327,-0.083579,1,2
7.433000,-63.207345,198193.873988,176.746747,198947.592573,56.744202,198012.732032,94.830343,515.082907,-25.158780,509.877972,-145.076057,518.107368,59.999133,-0.090310,1,2
7.467000,-63.354227,197897.474932,176.757603,197629.085072,56.782145,198217.182141,94.604803,514.681013,-25.172330,512.580662,-144.973044,514.521650,59.995607,0.081399,1,2
7.500000,-63.189977,197977.587966,176.770496,197924.456844,56.713995,198577.972120,94.848067,514.359383,-25.153173,516.849049,-145.115041,513.524852,60.004281,0.002921,1,2
7.533000,-63.127362,197990.958250,176.730047,198255.984258,56.773142,197762.975089,94.860519,519.337502,-25.035017,516.289172,-145.026218,516.841445,59.995706,-0.083018,1,2
7.567000,-63.340242,197943.295841,176.764810,198399.100079,56.892264,198039.852851,94.831526,512.487488,-25.174007,513.801793,-145.051771,514.254158,59.998189,0.031735,1,2
7.600000,-63.260727,198634.434437,176.761250,197896.020620,56.748451,198012.897041,94.887223,514.357996,-25.279133,514.205678,-145.190153,514.201441,60.000193,-0.008637,1,2
7.633000,-63.295681,198110.473238,176.715387,197872.019369,56.856579,197987.178902,95.002745,513.133144,-25.271262,515.250702,-144.998693,513.423425,60.000509,0.043141,1,2
7.667000,-63.252237,198344.685655,176.877671,198146.616245,56.840512,197994.306119,94.854874,510.557185,-24.869775,517.430765,-145.250640,513.127995,60.001534,-0.036001,1,2
7.700000,-63.259643,198146.088820,176.811871,198559.505763,56.725839,197394.727019,94.867666,512.987064,-25.096441,514.049789,-145.184402,513.474471,59.999065,-0.023064,1,2
7.733000,-63.168581,198137.082461,176.729047,197985.102053,56.724037,197727.176238,94.996541,512.559041,-25.352530,515.046125,-144.956480,512.842432,60.000364,-0.000686,1,2
7.767000,-63.212776,197978.127212,176.787699,198419.266249,56.732239,198110.921596,94.925137,517.369459,-25.140055,516.882340,-145.123253,513.838933,59.999304,0.039740,1,2
7.800000,-63.238753,197881.487774,176.828064,198845.817506,56.766136,197800.004562,94.904571,516.904255,-25.054433,516.593252,-145.232967,515.968547,60.002904,-0.052033,1,2
7.833000,-63.306181,198579.339941,176.770153,198336.851832,56.824731,198000.647123,94.689392,515.239178,-25.057126,513.913592,-145.028008,517.432274,59.997915,-0.001194,1,2
7.867000,-63.206662,198218.419309,176.877220,197981.723930,56.773022,197261.669383,94.974465,514.000419,-25.131570,516.300056,-145.076121,513.306826,60.002921,-0.035079,1,2
7.900000,-63.228410,198426.239700,176.780236,197700.174336,56.817051,197652.208080,94.943534,514.949959,-25.277818,516.418021,-144.911883,513.006199,59.996274,-0.143499,1,2
7.933000,-63.230529,198614.157832,176.733050,197746.759205,56.731224,198187.614507,94.693387,514.640079,-25.158081,519.756940,-145.346195,511.076978,59.995053,0.068025,1,2
7.967000,-63.190024,198448.767963,176.767056,198247.107204,56.760611,197876.789053,94.946963,515.599933,-25.131779,510.411572,-145.090139,516.440253,59.999449,0.138024,1,2
8.000000,-63.304420,198297.406686,176.787484,198164.494906,56.750336,197528.257468,94.926266,511.198831,-25.032127,519.038052,-145.187994,514.968430,60.005661,0.024812,1,2
8.033000,-63.223117,197722.884912,176.846692,197986.596381,56.745020,197945.333648,94.680720,517.534148,-24.955247,511.571879,-145.064013,511.071032,59.999842,-0.088575,1,2
8.067000,-63.270835,198411.404343,176.734264,198174.359874,56.746925,198216.594462,94.641895,516.127001,-25.209124,515.956269,-144.966177,515.061019,59.999847,-0.022723,1,2
8.100000,-63.254989,198633.523695,176.686953,197774.524311,56.768517,197753.800400,94.666641,515.205281,-25.201097,517.247813,-145.101493,510.243706,59.996116,0.069853,1,2
8.133000,-63.255620,197618.324197,176.693532,198278.033033,56.770671,198006.912993,94.814548,516.982723,-25.296084,513.519590,-145.125121,510.424049,60.004428,0.044219,1,2
8.167000,-63.258868,198275.860572,176.747281,198034.065420,56.785357,197911.958096,94.893960,515.814053,-25.176344,518.542272,-145.118565,516.837126,60.000105,-0.109323,1,2
8.200000,-63.227536,198050.055399,176.670227,198122.151769,56.843077,198183.968330,94.704999,510.090309,-25.085460,509.605827,-145.073202,517.318970,59.998898,-0.164257,1,2
8.233000,-63.214591,198331.752527,176.846685,198047.931174,56.824995,197974.973145,95.115803,510.763632,-25.150263,509.502400,-145.073923,511.300145,59.990988,0.051160,1,2
8.267000,-63.190939,197776.893792,176.718808,198478.269962,56.792569,197978.838939,94.813210,514.588840,-25.027855,512.922186,-145.084225,515.961870,60.003548,0.016560,1,2
8.300000,-63.249260,198120.935953,176.855161,198665.475961,56.730831,197841.651709,94.935902,510.830336,-25.102923,509.209814,-145.221509,514.150961,59.993913,-0.046110,1,2
8.333000,-63.243180,198619.843585,176.773419,197868.623426,56.800597,197857.022706,94.903839,512.778887,-25.048736,512.454782,-144.996111,509.841135,60.000268,0.070579,1,2
8.367000,-63.211212,198754.693529,176.770024,197744.949237,56.713590,198033.664373,94.942666,508.357078,-25.122342,512.606818,-145.150301,509.412599,59.997120,-0.001686,1,2
8.400000,-63.255730,197934.639890,176.768383,198237.593094,56.810688,197956.875877,94.877851,515.122612,-24.989103,517.165663,-145.164399,512.038617,59.998230,-0.038743,1,2
8.433000,-63.123565,198726.670822,176.790925,197400.799201,56.702853,197984.427728,94.894355,512.825406,-25.214331,513.803846,-145.256949,516.668628,59.997326,0.033576,1,2
8.467000,-63.209542,198589.426358,176.823805,197704.474622,56.729983,197748.030854,94.983615,516.689696,-25.029255,513.394425,-145.127748,510.249205,60.000037,0.037481,1,2
8.500000,-63.184500,197939.810491,176.725147,198401.064364,56.772015,197723.628020,94.785805,511.716696,-25.115979,513.593347,-145.200333,513.407695,60.000475,0.009659,1,2
8.533000,-63.270524,198307.958324,176.884595,198254.713104,56.735828,197742.619159,94.712032,513.751604,-24.960989,515.425333,-145.231145,512.474446,59.999706,0.007636,1,2
8.567000,-63.277531,198832.069456,176.851776,198197.618706,56.789481,198279.362918,94.620730,519.104012,-25.173725,515.927847,-145.152246,516.474921,59.999148,-0.077390,1,2
8.600000,-63.126836,198330.376920,176.716611,197997.934905,56.727340,197696.140407,95.044187,514.563212,-25.085240,516.480574,-145.123605,515.917190,59.996501,0.065074,1,2
8.633000,-63.325036,198331.511844,176.708511,198252.522596,56.677184,198236.542543,94.739455,517.705890,-25.284148,512.714170,-145.085865,516.075897,60.003628,0.061192,1,2
8.667000,-63.194687,198476.985273,176.710938,197899.227202,56.836355,198054.502625,94.913358,512.851872,-25.267474,509.560048,-145.019929,513.174965,59.998893,-0.058040,1,2
8.700000,-63.206526,197394.759203,176.807026,198714.657380,56.757147,197661.238403,94.814598,520.609321,-24.846983,517.523161,-145.140607,518.144621,60.000054,-0.023559,1,2
8.733000,-63.201553,198033.874354,176.853663,198001.445144,56.652672,198184.041580,94.889070,513.067655,-25.106161,516.711213,-145.358503,514.119502,59.997605,-0.053549,1,2
8.767000,-63.249811,197812.449469,176.746844,197593.245058,56.742085,198059.867658,94.781718,517.911465,-25.220401,514.078220,-145.225556,514.293008,59.996491,0.018338,1,2
8.800000,-63.176999,197944.195702,176.820408,198466.071599,56.840287,197627.548656,94.842581,512.561629,-24.908686,516.088581,-144.979540,515.224900,59.998505,0.046925,1,2
8.833000,-63.143448,198611.404592,176.886889,198295.954057,56.717405,197803.870543,95.019102,512.529578,-24.959991,515.924681,-145.079264,515.421966,59.998346,0.054159,1,2
8.867000,-63.258838,198086.394788,176.689410,198243.288276,56.734191,198174.378960,94.810067,514.085072,-25.053813,513.264345,-145.193372,512.081045,60.001346,-0.013624,1,2
8.900000,-63.205224,198653.723033,176.839570,198103.686817,56.867464,198080.373803,94.780302,514.555416,-25.029454,514.427941,-144.821901,513.370831,59.998607,0.010609,1,2
8.933000,-63.217714,198066.458408,176.744686,197684.114253,56.795713,198577.146317,94.870721,514.242940,-24.958874,512.871585,-145.069192,507.766752,59.999316,-0.118994,1,2
8.967000,-63.222207,197801.737990,176.742009,198239.440057,56.769123,198138.684730,94.830772,515.577600,-25.094481,516.097005,-145.003781,511.493492,59.991057,0.028847,1,2
9.000000,-63.337556,198354.707610,176.863478,197694.037777,56.836833,197807.265576,94.903417,510.046703,-24.948623,520.985290,-144.974442,512.970759,60.000821,0.094271,1,2
9.033000,-63.225527,198457.040119,176.798435,198281.549933,56.787626,198258.557750,94.823284,517.627077,-25.152542,515.550163,-145.158309,517.583471,59.997408,-0.130609,1,2
9.067000,-63.229509,197608.945717,176.776897,198483.900007,56.792080,198411.344848,94.691567,509.657753,-25.224922,517.433604,-144.994617,518.174606,59.991323,-0.061034,1,2
9.100000,-63.233478,198064.041205,176.790034,198172.210275,56.754897,197446.868542,94.818751,514.472684,-25.058969,510.603874,-145.095422,516.425164,59.994039,0.057075,1,2
9.133000,-63.305435,198561.256970,176.819603,198381.264844,56.775646,197751.407263,94.776300,517.135061,-25.129593,509.790246,-145.065362,512.397343,59.995490,0.089761,1,2
9.167000,-62.903336,199020.560973,177.130274,199232.437811,57.130948,198886.589213,95.137311,498.569068,-24.970283,500.377927,-144.768657,501.028172,59.998621,-0.024426,1,0
9.200000,-62.852361,198956.480025,177.111354,199364.893188,57.178768,198993.725045,95.263914,498.782053,-24.974405,495.839835,-144.672741,499.786162,59.995053,0.057343,1,0
9.233000,-62.823014,198918.390768,177.143944,199059.441652,57.264234,198756.929425,95.171475,496.730279,-24.976826,500.295332,-144.560021,503.502406,60.001129,-0.079665,1,0
9.267000,-62.776325,199201.920995,177.128196,199113.310764,57.109395,198939.735130,95.282070,498.955046,-24.922484,501.504002,-144.855512,497.613630,59.990743,0.019317,1,0
9.300000,-62.803860,198709.596843,177.286506,199048.341382,57.097968,199312.901216,95.274948,495.537170,-24.736264,502.151921,-144.835200,495.231317,59.999848,0.084993,1,0
9.333000,-62.921826,198900.718523,177.129050,199070.962768,57.171087,198948.972807,95.068375,498.939259,-24.864048,497.295699,-144.797993,496.186044,59.998253,-0.019657,1,0
9.367000,-62.858334,199383.484618,177.157438,198603.639195,57.166468,198982.084132,95.138332,497.635280,-24.840318,501.331124,-144.866983,496.321882,60.000018,-0.053659,1,0
9.400000,-62.833779,199043.004203,177.239162,199335.555535,57.210363,198971.579782,95.186410,498.852724,-24.722399,498.222721,-144.886543,495.510202,59.994806,-0.021137,1,0
9.433000,-62.844628,199471.953069,177.141565,198646.869442,57.090132,198703.054677,95.207919,500.693090,-24.896445,499.739481,-144.932004,493.549110,59.999463,0.029259,1,0
9.467000,-62.854089,198892.450706,177.169909,199796.842015,57.256349,198848.041160,95.112830,499.679251,-24.917823,495.744999,-144.691499,499.614164,59.996548,-0.004253,1,0
9.500000,-62.793643,199143.415168,177.185464,198887.494806,57.199872,198942.639835,95.254387,496.618392,-24.886039,497.873961,-144.766597,498.021973,60.000771,0.121192,1,0
9.533000,-62.830065,199457.446229,177.148441,199393.036701,57.231998,198348.066555,95.202806,502.169648,-24.743480,503.336181,-144.727219,500.639780,60.004673,0.022165,1,0
9.567000,-62.754511,198861.712022,177.204765,198600.463737,57.137991,199110.851414,95.316171,501.983940,-24.817253,503.872892,-145.002887,496.001343,60.004178,-0.054749,1,0
9.600000,-62.826004,198873.484420,177.136760,198433.361182,57.234793,198965.414008,95.285807,500.498264,-24.874304,499.629717,-144.705068,496.275820,60.000347,-0.139115,1,0
9.633000,-62.856187,198896.639828,177.071177,198805.098036,57.179795,199133.631250,95.097584,496.975237,-24.927512,500.676412,-144.812972,504.923123,59.994440,-0.039557,1,0
9.667000,-62.837753,198670.940352,177.290108,199000.887590,57.239533,199176.066390,95.210441,499.581825,-24.692991,504.243447,-144.679029,503.049560,59.995735,0.020094,1,0
9.700000,-62.808853,198953.852347,177.159665,199199.069341,57.243477,198946.910892,95.174646,505.005810,-24.981662,503.281935,-144.609007,502.102905,59.996880,-0.026512,1,0
9.733000,-62.878595,199298.151776,177.179608,199020.364112,57.153744,198924.865142,95.154054,500.527600,-24.975194,500.145476,-144.827577,500.123010,59.993935,0.086229,1,0
9.767000,-62.831519,199060.994509,177.090977,198907.448176,57.186500,198809.140530,95.021256,499.902387,-25.040957,500.836277,-144.864814,500.925016,60.000474,0.085420,1,0
9.800000,-62.816972,199068.922492,177.177992,198832.127103,57.213179,198966.665927,95.121420,503.596986,-24.962794,494.389277,-144.797227,499.593160,59.999016,0.031957,1,0
9.833000,-62.734144,199313.194818,177.163197,199063.436541,57.264829,198465.793413,95.144636,495.966600,-24.902314,498.505564,-144.748776,498.093737,60.003499,-0.061965,1,0
9.867000,-62.749478,198782.404439,177.157288,198448.173518,57.152695,198769.958862,95.215642,493.499992,-24.932450,495.726323,-144.885774,494.447671,59.997215,-0.095723,1,0
9.900000,-62.807374,199002.179909,177.225838,199186.052764,57.237535,198822.258346,95.170157,493.476731,-24.837180,500.778630,-144.731140,497.877864,59.999105,0.020044,1,0
9.933000,-62.795339,198919.208158,177.205989,198252.430550,57.272045,198813.654043,95.307056,498.679979,-24.816823,500.351099,-144.690812,498.341162,59.998100,0.067979,1,0
9.967000,-62.815847,198780.155760,177.205409,198289.910711,57.142295,199325.407556,95.078715,497.189229,-24.643312,493.692287,-144.856750,499.173483,60.003222,0.040885,1,0
10.000000,-62.788936,199398.096732,177.138942,198825.630330,57.182388,198948.294849,95.163455,501.021125,-24.860946,497.045158,-144.645576,494.731615,60.001763,0.015923,1,0
10.033000,-62.809144,199648.123460,177.186747,198788.850803,57.269107,199270.458731,95.101238,497.359757,-24.798306,497.972885,-144.755626,497.639352,60.003609,-0.091644,1,0
10.067000,-62.791225,199314.161277,177.180145,199254.964661,57.181449,199121.052919,95.192012,503.812582,-24.996648,497.325794,-145.080756,495.615161,59.995878,-0.128979,1,0
10.100000,-62.931146,199248.050737,177.243727,199087.144967,57.188466,198509.167271,95.063459,497.685731,-24.680744,498.094161,-144.702589,501.218925,59.995024,0.046145,1,0
10.133000,-62.742658,199241.166512,177.171325,199065.347211,57.171885,199049.048724,95.299975,496.619707,-24.759995,499.432653,-144.853239,493.880287,59.998988,0.092171,1,0
10.167000,-62.818353,199357.738638,177.235157,199160.713806,57.177970,198762.294428,95.306511,496.068250,-24.696988,503.530643,-144.688284,492.306716,60.001077,0.044544,1,0
10.200000,-62.843993,198986.404480,177.164561,198901.097564,57.214969,199023.740147,95.071151,494.641604,-24.816508,499.882992,-144.848879,496.742668,59.999566,0.010487,1,0
10.233000,-62.791210,198959.033079,177.120768,198954.156374,57.177923,199044.362900,95.030170,499.464594,-24.770253,494.414198,-144.832025,497.493830,60.000117,0.048145,1,0
10.267000,-62.737301,198961.198034,177.254793,198802.785874,57.202781,198693.914688,95.196498,496.473033,-24.638342,503.796767,-144.833191,501.965455,60.001336,0.029711,1,0
10.300000,-62.770492,199479.571778,177.083512,199228.687761,57.230700,198778.812790,95.237425,492.509980,-24.882792,495.813943,-144.727168,497.814212,60.001832,0.027732,1,0
10.333000,-62.807514,199617.611526,177.205845,199622.652473,57.187656,198962.359035,95.173792,497.075164,-24.693939,500.139278,-144.835356,499.028280,60.002541,0.096480,1,0
10.367000,-62.757177,199961.318596,177.282293,199204.418343,57.167108,199193.366308,95.209374,499.937269,-24.666301,500.961339,-144.854800,502.610594,60.005484,0.003874,1,0
10.400000,-62.774139,199513.820989,177.092242,198321.687000,57.242232,198883.393494,95.094520,499.490684,-24.825906,499.414912,-144.740583,499.964584,60.001669,-0.124718,1,0
10.433000,-62.844696,199577.311428,177.208896,199120.405198,57.143574,198472.725759,95.143337,500.960252,-24.806530,497.268952,-145.001573,497.935880,59.998546,-0.001147,1,0
10.467000,-62.821459,199652.900446,177.226300,199208.031884,57.180704,199401.426208,95.048355,498.308419,-24.826081,502.492854,-144.726686,495.765552,60.000440,0.031832,1,0
10.500000,-62.792445,199146.257806,177.158806,199190.336706,57.205619,199433.639413,95.167763,500.602631,-24.873260,496.332884,-144.826918,502.494164,60.001329,-0.058755,1,0
10.533000,-62.848223,199464.570823,177.203597,198813.855489,57.225339,198731.049866,94.932893,502.445480,-24.766528,494.863889,-144.872342,499.722939,59.996298,-0.005638,1,0
10.567000,-62.854598,199266.423833,177.105951,198876.944676,57.095506,198838.357142,95.244108,497.553417,-24.988453,502.761048,-144.709409,498.406049,60.001574,0.107826,1,0
10.600000,-62.836122,199109.953413,177.049669,199347.049988,57.207787,199147.375069,95.171229,503.221889,-25.026974,498.037901,-144.846154,501.387990,60.002163,0.029541,1,0
10.633000,-62.807077,199169.263638,177.131749,199180.402643,57.193440,199152.183546,95.159255,503.348679,-24.745765,499.830270,-144.915116,499.164608,60.002662,0.010797,1,0
10.667000,-62.864452,199194.182907,177.160890,199462.529196,57.163862,199165.793410,95.115869,497.872993,-24.759106,496.770773,-144.947209,502.909470,60.004622,-0.093016,1,0
10.700000,-62.729625,199129.489402,177.232088,199208.077710,57.185200,198984.041482,95.196391,498.557089,-24.797693,495.407247,-144.787675,494.276099,59.995813,-0.104930,1,0
10.733000,-62.772674,199359.683307,177.197940,199058.117929,57.182075,198743.881918,95.237973,494.786333,-24.930060,500.181288,-144.915797,496.715331,59.998087,0.060022,1,0
10.767000,-62.707177,199251.396596,177.155066,198832.911651,57.116619,199181.097059,95.324028,497.395226,-24.864702,502.556962,-144.789685,499.810253,60.000106,0.040874,1,0
10.800000,-62.769867,199189.315763,177.219405,199427.361320,57.190077,198494.978232,95.171982,498.597588,-24.702889,498.857166,-144.747599,493.555601,59.999347,-0.034466,1,0
10.833000,-62.735212,199286.880514,177.227285,199139.738156,57.169213,199055.466321,95.257342,500.082846,-24.776732,492.059555,-144.980773,499.264416,59.998685,0.093221,1,0
10.867000,-62.821826,199411.924339,177.202799,199307.000497,57.231935,199353.723683,95.257284,495.050470,-24.793005,501.304188,-144.717751,492.434821,60.004727,0.035050,1,0
10.900000,-62.874624,199344.715944,177.178311,199715.472458,57.223497,198780.551198,95.139758,500.602857,-24.911930,500.384121,-144.741505,499.085768,60.001647,-0.129893,1,0
10.933000,-62.794072,198723.732997,177.181992,199360.050018,57.179823,199504.527900,95.256411,499.151090,-24.967102,497.972700,-144.794949,498.161482,59.997523,0.000627,1,0
10.967000,-62.779372,199130.210626,177.158043,199271.810529,57.193439,199320.670725,95.214930,502.382896,-24.843744,498.965300,-144.630703,495.421799,60.000684,0.086619,1,0
11.000000,-62.860029,199649.355706,177.238062,199987.897287,57.232027,199359.729440,95.151881,497.670069,-24.689448,495.008584,-144.687835,498.886658,60.003096,-0.001817,1,0
11.033000,-62.831064,199798.259228,177.211296,199608.813515,57.282377,199429.128368,95.074568,504.199846,-24.736508,494.222532,-144.801376,499.930983,60.002255,-0.005213,1,0
11.067000,-62.799661,199106.604921,177.224698,199353.600500,57.223899,198069.969758,95.283788,501.661732,-24.631804,495.442592,-144.648885,502.358890,60.003222,-0.077585,1,0
11.100000,-62.852548,199185.625172,177.103375,198656.685493,57.256297,199564.054748,95.127065,493.404926,-24.892784,494.752526,-144.632716,500.183255,59.999884,-0.029460,1,0
11.133000,-62.851745,199369.030807,177.226443,198947.442777,57.199846,198940.094679,95.195982,505.410397,-24.844174,499.433603,-144.760160,498.647911,60.001237,-0.018342,1,0
11.167000,-62.881677,199062.333487,177.267311,199290.444748,57.167637,198685.081447,95.073078,495.419589,-24.742789,500.421810,-144.775428,503.501056,59.999779,-0.017099,1,0
11.200000,-62.820027,199795.480504,177.181615,198569.958317,57.224654,199323.732937,95.125348,499.192746,-24.704570,499.139181,-144.909857,497.050055,60.000300,0.022053,1,0
11.233000,-62.904591,199453.439867,177.198512,199158.693359,57.177090,198744.353599,95.055067,498.607597,-24.606477,496.831662,-144.756041,496.074504,60.000880,0.108744,1,0
11.267000,-62.839565,199189.804305,177.156210,198727.033850,57.098505,199171.804616,95.088545,497.845909,-24.872740,500.889118,-144.878491,496.697446,60.006646,-0.015936,1,0
11.300000,-62.744337,198974.369649,177.219935,199440.050383,57.146375,198785.455457,95.360164,495.624102,-24.757206,497.970779,-144.858991,501.473147,59.998661,-0.126857,1,0
11.333000,-62.768660,199002.421479,177.199547,199224.250467,57.142832,198965.876888,95.134895,498.243558,-24.872836,500.337499,-144.844758,497.680294,59.999147,0.045247,1,0
11.367000,-62.780459,199076.186282,177.100296,199123.137969,57.096868,198658.157387,95.203161,502.684563,-24.785599,497.427703,-144.801995,491.306651,60.002017,-0.006289,1,0
11.400000,-62.811548,199649.497683,177.187884,198985.690053,57.189678,198658.664666,95.229897,493.367420,-24.844639,496.424841,-144.891311,499.748398,60.001807,-0.121692,1,0
11.433000,-62.848003,199458.326753,177.157660,199082.657101,57.162026,198465.830059,95.369237,495.483011,-24.772631,498.104066,-144.792471,491.699415,59.995582,-0.079549,1,0
11.467000,-62.733238,199535.465017,177.228212,198998.114299,57.180672,199152.358299,95.374194,496.833891,-24.728784,499.336290,-144.929044,500.810150,59.997410,0.057980,1,0
11.500000,-62.786027,199499.641720,177.203415,199559.327623,57.155201,199031.434685,95.257442,498.514863,-24.750155,501.616628,-144.871163,503.587959,60.000485,0.051592,1,0
11.533000,-62.832796,199076.885192,177.063596,199148.781805,57.178819,199078.202766,95.260538,495.206025,-24.891739,496.709099,-144.743278,496.093880,60.000412,0.010208,1,0
11.567000,-62.790337,199344.814026,177.190933,199290.811253,57.237113,198584.044071,95.110124,502.989048,-24.823396,496.427426,-144.610096,502.526872,59.999974,0.033077,1,0
11.600000,-62.809617,198961.058891,177.087684,198715.679701,57.096043,198602.373449,95.281345,499.705269,-24.804757,495.915229,-144.772821,504.131390,60.002403,0.024351,1,0
11.633000,-62.792515,199607.810570,177.137412,199349.970797,57.249683,199392.969155,95.275979,501.035589,-24.794317,492.963184,-144.889599,498.603903,60.000303,-0.055571,1,0
11.667000,-62.853704,199239.557760,177.151993,199702.384686,57.169838,198690.291936,95.140900,493.355942,-24.904625,496.351473,-144.911595,500.142067,59.998278,0.050654,1,0
11.700000,-62.739266,199078.402317,177.203107,199068.930932,57.155910,199010.369187,95.140249,500.884629,-24.854476,498.248884,-144.867204,492.580457,60.003358,0.090818,1,0
11.733000,-62.818336,199833.135794,177.233277,199138.463209,57.096972,198694.924494,95.331480,503.246088,-24.849043,494.562282,-144.762260,499.328331,60.004137,0.018362,1,0
11.767000,-62.798839,199801.980576,177.149941,199201.013076,57.198018,199313.837043,95.195613,496.833282,-24.919105,498.826121,-144.729075,502.536002,60.002256,-0.017251,1,0
11.800000,-62.819858,199882.137290,177.219747,199346.097690,57.136387,199061.484894,95.135307,501.694358,-24.848143,498.104188,-144.892187,498.144076,60.003937,0.025224,1,0
11.833000,-62.924613,199124.329636,177.245747,198924.006048,57.286867,199262.350990,94.977249,498.290600,-24.898986,499.087206,-144.746227,501.480646,60.002068,0.025270,1,0
11.867000,-62.835552,198774.241783,177.227525,199101.694917,57.249578,198793.979823,95.186426,500.744921,-24.834164,495.492347,-144.624092,496.746604,60.002161,0.020749,1,0
11.900000,-62.851305,199513.651671,177.055548,199253.758821,57.180962,199174.711413,95.070605,491.522096,-24.996540,491.469508,-144.808766,499.719711,60.000829,-0.057482,1,0
11.933000,-62.846079,198770.001930,177.220968,199300.856934,57.195950,199191.920653,94.954985,500.146333,-24.709313,496.530348,-144.778245,502.094969,59.998469,0.060511,1,0
11.967000,-62.830437,199122.940159,177.209812,199610.215414,57.291476,199175.471686,95.031436,500.850566,-24.828361,499.564863,-144.752287,496.916345,60.006038,0.072821,1,0
12.000000,-62.734691,199444.136607,177.134587,199559.043611,57.133630,199145.739166,95.355452,499.687964,-24.841013,496.662765,-144.730662,493.200424,60.003741,-0.040791,1,0
