model,model_seed,event,support,event_recall,joint_exact,physical_support,physical_top1,physical_top3,integrity_support,integrity_top1,integrity_top3
flat,11,0,12911,0.9972116799628225,0.9972116799628225,0,,,0,,
flat,11,1,351,0.9373219373219374,0.3903133903133903,351,0.3903133903133903,0.7464387464387464,0,,
flat,11,2,3128,0.9034526854219949,0.6819053708439897,3128,0.7154731457800512,0.8865089514066496,0,,
flat,11,3,920,0.7032608695652174,0.2,920,0.21195652173913043,0.4141304347826087,0,,
flat,11,4,1656,0.9426328502415459,0.030797101449275364,1656,0.030797101449275364,0.0748792270531401,0,,
flat,11,5,176,0.011363636363636364,0.011363636363636364,0,,,176,0.011363636363636364,0.011363636363636364
flat,11,6,920,0.9282608695652174,0.7989130434782609,920,0.8076086956521739,0.933695652173913,920,0.9510869565217391,0.9510869565217391
flat,11,7,176,0.6761363636363636,0.6761363636363636,0,,,176,1.0,1.0
flat,11,8,940,0.9457446808510638,0.8053191489361702,940,0.8085106382978723,0.948936170212766,940,0.9968085106382979,0.9968085106382979
flat,29,0,12911,0.9972116799628225,0.9972116799628225,0,,,0,,
flat,29,1,351,0.9430199430199431,0.4301994301994302,351,0.4301994301994302,0.7549857549857549,0,,
flat,29,2,3128,0.8957800511508951,0.6943734015345269,3128,0.7330562659846548,0.8823529411764706,0,,
flat,29,3,920,0.7228260869565217,0.27717391304347827,920,0.2793478260869565,0.45652173913043476,0,,
flat,29,4,1656,0.9438405797101449,0.013888888888888888,1656,0.013888888888888888,0.07669082125603864,0,,
flat,29,5,176,0.005681818181818182,0.005681818181818182,0,,,176,0.005681818181818182,0.005681818181818182
flat,29,6,920,0.875,0.808695652173913,920,0.8641304347826086,0.9271739130434783,920,0.9043478260869565,0.9043478260869565
flat,29,7,176,0.7159090909090909,0.7159090909090909,0,,,176,1.0,1.0
flat,29,8,940,0.951063829787234,0.8287234042553191,940,0.8297872340425532,0.9521276595744681,940,0.9989361702127659,0.9989361702127659
flat,47,0,12911,0.9967469599566261,0.9967469599566261,0,,,0,,
flat,47,1,351,0.9487179487179487,0.42735042735042733,351,0.42735042735042733,0.7749287749287749,0,,
flat,47,2,3128,0.9104859335038363,0.7055626598465473,3128,0.7429667519181585,0.8845907928388747,0,,
flat,47,3,920,0.6891304347826087,0.2543478260869565,920,0.25869565217391305,0.4532608695652174,0,,
flat,47,4,1656,0.9571256038647343,0.016304347826086956,1656,0.016304347826086956,0.07427536231884058,0,,
flat,47,5,176,0.0,0.0,0,,,176,0.0,0.0
flat,47,6,920,0.8923913043478261,0.7782608695652173,920,0.8141304347826087,0.9130434782608695,920,0.9173913043478261,0.9173913043478261
flat,47,7,176,0.8352272727272727,0.8352272727272727,0,,,176,1.0,1.0
flat,47,8,940,0.9478723404255319,0.851063829787234,940,0.8531914893617021,0.948936170212766,940,0.997872340425532,0.997872340425532
typed,11,0,12911,0.9870652931608705,0.9870652931608705,0,,,0,,
typed,11,1,351,0.9031339031339032,0.49002849002849,351,0.49002849002849,0.7806267806267806,0,,
typed,11,2,3128,0.8964194373401535,0.684462915601023,3128,0.684462915601023,0.829923273657289,0,,
typed,11,3,920,0.7271739130434782,0.20652173913043478,920,0.20652173913043478,0.39456521739130435,0,,
typed,11,4,1656,0.9305555555555556,0.06099033816425121,1656,0.06099033816425121,0.14190821256038647,0,,
typed,11,5,176,0.0,0.0,0,,,176,0.0,0.0
typed,11,6,920,0.8543478260869565,0.7369565217391304,920,0.7391304347826086,0.8586956521739131,920,0.8630434782608696,0.8684782608695653
typed,11,7,176,0.6363636363636364,0.6363636363636364,0,,,176,0.9943181818181818,0.9943181818181818
typed,11,8,940,0.9446808510638298,0.8382978723404255,940,0.8382978723404255,0.9446808510638298,940,0.9946808510638298,0.9946808510638298
typed,29,0,12911,0.9884594531794594,0.9884594531794594,0,,,0,,
typed,29,1,351,0.9088319088319088,0.49002849002849,351,0.49002849002849,0.811965811965812,0,,
typed,29,2,3128,0.9111253196930946,0.6445012787723785,3128,0.6445012787723785,0.8260869565217391,0,,
typed,29,3,920,0.7358695652173913,0.14130434782608695,920,0.14456521739130435,0.36630434782608695,0,,
typed,29,4,1656,0.9541062801932367,0.03683574879227053,1656,0.03683574879227053,0.11714975845410629,0,,
typed,29,5,176,0.0,0.0,0,,,176,0.0,0.0
typed,29,6,920,0.8902173913043478,0.7326086956521739,920,0.7326086956521739,0.8880434782608696,920,0.9065217391304348,0.9097826086956522
typed,29,7,176,0.7954545454545454,0.7954545454545454,0,,,176,1.0,1.0
typed,29,8,940,0.9457446808510638,0.8,940,0.8,0.9457446808510638,940,0.9957446808510638,0.9957446808510638
typed,47,0,12911,0.9883819998450933,0.9883819998450933,0,,,0,,
typed,47,1,351,0.9031339031339032,0.452991452991453,351,0.452991452991453,0.7464387464387464,0,,
typed,47,2,3128,0.9031329923273658,0.6460997442455243,3128,0.6460997442455243,0.8142583120204604,0,,
typed,47,3,920,0.7239130434782609,0.20978260869565218,920,0.21195652173913043,0.40652173913043477,0,,
typed,47,4,1656,0.9124396135265701,0.028985507246376812,1656,0.028985507246376812,0.11775362318840579,0,,
typed,47,5,176,0.0,0.0,0,,,176,0.0,0.0
typed,47,6,920,0.875,0.7434782608695653,920,0.75,0.8782608695652174,920,0.8880434782608696,0.9043478260869565
typed,47,7,176,0.7215909090909091,0.7215909090909091,0,,,176,1.0,1.0
typed,47,8,940,0.948936170212766,0.8265957446808511,940,0.8265957446808511,0.948936170212766,940,0.9925531914893617,0.9936170212765958
typed_topology,11,0,12911,0.9870652931608705,0.9870652931608705,0,,,0,,
typed_topology,11,1,351,0.9031339031339032,0.4301994301994302,351,0.4301994301994302,0.7464387464387464,0,,
typed_topology,11,2,3128,0.8964194373401535,0.48945012787723785,3128,0.48945012787723785,0.6860613810741688,0,,
typed_topology,11,3,920,0.7271739130434782,0.29130434782608694,920,0.33369565217391306,0.5760869565217391,0,,
typed_topology,11,4,1656,0.9305555555555556,0.05615942028985507,1656,0.05615942028985507,0.1431159420289855,0,,
typed_topology,11,5,176,0.0,0.0,0,,,176,0.0,0.0
typed_topology,11,6,920,0.8543478260869565,0.7619565217391304,920,0.8097826086956522,0.9021739130434783,920,0.8771739130434782,0.8782608695652174
typed_topology,11,7,176,0.6363636363636364,0.6363636363636364,0,,,176,0.9943181818181818,0.9943181818181818
typed_topology,11,8,940,0.9446808510638298,0.8563829787234043,940,0.8585106382978723,0.9468085106382979,940,0.9968085106382979,0.9968085106382979
typed_topology,29,0,12911,0.9884594531794594,0.9884594531794594,0,,,0,,
typed_topology,29,1,351,0.9088319088319088,0.4358974358974359,351,0.4358974358974359,0.7606837606837606,0,,
typed_topology,29,2,3128,0.9111253196930946,0.514386189258312,3128,0.514386189258312,0.7087595907928389,0,,
typed_topology,29,3,920,0.7358695652173913,0.3065217391304348,920,0.33804347826086956,0.5891304347826087,0,,
typed_topology,29,4,1656,0.9541062801932367,0.033816425120772944,1656,0.033816425120772944,0.11896135265700483,0,,
typed_topology,29,5,176,0.0,0.0,0,,,176,0.0,0.0
typed_topology,29,6,920,0.8902173913043478,0.7902173913043479,920,0.8021739130434783,0.9021739130434783,920,0.9054347826086957,0.9108695652173913
typed_topology,29,7,176,0.7954545454545454,0.7954545454545454,0,,,176,1.0,1.0
typed_topology,29,8,940,0.9457446808510638,0.8702127659574468,940,0.8712765957446809,0.9468085106382979,940,0.9957446808510638,0.9957446808510638
typed_topology,47,0,12911,0.9883819998450933,0.9883819998450933,0,,,0,,
typed_topology,47,1,351,0.9031339031339032,0.4472934472934473,351,0.4472934472934473,0.7521367521367521,0,,
typed_topology,47,2,3128,0.9031329923273658,0.5166240409207161,3128,0.5166240409207161,0.6940537084398977,0,,
typed_topology,47,3,920,0.7239130434782609,0.2891304347826087,920,0.3108695652173913,0.5717391304347826,0,,
typed_topology,47,4,1656,0.9124396135265701,0.03321256038647343,1656,0.03321256038647343,0.15579710144927536,0,,
typed_topology,47,5,176,0.0,0.0,0,,,176,0.0,0.0
typed_topology,47,6,920,0.875,0.775,920,0.8,0.8978260869565218,920,0.9,0.9054347826086957
typed_topology,47,7,176,0.7215909090909091,0.7215909090909091,0,,,176,1.0,1.0
typed_topology,47,8,940,0.948936170212766,0.851063829787234,940,0.851063829787234,0.9478723404255319,940,0.9936170212765958,0.9936170212765958
