model,model_seed,target_type,scenario_n,scenario_top1,scenario_prediction_coverage
flat,11,integrity,36,0.7777777777777778,0.7777777777777778
flat,29,integrity,36,0.7777777777777778,0.7777777777777778
flat,47,integrity,36,0.7777777777777778,0.7777777777777778
typed,11,integrity,36,0.7777777777777778,0.7777777777777778
typed,29,integrity,36,0.7777777777777778,0.7777777777777778
typed,47,integrity,36,0.7777777777777778,0.7777777777777778
typed_topology,11,integrity,36,0.7777777777777778,0.7777777777777778
typed_topology,29,integrity,36,0.7777777777777778,0.7777777777777778
typed_topology,47,integrity,36,0.7777777777777778,0.7777777777777778
flat,11,physical,121,0.5702479338842975,1.0
flat,29,physical,121,0.5950413223140496,1.0
flat,47,physical,121,0.6033057851239669,1.0
typed,11,physical,121,0.6446280991735537,0.9917355371900827
typed,29,physical,121,0.5867768595041323,0.9917355371900827
typed,47,physical,121,0.6115702479338843,0.9917355371900827
typed_topology,11,physical,121,0.5785123966942148,0.9917355371900827
typed_topology,29,physical,121,0.6115702479338843,0.9917355371900827
typed_topology,47,physical,121,0.5537190082644629,0.9917355371900827
