method,quantity,median,p90,p95,maximum,rmse
ORACLE,differential_state_nrmse,1.5393945572650838e-10,4.96205913178405e-09,2.1196355633219535e-08,4.813784229777408e-07,
ORACLE,algebraic_state_nrmse,3.616422645671105e-08,3.079545693511631e-07,6.919514788868115e-07,1.2695947222741283e-05,
ORACLE,unobserved_voltage_magnitude,4.128647318245502e-09,,4.4162687393354235e-09,4.530068980871554e-09,4.145254285652464e-09
ORACLE,unobserved_voltage_angle_rad,1.2544218967820687e-08,,1.3130668584034124e-08,1.336116818486579e-08,1.2656461378264479e-08
MAP,differential_state_nrmse,4.533244367596703e-08,3.6712332378822296e-06,5.591525976481219e-06,0.0007729622133727462,
MAP,algebraic_state_nrmse,8.895763748508998e-06,7.732500761218323e-05,0.00017651078680471605,0.003168075389948262,
MAP,unobserved_voltage_magnitude,2.7800800556917014e-08,,7.0395864407151e-08,8.692345632310554e-08,3.873306779413568e-08
MAP,unobserved_voltage_angle_rad,3.1679197700146085e-06,,3.246186408818822e-06,3.2756937005300006e-06,3.1823332009347108e-06
BMA,differential_state_nrmse,4.412075813979119e-08,3.540858275657822e-06,5.045591758900117e-06,0.0007763941326074984,
BMA,algebraic_state_nrmse,8.883245338213683e-06,7.770405996198853e-05,0.0001779048229009649,0.0031738023195526464,
BMA,unobserved_voltage_magnitude,2.389451086463995e-08,,5.356365456854158e-08,7.039887141325213e-08,3.0771725164903585e-08
BMA,unobserved_voltage_angle_rad,3.189305668017315e-06,,3.247321007091526e-06,3.2759962749083716e-06,3.2000034907881714e-06
