op_tag,sample_index,time_s,direct_hessian_norm,projected_state_hessian_norm,raw_error_norm,whitened_error_norm,relative_error,whitened_relative_error,cosine,richardson_uncertainty_raw,richardson_uncertainty_whitened,error_over_richardson_uncertainty,coarse_fine_raw_difference,prefix_whitened_error_norm
op_m035,1,2.033333333333333,0.016041845359713477,0.016041683741902235,2.475945948730275e-06,0.004938208009744706,0.00015434296324462872,0.00015189229862549555,0.9999999881397559,1.690357655639485e-05,0.03428256242842703,0.1464746789219345,5.071072966918456e-05,0.004938208009744706
op_m035,2,2.066666666666667,0.017247748857882488,0.017245079168765543,5.210382862146262e-06,0.010414628005513406,0.0003020906035378082,0.00029769782769273334,0.9999999663445891,2.0463746271813738e-05,0.04129555396766153,0.25461529833972363,6.139123881544121e-05,0.012875518043421807
op_m035,3,2.1,0.018284774230065626,0.018287399543962402,3.862658669460637e-06,0.007721740243898527,0.00021125000619965397,0.0002079851206660535,0.9999999879959393,2.4902983348454744e-05,0.05086726517946589,0.15510827017841294,7.470895004536423e-05,0.01734739000537454
op_m035,4,2.1333333333333333,0.019492157795105873,0.019492233172971298,1.9590999944146864e-06,0.003910776193806981,0.00010050708674780895,9.871346869975106e-05,0.9999999949566596,2.5085047008961497e-05,0.050937106251925206,0.07809831864037602,7.525514102688449e-05,0.018054057878169636
op_m035,5,2.1666666666666665,0.02096783505336616,0.020968230111937044,2.327908197608332e-06,0.0046451458086452,0.00011102282098669083,0.00010888708120704859,0.9999999940145744,3.0754892323931526e-05,0.06230315578538519,0.07569228898899119,9.226467697179458e-05,0.018536800198746147
op_m035,6,2.2,0.022753263778181588,0.022751173791644926,3.932443520832108e-06,0.007866050697018243,0.00017282986560385158,0.00016973858165530027,0.9999999892825465,3.791919135002587e-05,0.07669589532629384,0.10370589089129996,0.00011375757405007762,0.020379944670351095
op_m035,7,2.2333333333333334,0.02481447911820018,0.024813308992412544,1.9145809758383784e-06,0.003829566300003494,7.715579951199254e-05,7.568210697813513e-05,0.9999999981351985,4.120272655124733e-05,0.08335633028221485,0.04646733689958725,0.00012360817965374198,0.020566927685087607
op_m035,8,2.2666666666666666,0.02719961158828333,0.027197278272197558,3.5194753388881204e-06,0.007035614617179804,0.00012939432342497827,0.00012667653607978366,0.9999999953076769,4.252815209785913e-05,0.08645051208396573,0.08275636643674651,0.0001275844562935774,0.021577583292965902
op_m035,9,2.3,0.02982191105386179,0.029822061519144905,2.306908927062603e-06,0.004600847636027274,7.735617354957773e-05,7.543994823482099e-05,0.9999999970207545,4.206787340763738e-05,0.08563241186849226,0.05483778332954159,0.00012620362022291214,0.022114632685324147
op_m035,10,2.3333333333333335,0.03278604504489313,0.03278669056794582,1.91786945306062e-06,0.0038174735327311353,5.8496517357751695e-05,5.6838754960342486e-05,0.9999999984829361,3.965241421196835e-05,0.08161799408017133,0.04836702862046031,0.00011895724263590504,0.02259833068083087
op_m035,11,2.3666666666666667,0.03600368638212455,0.03600380880263316,3.6723987848480333e-06,0.00734232355232759,0.00010200063254276487,9.935466563641241e-05,0.9999999948037338,3.805752139084248e-05,0.07930869617565962,0.09649600527405071,0.00011417256417252744,0.023793308827586183
op_m035,12,2.4,0.039415167295990136,0.03941411600858962,3.2442573610830073e-06,0.0064809149358043645,8.230987164712755e-05,7.992271238433109e-05,0.9999999969681634,3.596141356314226e-05,0.07635724674005456,0.0902149565224023,0.00010788424068942676,0.024623395279461897
op_m035,13,2.4333333333333336,0.04310685495972493,0.04310574027174368,2.0009235393907e-06,0.003982037683605896,4.641775748335568e-05,4.4784310092080584e-05,0.9999999992570135,3.7761253541347707e-05,0.08087165190347456,0.05298880073458723,0.00011328376062404313,0.024905801233270304
op_m035,14,2.466666666666667,0.04693115603356277,0.04693032415702267,1.7160605703840952e-06,0.0034284687669062096,3.656548688374214e-05,3.530776050954792e-05,0.9999999994885695,3.570785430441906e-05,0.07877203849059874,0.04805835029330571,0.00010712356291325718,0.025132869055364382
op_m035,15,2.5,0.05097586472910769,0.05097580437066276,3.8379648100869255e-06,0.007674370397471514,7.528984217300412e-05,7.250908650118185e-05,0.9999999971664175,3.799614594633717e-05,0.0844312596485481,0.10100931856371358,0.00011398843783901153,0.026195531693117835
op_m035,16,2.533333333333333,0.05521509588733643,0.05521440844120857,1.8845378868321424e-06,0.0037706248687986326,3.413084513476976e-05,3.276026918829813e-05,0.9999999994950418,4.336948495439928e-05,0.09563889180432616,0.04345308432446533,0.00013010845486319784,0.02652785581244391
op_m035,17,2.5666666666666664,0.05971828435650938,0.05971858996113412,1.9772610587253555e-06,0.003950128871515055,3.310981017005441e-05,3.159276185982331e-05,0.999999999464967,4.3107839837576333e-05,0.09725791658032114,0.04586778335855773,0.000129323519512729,0.026829105973554555
op_m035,18,2.6,0.06456115074498713,0.06455907826207527,4.921569171767172e-06,0.009810604520845654,7.6231125297117e-05,7.223411940505117e-05,0.9999999976095708,4.5425053245709795e-05,0.1030202343591471,0.10834481899549547,0.00013627515973712939,0.029305475374307922
op_m035,19,2.6333333333333333,0.0697525528286085,0.06975220821957556,2.181500177142442e-06,0.004363886839104345,3.127484355307661e-05,2.958716231989195e-05,0.9999999995231436,4.806532738173256e-05,0.10961865101592329,0.04538615039105155,0.0001441959821451977,0.02954268240632691
op_m035,20,2.6666666666666665,0.07547077570298842,0.07547099217028301,2.8514791646895076e-06,0.005704318076148309,3.7782560708152324e-05,3.5556389535782655e-05,0.9999999992903544,4.837406888426814e-05,0.11204436402464488,0.05894644032346109,0.0001451222066528044,0.029963319293875634
op_m035,21,2.7,0.08175804477351956,0.08175699056480623,2.762549483911866e-06,0.00551840884463164,3.378932913041754e-05,3.158181339595352e-05,0.9999999995122653,4.944144103033517e-05,0.11538683626079271,0.055875181352762,0.00014832432309100553,0.030715786305552474
op_m035,22,2.7333333333333334,0.08871286498901636,0.08871349796663493,2.4306866232501667e-06,0.004852895793914777,2.739948285461317e-05,2.5460412713884705e-05,0.9999999996500919,6.170578192719174e-05,0.1385886069136816,0.03939155371401333,0.00018511734578157524,0.03148553498853045
op_m035,23,2.7666666666666666,0.09639344404576189,0.0963931998088037,3.764955646973397e-06,0.007519827343903529,3.9058212767934914e-05,3.612148845681066e-05,0.999999999240436,6.217635964978675e-05,0.14109700797626498,0.060552847869830374,0.00018652907894936026,0.03269988065482858
op_m035,24,2.8,0.10485603811183022,0.10485581133468184,2.4238456458710775e-06,0.004842499478191836,2.311593771343923e-05,2.1277578505703905e-05,0.9999999997351647,5.395771346800855e-05,0.1288769802605372,0.04492120755465615,0.00016187314040402563,0.03328116297991797
op_m035,25,2.8333333333333335,0.11418920529569802,0.11418986595523849,2.095791867125661e-06,0.004186109873614969,1.835367766767896e-05,1.681085605244183e-05,0.999999999848309,5.910438523537018e-05,0.13859738925143947,0.035459160243011274,0.00017731315570611054,0.03363468950605767
op_m035,26,2.8666666666666667,0.12446705518289336,0.12446753545691538,3.3796505659341564e-06,0.006747810483759058,2.7152972816526093e-05,2.475274734650382e-05,0.999999999638804,5.948328850128547e-05,0.1404266688499163,0.056816807730142894,0.0001784498655038564,0.03438420686923757
op_m035,27,2.9,0.13572213557775822,0.13572233143409407,2.783549460304731e-06,0.005563398240031114,2.0509178170940095e-05,1.8639782280682238e-05,0.9999999997907284,6.771350941310688e-05,0.1554688808950524,0.04110774178491976,0.00020314052823932065,0.034894312126174706
op_m035,28,2.9333333333333336,0.14802326342354916,0.14802271896701347,2.3872381997736426e-06,0.00476958504273985,1.6127452837888552e-05,1.4597511411620411e-05,0.9999999998767166,6.762735924170791e-05,0.15646668037177708,0.03529988789361685,0.00020288207772512377,0.03554667823374396
op_m035,29,2.966666666666667,0.1614078683438659,0.16140725429815458,2.415436328237982e-06,0.0048008288671116004,1.4964799132915241e-05,1.3428581393877078e-05,0.9999999998952631,6.883490356896683e-05,0.15914263343000096,0.035090284187264335,0.00020650471070690046,0.03588470821628846
op_m035,30,3.0,0.17597060707225434,0.1759699344237966,2.9463742429324522e-06,0.00589503504410279,1.6743559006548504e-05,1.507739278247889e-05,0.9999999998671318,6.700185457946366e-05,0.15602762724110184,0.043974517741715284,0.000201005563738391,0.03652702353937184
op_m035,31,3.033333333333333,0.19178586822945556,0.19178646549735567,2.697543767684118e-06,0.005375731843888152,1.406539383004349e-05,1.2579501773481732e-05,0.9999999999059316,7.26117300745606e-05,0.16491243141373194,0.03715024783067658,0.0002178351902236818,0.03708996441517472
op_m035,32,3.0666666666666664,0.2088496412703247,0.20884929209772374,2.734156105573622e-06,0.00546571331332043,1.3091504916853866e-05,1.1714013217546634e-05,0.9999999999157038,6.868871121765403e-05,0.1576334272799018,0.03980502846981503,0.00020606613365296207,0.03758445612961188
op_m035,33,3.1,0.22725850563880481,0.2272580434935906,4.290101852666033e-06,0.00857647534715891,1.8877629422964445e-05,1.6850986244174733e-05,0.9999999998238848,7.022579516717749e-05,0.16008835488312093,0.06109011428710976,0.00021067738550153246,0.03889576446460885
op_m035,34,3.1333333333333333,0.24706326537042472,0.2470637975497825,1.6869666663005837e-06,0.0033683948918054522,6.828075650061921e-06,6.073878994449466e-06,0.9999999999790086,6.453647600507721e-05,0.15018075715985363,0.02613973942686097,0.00019360942801523162,0.0392059114349129
op_m035,35,3.166666666666667,0.2683082403670096,0.2683091454289349,3.591593729683222e-06,0.0071703286767157955,1.3386073140244981e-05,1.188050780397971e-05,0.999999999916096,7.163590712259589e-05,0.1624826271863199,0.05013678019790632,0.00021490772136778766,0.03990099813710039
op_m035,36,3.2,0.29097453027051723,0.29097443930821876,1.6146208884143576e-06,0.0032157772800324924,5.549011066065661e-06,4.903073754811049e-06,0.999999999984653,6.838284100104665e-05,0.1562141671099371,0.02361149178329173,0.00020514852300313992,0.04013197138455237
op_m035,37,3.2333333333333334,0.315130614609504,0.31513048833956214,2.50755380544123e-06,0.005011200218478056,7.957188826444173e-06,7.040796306934281e-06,0.9999999999684219,7.595958149681112e-05,0.16922242268707027,0.033011685373049354,0.00022787874449043335,0.04040916952595082
op_m035,38,3.2666666666666666,0.3407389023821461,0.3407390514231555,2.384013090812164e-06,0.0047588186061066715,6.9965979057432125e-06,6.171454218992849e-06,0.9999999999756195,7.204459680454233e-05,0.16163559688280577,0.03309079648651535,0.000216133790413627,0.04070960593710583
op_m035,39,3.3,0.36782692646520027,0.3678271458339605,2.212118714403406e-06,0.004414519974764539,6.014020603825186e-06,5.292794457019763e-06,0.9999999999820937,7.117485671038736e-05,0.16062432345933578,0.031080058557821675,0.00021352457013116207,0.040986659986621286
op_m035,40,3.333333333333333,0.39642139459015713,0.3964220063818675,2.5377879461704215e-06,0.005046473432865131,6.401743147072398e-06,5.602738113000526e-06,0.9999999999806995,7.656578384805513e-05,0.16982472636611995,0.033145196439269324,0.0002296973515441654,0.041288828420824236
op_m035,41,3.3666666666666667,0.4265527933679269,0.42655309137195263,3.0932359165794478e-06,0.00618550996211134,7.251707091533098e-06,6.369186748434313e-06,0.9999999999739504,7.306453229541965e-05,0.16298149599397904,0.042335669844195525,0.00021919359688625894,0.041943345326023354
op_m035,42,3.4,0.45824929757988697,0.45824885980687774,1.7134021417344947e-06,0.0034105176715538477,3.7390174972080473e-06,3.2621011461324427e-06,0.9999999999934662,7.135379795814324e-05,0.15940428481875302,0.024012767235453834,0.0002140613938744297,0.04214238315111311
op_m035,43,3.4333333333333336,0.4915830540470426,0.4915832198132301,1.7543897965059312e-06,0.0034993776963403353,3.5688573519014e-06,3.113593470995296e-06,0.9999999999936885,7.569043048931206e-05,0.16716125198236798,0.023178488815090853,0.00022707129146793615,0.04233463303084653
op_m035,44,3.466666666666667,0.5266314774053947,0.5266316603351472,2.1139220831078107e-06,0.0042256218958140815,4.014044305749955e-06,3.5021685492574475e-06,0.9999999999920042,7.171557677754838e-05,0.15997164191208507,0.029476470497684194,0.00021514673033264513,0.04257980563148442
op_m035,45,3.5,0.5634832194750066,0.5634828622266307,2.0187881679121554e-06,0.00403074393308251,3.5826943875862824e-06,3.115624866343538e-06,0.9999999999937829,6.898646560583195e-05,0.15543037171322582,0.0292635395969828,0.00020695939681749585,0.04276535847675228
op_m085,1,2.033333333333333,0.016010852746437692,0.016009285626266058,3.414523870988222e-06,0.006827524101654376,0.00021326308629925604,0.0002104243687036032,0.9999999820477827,1.378578462663872e-05,0.028033292573558972,0.24768440560069582,4.1357353879916165e-05,0.006827524101654376
op_m085,2,2.066666666666667,0.017209146869019736,0.017209609539947445,2.0640633945391367e-06,0.004118428671931296,0.00011993990232339213,0.00011798172068495425,0.9999999931687998,1.2297266380505593e-05,0.024761778185018898,0.1678473353892066,3.689179914151678e-05,0.009017908316501419
op_m085,3,2.1,0.0182415445483255,0.018242468722957175,3.3930758214157102e-06,0.006779179215505941,0.0001860081427001301,0.00018304354046769976,0.9999999839846758,2.0260973670498126e-05,0.04077550374926076,0.1674685470005988,6.0782921011494374e-05,0.011040967834526908
op_m085,4,2.1333333333333333,0.019438447792417615,0.019438074374946893,2.3778736372908445e-06,0.004755421271278591,0.00012232837018079116,0.0001203753553512368,0.9999999927022616,2.3774493954051577e-05,0.04773892946510974,0.10001784441286139,7.132348186215473e-05,0.013280404386459447
op_m085,5,2.1666666666666665,0.020985500408812228,0.020984623106556105,2.9035455924121997e-06,0.005802378056312219,0.00013835960715013226,0.00013591648941098182,0.9999999913017819,2.1684896474691113e-05,0.04355861150819973,0.13389713876665205,6.505468942407334e-05,0.01494114202972941
op_m085,6,2.2,0.022743077680684266,0.022742580101376635,3.18325178865292e-06,0.006353612192625523,0.0001399657440099438,0.00013717082717842508,0.9999999904439155,2.136494520827224e-05,0.043267414690111666,0.1489941470769794,6.409483562481672e-05,0.01642176142122851
op_m085,7,2.2333333333333334,0.024792001650975285,0.024791006912487593,2.0687146438520026e-06,0.004131309295380934,8.34428245438029e-05,8.172140243291357e-05,0.9999999973234824,2.182531815979159e-05,0.0441542032396943,0.09478508531725141,6.547595447937476e-05,0.016960272331216296
op_m085,8,2.2666666666666666,0.02715476860895765,0.02715602134114338,2.6440422290795027e-06,0.0052596631137147585,9.736935221783852e-05,9.486853721035373e-05,0.9999999963239031,2.305176913117504e-05,0.04663426349039779,0.11470018695891414,6.915530739352511e-05,0.017931013767892485
op_m085,9,2.3,0.02985526727294081,0.02985773809588763,4.512343610833356e-06,0.00902943343399209,0.00015114062016530997,0.0001479121539125468,0.9999999920035298,2.6701880505544155e-05,0.05375978999358508,0.16898973126242742,8.010564151663247e-05,0.020258593379603954
op_m085,10,2.3333333333333335,0.032880161633565365,0.03287768534899566,3.7887144096008143e-06,0.007558729682775843,0.00011522797399308237,0.00011224006431750866,0.999999996196951,3.438022522678969e-05,0.06935642669051509,0.11020039527398383,0.00010314067568036908,0.02292214051971231
op_m085,11,2.3666666666666667,0.03603540877723716,0.03603564060240858,1.6490573639855201e-06,0.003285092508496304,4.576213840613337e-05,4.441840852628491e-05,0.9999999989736134,2.0927405036670285e-05,0.04279232970801172,0.0787989414404672,6.278221511001085e-05,0.023273835698404063
op_m085,12,2.4,0.03947524028678295,0.03947475093291211,2.235783559429033e-06,0.004458838134334722,5.6637617483423266e-05,5.491215431269059e-05,0.9999999984729074,2.3784411112905334e-05,0.04834424691698932,0.0940020565914245,7.1353233338716e-05,0.023928276577687174
op_m085,13,2.4333333333333336,0.04313663798639844,0.04313710720828873,3.7410827412638436e-06,0.00748745679982624,8.672634020396901e-05,8.416473033473415e-05,0.9999999962984719,3.337061602232863e-05,0.06769531840135394,0.11210709262186368,0.00010011184806698588,0.02504678040791608
op_m085,14,2.466666666666667,0.046970743047050345,0.04697145506934403,3.248866592071224e-06,0.006496627700906496,6.91678773064512e-05,6.685969305498625e-05,0.9999999977228322,3.1393375074460195e-05,0.06413610853944063,0.1034889235185901,9.418012522338058e-05,0.025511811373567072
op_m085,15,2.5,0.05095337135647887,0.0509528809063681,2.844917475960542e-06,0.00568444311441526,5.5833743680216806e-05,5.3738800954169396e-05,0.9999999984876068,3.338184877075078e-05,0.06852349983590303,0.08522348463975017,0.00010014554631225234,0.026623818834176693
op_m085,16,2.533333333333333,0.055211783054541524,0.05521103509752438,3.9094693187293905e-06,0.007818321664768051,7.080860465722292e-05,6.793946181660654e-05,0.9999999975847995,3.839649577570348e-05,0.07834285018969886,0.10181838836457631,0.00011518948732711044,0.02764140096100171
op_m085,17,2.5666666666666664,0.05976673026093647,0.05976682025200836,2.180992121174154e-06,0.0043612800360043665,3.6491742339795524e-05,3.485836111366139e-05,0.9999999993353109,4.14779886993524e-05,0.08467354605334504,0.05258191608524658,0.0001244339660980572,0.028154292455842868
op_m085,18,2.6,0.06459218578113354,0.06459202717740718,2.669838670555994e-06,0.005334007429561298,4.13337718528766e-05,3.925946334450837e-05,0.9999999991487721,4.609435704862499e-05,0.09410962883002771,0.05792116088612708,0.00013828307114587498,0.028722681637574476
op_m085,19,2.6333333333333333,0.0698051867462553,0.06980373523504536,4.712605103165018e-06,0.009431290514873706,6.751081578358253e-05,6.390442138196936e-05,0.9999999979372917,4.6587523080700614e-05,0.09526264761590572,0.10115594887930983,0.00013976256924210184,0.03095129737431215
op_m085,20,2.6666666666666665,0.07552707267440166,0.0755284047572324,2.741908023114432e-06,0.005474175471956957,3.6303644852420513e-05,3.410109448443615e-05,0.9999999994965663,5.3726060220195496e-05,0.10960036758643481,0.05103497282095059,0.00016117818066058647,0.0317616477236612
op_m085,21,2.7,0.0818017623259993,0.081800556286826,2.7591706862761873e-06,0.005516565265452951,3.372996629681696e-05,3.155858929165861e-05,0.9999999995398225,5.022999212646452e-05,0.10329817477430181,0.05493074096705804,0.0001506899763793936,0.03253368635644932
op_m085,22,2.7333333333333334,0.08875307103586168,0.08875358935604116,3.013752699579368e-06,0.006020973210629603,3.3956601888870156e-05,3.157763784612848e-05,0.9999999994405308,4.9136529112088045e-05,0.10114098553726193,0.06133426096712143,0.00014740958733626413,0.03333525808977601
op_m085,23,2.7666666666666666,0.09643456105338143,0.09643513621330405,2.833608454061728e-06,0.005666413782767296,2.9383743992915384e-05,2.7208751507666007e-05,0.9999999995860861,4.546633678171436e-05,0.09363989815900713,0.062323218773176994,0.00013639901034514308,0.03361387117497508
op_m085,24,2.8,0.10491334827473373,0.10491256894566785,2.0456474682275107e-06,0.004079357270224737,1.9498448022749493e-05,1.791567645391868e-05,0.999999999837494,4.089260768798201e-05,0.0842800329628179,0.05002487207067279,0.000122677823063946,0.0339827579232159
op_m085,25,2.8333333333333335,0.11422345187220694,0.1142237768308833,2.6765970593973965e-06,0.005352524083280201,2.3432990471973917e-05,2.1489163015214233e-05,0.999999999729495,4.2518773214660575e-05,0.08746833496772594,0.06295094747640789,0.00012755631964398172,0.03449230802112277
op_m085,26,2.8666666666666667,0.12450956905599735,0.12450913381331713,1.9973643667871984e-06,0.003994618066552585,1.604185430831342e-05,1.4648216033119512e-05,0.9999999998774387,3.7814177767439563e-05,0.07796175898053935,0.052820515603199426,0.00011344253330231869,0.034971560771643234
op_m085,27,2.9,0.1357396779551901,0.13574016818377946,4.281893104560506e-06,0.008550184701766765,3.154488922519788e-05,2.8642201334846748e-05,0.9999999995089834,3.7824430167259834e-05,0.07773416143427507,0.11320443125318615,0.0001134732905017795,0.036440530691435824
op_m085,28,2.9333333333333336,0.14802315631576404,0.14802217562985062,2.714860257773474e-06,0.0054287915426656135,1.8340780762586325e-05,1.6614216229918343e-05,0.9999999998537537,3.534432643429185e-05,0.07272545309881287,0.07681176957271016,0.00010603297930287554,0.03732561967590495
op_m085,29,2.966666666666667,0.16142520739244978,0.1614264718314208,4.7274216367465155e-06,0.009447299403798482,2.9285523079759274e-05,2.6420717277163857e-05,0.9999999996018599,3.376379563410366e-05,0.06941561674197187,0.1400145199306771,0.00010129138690231097,0.039147737027233655
op_m085,30,3.0,0.17595641115725366,0.17595660715131703,1.228300626268451e-06,0.0024508847827455897,6.980709700715075e-06,6.268233338644441e-06,0.9999999999762553,3.918367888108136e-05,0.07965772114366944,0.03134725123682805,0.00011755103664324409,0.03925385530301544
op_m085,31,3.033333333333333,0.1917631303257462,0.19176325343721953,2.4824334369725127e-06,0.004962523346525018,1.2945311399306147e-05,1.1612374514509872e-05,0.9999999999164156,4.21617801649602e-05,0.08542769036161509,0.05887876240661235,0.0001264853404948806,0.03956852911096887
op_m085,32,3.0666666666666664,0.20883815828213612,0.2088388595473181,2.2423017157918565e-06,0.004481696898421158,1.0737030695140264e-05,9.604123797819926e-06,0.999999999947996,4.188847032517926e-05,0.0847845851574896,0.053530284070650434,0.00012566541097553776,0.03988742393313077
op_m085,33,3.1,0.22725258177080693,0.22725304407509045,3.063878155043767e-06,0.00612372799966682,1.348225895243649e-05,1.2030325269006533e-05,0.9999999999111837,4.897760705101562e-05,0.09865315584555716,0.06255671396629071,0.00014693282115304683,0.0403577372428803
op_m085,34,3.1333333333333333,0.24707706943468893,0.24707688754455678,4.056405284702785e-06,0.008110051267157616,1.6417570817007904e-05,1.4621019986971126e-05,0.9999999998655026,5.117997500696953e-05,0.10302146791488556,0.07925766443126235,0.0001535399250209086,0.04153904403908463
op_m085,35,3.166666666666667,0.2683525644432091,0.26835322035903014,3.285788952292691e-06,0.00657362295235102,1.2244298686357648e-05,1.0888246626959996e-05,0.9999999999280257,5.309005860828763e-05,0.10752440131653722,0.061890851854884986,0.0001592701758248629,0.042616060993718834
op_m085,36,3.2,0.2910477126905319,0.2910473586603609,3.4638091110886173e-06,0.0069298131336031224,1.1901172763283834e-05,1.0561729777342534e-05,0.999999999929921,4.9004455571546755e-05,0.09878968843115657,0.07068355460110026,0.00014701336671464027,0.043690739253834175
op_m085,37,3.2333333333333334,0.31520922865943085,0.31520956562404173,3.1521794953607136e-06,0.00630778060568476,1.0000276669457857e-05,8.859075567655685e-06,0.9999999999505688,4.552793198258807e-05,0.091888390845779,0.0692361668561236,0.0001365837959477642,0.044654568059942994
op_m085,38,3.2666666666666666,0.3408615950606761,0.34086043595280463,5.408539238585142e-06,0.010820489780924357,1.5867259078050075e-05,1.402580361834595e-05,0.9999999998798962,4.075801783267703e-05,0.08218583803584509,0.1326987799256749,0.00012227405349803108,0.04665401817559575
op_m085,39,3.3,0.36800618497269016,0.36800549821048284,2.9590433797247327e-06,0.0059127145962471934,8.04074360854648e-06,7.084891621030752e-06,0.9999999999694144,3.5849925835085336e-05,0.07248702431625585,0.08253973504259801,0.00010754977750525602,0.04676345865205479
op_m085,40,3.333333333333333,0.39664445262966924,0.39664443516537407,3.2525668456888287e-06,0.006506780985928696,8.200207576647033e-06,7.219328846867699e-06,0.9999999999663793,4.359169264027056e-05,0.08772020171916263,0.07461437371863064,0.0001307750779208117,0.04737828088509051
op_m085,41,3.3666666666666667,0.4268528137618667,0.4268524118040928,3.970949724572601e-06,0.00792020134401193,9.302854746526096e-06,8.149201391707138e-06,0.9999999999571717,3.095511493014742e-05,0.06252371853470769,0.12828089101052773,9.286534479044225e-05,0.048208389884100686
op_m085,42,3.4,0.4586199903769141,0.45861958309917245,1.4849820347835256e-06,0.002958405649023785,3.237935689552263e-06,2.827259107769138e-06,0.9999999999951523,3.16771872043838e-05,0.06402651362396854,0.04687859516068457,9.50315616131514e-05,0.048427857653076715
op_m085,43,3.4333333333333336,0.4920130653406529,0.4920136352202901,2.3143709821734052e-06,0.004623196354152587,4.70388114708095e-06,4.109801322891315e-06,0.9999999999896078,4.016639268011752e-05,0.08083542975076247,0.05761958761407582,0.00012049917804035255,0.04870064152384281
op_m085,44,3.466666666666667,0.5271035790842387,0.5271034740957204,1.6078771304759427e-06,0.003196564822175324,3.0504007073322887e-06,2.646875270089081e-06,0.9999999999953675,3.531268041878043e-05,0.07128587319966198,0.045532571059681476,0.0001059380412563413,0.04890779056851888
op_m085,45,3.5,0.5640388468614892,0.564038571327485,3.1513572119149793e-06,0.006303307369262707,5.587127960157781e-06,4.86740625513155e-06,0.9999999999845114,3.935636030884363e-05,0.07912380619288167,0.08007237425374544,0.00011806908092653088,0.04941146535820609
op_m125,1,2.033333333333333,0.016073632964804838,0.01607275771246681,2.5236147313971967e-06,0.0050414583673733995,0.00015700338168247066,0.00015476931110665476,0.9999999891569255,1.0001202944976586e-05,0.020267959101896056,0.25233111909450456,3.0003608834929758e-05,0.0050414583673733995
op_m125,2,2.066666666666667,0.01722488443598311,0.017224170575168556,2.9396559521363197e-06,0.005882486638010221,0.00017066331928447211,0.00016836624462997297,0.9999999862952327,1.2073259248307998e-05,0.024222270787427624,0.2434848694687225,3.6219777744924e-05,0.008129504840955985
op_m125,3,2.1,0.018250851336767338,0.018252509344740365,4.198141635068556e-06,0.008398151452257138,0.00023002442777072927,0.00022663359384998545,0.9999999776728633,1.915043575614154e-05,0.03868497841036512,0.2192191179630058,5.7451307268424615e-05,0.013659878102783875
op_m125,4,2.1333333333333333,0.019449352844982927,0.01944948600081727,1.9068335574192705e-06,0.0038037705541151007,9.804097712748058e-05,9.622123893986202e-05,0.999999995217452,2.3776177196575532e-05,0.04778675463802636,0.08019933320878474,7.13285315897266e-05,0.01418783911697514
op_m125,5,2.1666666666666665,0.020983016648886747,0.020982605814642556,3.163111893381866e-06,0.006315399382238542,0.0001507462890732484,0.00014793859635676965,0.9999999888292354,1.829880682148182e-05,0.03730203733864272,0.17285891502327583,5.489642046444546e-05,0.015680745885014925
op_m125,6,2.2,0.022742190780835315,0.022739670144797244,4.209958006734024e-06,0.008413567081562823,0.00018511664277663726,0.00018164469811458785,0.9999999890069206,2.3163079183413825e-05,0.04703116759683334,0.18175295147065812,6.948923755024148e-05,0.018386875770805923
op_m125,7,2.2333333333333334,0.024808098582107217,0.024809048525023067,2.1043493933860054e-06,0.0042044191289240355,8.482509799859318e-05,8.311431707913056e-05,0.9999999971355863,2.1866385258955143e-05,0.04454555574341566,0.09623672904620538,6.559915577686541e-05,0.019530786939294338
op_m125,8,2.2666666666666666,0.027202016026784296,0.02719946410746489,6.341477817602459e-06,0.012690225498001896,0.00023312528789624863,0.00022848416756355726,0.9999999772246599,2.4855613710149037e-05,0.050828339863028676,0.2551326187940034,7.45668411304471e-05,0.024596830556410428
op_m125,9,2.3,0.02992218903708785,0.02992280776996458,2.628525123072431e-06,0.00525203611641428,8.784534847415194e-05,8.584048486408946e-05,0.9999999963554637,3.4897932448651835e-05,0.0709326418954066,0.07532036824645683,0.0001046937973459555,0.02591538119939368
op_m125,10,2.3333333333333335,0.03283067362642007,0.03283231649072897,2.6610411129478774e-06,0.005301187601145449,8.105350329474927e-05,7.882739195061125e-05,0.9999999979672939,3.291327027926472e-05,0.06729128537271577,0.0808500975554631,9.873981083779416e-05,0.026540989975660314
op_m125,11,2.3666666666666667,0.03606882894670378,0.03606873359657738,2.0781047623099808e-06,0.004147453268535289,5.761497733626565e-05,5.6025619652550875e-05,0.999999998343747,3.529284309613773e-05,0.07237761528488393,0.05888176128653681,0.0001058785292884132,0.02707160978449533
op_m125,12,2.4,0.039521077314589,0.03952269559512929,4.324998103745834e-06,0.008618475124108566,0.00010943522792455061,0.00010601040727953542,0.9999999948505163,3.642541280504727e-05,0.07489667308843882,0.11873573339837463,0.00010927623841514182,0.02855358055596559
op_m125,13,2.4333333333333336,0.04318052687056864,0.04317964988973855,2.5799996139109226e-06,0.005158957499025783,5.974914622149785e-05,5.792734920192181e-05,0.9999999984212283,4.3006769532565574e-05,0.08832927693560388,0.059990546650040666,0.00012902030859769672,0.02908424144204608
op_m125,14,2.466666666666667,0.046967547718960286,0.04696725882521229,1.5760835606908141e-06,0.003140530025927294,3.3556862924196625e-05,3.231853909673298e-05,0.999999999455882,4.8267334762878805e-05,0.09921033194078695,0.032653212953099295,0.00014480200428863642,0.0294787384978801
op_m125,15,2.5,0.051018724633059155,0.05101942594718483,2.891408522057461e-06,0.005783684234159019,5.667347709793365e-05,5.4601706712514235e-05,0.9999999984885584,5.8465516704982684e-05,0.12010469648814781,0.0494549383125702,0.00017539655011494806,0.030116728286178614
op_m125,16,2.533333333333333,0.05525188369865861,0.055252807389078465,2.0477185600796485e-06,0.0040889691735133335,3.706151578917774e-05,3.550198054270852e-05,0.9999999994529736,6.428034980874062e-05,0.1323816059364305,0.03185605812931041,0.00019284104942622184,0.03055208032017805
op_m125,17,2.5666666666666664,0.059739631189789706,0.059739323085491174,2.7382019319977017e-06,0.0054659980002984805,4.583560155064527e-05,4.369832796306399e-05,0.9999999989628432,7.267987070608121e-05,0.14987260150907658,0.037674832183879944,0.0002180396121182436,0.03127386075124718
op_m125,18,2.6,0.06455327923807902,0.06455451517862439,1.8814714752133692e-06,0.003749762261878739,2.914602476311563e-05,2.7608138475884545e-05,0.999999999758545,7.923713143732928e-05,0.1640005418855046,0.023744820655218622,0.00023771139431198783,0.03170529155869557
op_m125,19,2.6333333333333333,0.06975151839065191,0.06975290469148017,4.3052089998552865e-06,0.00861159471451577,6.172208289063239e-05,5.837658499622815e-05,0.9999999982927312,7.742985901405575e-05,0.1621101966579332,0.05560140564215372,0.00023228957704216725,0.03286501848009127
op_m125,20,2.6666666666666665,0.07542267506994567,0.07542333365686463,2.458998117479015e-06,0.004907267949011542,3.26029024454328e-05,3.0600254284185686e-05,0.9999999995066533,7.726184334456546e-05,0.1638653996619987,0.03182681141210409,0.0002317855300336964,0.03343667670666633
op_m125,21,2.7,0.081712910217634,0.08171363455922875,2.679239952305442e-06,0.005341962999591803,3.2788453442296445e-05,3.058075600516762e-05,0.9999999995017524,7.711698497366034e-05,0.16582416336368427,0.034742540222760895,0.00023135095492098103,0.03375372971121968
op_m125,22,2.7333333333333334,0.08866230138104718,0.0886629019463082,3.5943273925565878e-06,0.007186110700954007,4.0539522847586785e-05,3.7711627066551054e-05,0.9999999992012201,7.682364764054824e-05,0.168221371146278,0.04678673172841468,0.00023047094292164472,0.03439490399899744
op_m125,23,2.7666666666666666,0.09633891111370858,0.09633882667936113,1.4601133112478824e-06,0.002916961062659853,1.5156008038377288e-05,1.4015124176359781e-05,0.9999999998855316,7.583482290954044e-05,0.16880320452529304,0.01925386326792875,0.00022750446872862133,0.034641344178191584
op_m125,24,2.8,0.10485124452651282,0.10485104266926681,2.8329673539226042e-06,0.005657363090519856,2.701891967726007e-05,2.485226413707185e-05,0.9999999996368416,7.8724484587876e-05,0.17685474479918378,0.035985848224389605,0.00023617345376362802,0.035253781237713847
op_m125,25,2.8333333333333335,0.11424738999298534,0.11424855137168141,4.333959924811013e-06,0.008666683684687669,3.79348703290037e-05,3.4778791573601044e-05,0.9999999993321481,8.408561355688065e-05,0.18914333558979946,0.0515422287057376,0.00025225684067064195,0.03611207811717553
op_m125,26,2.8666666666666667,0.1245369005975784,0.12453555231445261,4.742241664277306e-06,0.009490420393826368,3.807900824191154e-05,3.478580105950379e-05,0.9999999993335925,8.574810048531475e-05,0.19508697937159905,0.055304334876659623,0.00025724430145594425,0.03831274959474021
op_m125,27,2.9,0.1358501942131321,0.135850940892833,2.150693084539511e-06,0.0042915700836035995,1.5831358188309547e-05,1.4362630695420554e-05,0.9999999998897896,8.769367975277978e-05,0.20209164696148038,0.024525063728681507,0.00026308103925833933,0.0389752339471306
op_m125,28,2.9333333333333336,0.1482053887691196,0.14820571833437285,2.074513367670391e-06,0.004146762398688769,1.3997556937029818e-05,1.2674151442952484e-05,0.9999999999045068,0.00010080258309717017,0.22815632593938903,0.02057996237726004,0.0003024077492915105,0.03920116916305694
op_m125,29,2.966666666666667,0.16167359168687273,0.1616743921855786,2.4584602407889367e-06,0.004887158551476748,1.5206319196213875e-05,1.3646690976494205e-05,0.9999999998966421,0.00010712264582820073,0.24236335898127354,0.022949958169738664,0.0003213679374846022,0.03961633875785108
op_m125,30,3.0,0.17626910854439162,0.17626862103192675,2.241247388192187e-06,0.00447633725127925,1.271491872115386e-05,1.1428845293048186e-05,0.9999999999229897,0.00010720430254810176,0.24613648852245132,0.020906319381972155,0.0003216129076443053,0.03999021886449352
op_m125,31,3.033333333333333,0.19212985715544992,0.1921301245770314,2.788447159331603e-06,0.005562005744217281,1.4513346340935989e-05,1.2991564796091618e-05,0.9999999998956502,0.00011937335415832754,0.27044817119735187,0.02335904171405977,0.0003581200624749826,0.04059448656851041
op_m125,32,3.0666666666666664,0.2092645833523166,0.20926443953006513,2.4789876617378304e-06,0.00495665162452034,1.1846188313500816e-05,1.0601894380153141e-05,0.99999999993007,0.00012590649271238837,0.2853027126908953,0.019689116965561495,0.00037771947813716505,0.04107570547645981
op_m125,33,3.1,0.22773995489499096,0.22774053332929473,1.9878135639197232e-06,0.003971248338364664,8.72843574960875e-06,7.786306168974457e-06,0.9999999999651327,0.00013079470218143135,0.29633244981150897,0.015197966972410973,0.000392384106544294,0.04129998863329991
op_m125,34,3.1333333333333333,0.24758888726769496,0.24758935605587384,4.383632909095733e-06,0.008768509192205296,1.7705289431492605e-05,1.5778051732197682e-05,0.999999999845054,0.00013721616954757057,0.31039539198600247,0.03194691211356108,0.0004116485086427117,0.042342981943096145
op_m125,35,3.166666666666667,0.26885921776668786,0.26885944714002646,2.7770642745615196e-06,0.0055442917024576275,1.0329064770884723e-05,9.167524291905303e-06,0.9999999999470193,0.00014064521257012768,0.31935704349856053,0.01974517456949938,0.00042193563771038305,0.04259591115538169
op_m125,36,3.2,0.2915732727353981,0.29157296276270267,2.4236891108480806e-06,0.004841912959284885,8.312452949168532e-06,7.3673893101782805e-06,0.9999999999660166,0.000138544772105881,0.3188396945168259,0.017493905212069703,0.00041563431631764294,0.04307531710339999
op_m125,37,3.2333333333333334,0.3157728567087892,0.3157723806522381,1.7144072196764588e-06,0.003417252966607387,5.4292418846421394e-06,4.791593600665206e-06,0.999999999986398,0.00014577418544761312,0.33432977946222125,0.011760705192158768,0.00043732255634283934,0.04331648739799324
op_m125,38,3.2666666666666666,0.34144301444374925,0.3414431801633603,2.48890253902289e-06,0.004979540281673032,7.2893643557991786e-06,6.4444708127546685e-06,0.9999999999735505,0.00015515206980344995,0.35287608994312125,0.01604169729850131,0.00046545620941034984,0.0437454977221005
op_m125,39,3.3,0.3685999535977579,0.36859977481652906,2.8363013338250837e-06,0.0056712975384857435,7.694795688770636e-06,6.785478936418204e-06,0.9999999999705128,0.00016208030537518344,0.3681212847344256,0.017499358279586246,0.0004862409161255503,0.044352172099546575
op_m125,40,3.333333333333333,0.39725229107992516,0.39725159009056793,3.0605543482130258e-06,0.006090203600127661,7.704308866017988e-06,6.747507482378963e-06,0.9999999999718784,0.00016220299933309557,0.3713622450040673,0.018868666798990297,0.0004866089979992867,0.0450313239508478
op_m125,41,3.3666666666666667,0.42743024524019635,0.42743021672610826,2.6278517991784114e-06,0.005249136522873016,6.148024919719189e-06,5.393988208752183e-06,0.9999999999811029,0.00016657596225456303,0.381457459372709,0.015775696346646356,0.0004997278867636891,0.045440830510853625
op_m125,42,3.4,0.45917451312635943,0.4591749889862221,2.133210073781407e-06,0.0042631824141438545,4.645750172972629e-06,4.06946330718291e-06,0.9999999999897456,0.00017725201577627864,0.4033714666097853,0.012034898810255963,0.0005317560473288359,0.04573835263596759
op_m125,43,3.4333333333333336,0.492572784357002,0.49257229756372783,2.9815836991111216e-06,0.005958708313027576,6.053082496230971e-06,5.291155386582592e-06,0.9999999999821684,0.00017941951972439988,0.4103926743347842,0.016617944935372858,0.0005382585591731997,0.04636557418281759
op_m125,44,3.466666666666667,0.5276683597007297,0.5276683325510277,3.8089560915756063e-06,0.007614640886394136,7.218465957928345e-06,6.298522517605543e-06,0.9999999999739481,0.00017540187896633296,0.4074583912537474,0.021715594576422446,0.0005262056368989988,0.04691590796156341
op_m125,45,3.5,0.5646097192743261,0.5646098808524517,1.503309539845446e-06,0.002999708860818018,2.662564048273202e-06,2.3140341662184594e-06,0.9999999999964965,0.0001854654839903845,0.42769216902175033,0.008105602765004973,0.0005563964519711534,0.046983100692175955
