point_id,op_tag,support,amplitude_i,amplitude_j,stencil,future_v3_excluded,state_path,voltage_path,state_sha256,voltage_sha256
op_m035_cross_7_12_coarse_m0p0001_m0p0002,op_m035,7-12,-0.0001,-0.0002,coarse,True,C:\Users\walla\Documents\Github\SGSMA26-Physics-Informed-AD\research\pmu_hybrid_dae_bayes\powerdynamics_ieee39\output\cross_k1_second_order_identity_pilot_v1\physical\op_m035\state\op_m035_cross_7_12_coarse_m0p0001_m0p0002.csv,C:\Users\walla\Documents\Github\SGSMA26-Physics-Informed-AD\research\pmu_hybrid_dae_bayes\powerdynamics_ieee39\output\cross_k1_second_order_identity_pilot_v1\physical\op_m035\voltage\op_m035_cross_7_12_coarse_m0p0001_m0p0002.csv,9bdd991a86d51a74fa4b0c78a9155ab2c1ee6ada60e5aef5ca924d71e72a06cf,7b616e41951d4bd80fdc3ba2351a24a8f45934529addf0d352ab370441f04d92
op_m035_cross_7_12_coarse_m0p0001_0p0002,op_m035,7-12,-0.0001,0.0002,coarse,True,C:\Users\walla\Documents\Github\SGSMA26-Physics-Informed-AD\research\pmu_hybrid_dae_bayes\powerdynamics_ieee39\output\cross_k1_second_order_identity_pilot_v1\physical\op_m035\state\op_m035_cross_7_12_coarse_m0p0001_0p0002.csv,C:\Users\walla\Documents\Github\SGSMA26-Physics-Informed-AD\research\pmu_hybrid_dae_bayes\powerdynamics_ieee39\output\cross_k1_second_order_identity_pilot_v1\physical\op_m035\voltage\op_m035_cross_7_12_coarse_m0p0001_0p0002.csv,7f19ea2c5c265211f0d719df5b927a18b47c93ce92078bf5ca60f4eb12648fa1,5639388db6ec6207f8f474c0272d080d210bb45b3c256d98e22f8214d7228c36
op_m035_cross_7_12_coarse_0p0001_m0p0002,op_m035,7-12,0.0001,-0.0002,coarse,True,C:\Users\walla\Documents\Github\SGSMA26-Physics-Informed-AD\research\pmu_hybrid_dae_bayes\powerdynamics_ieee39\output\cross_k1_second_order_identity_pilot_v1\physical\op_m035\state\op_m035_cross_7_12_coarse_0p0001_m0p0002.csv,C:\Users\walla\Documents\Github\SGSMA26-Physics-Informed-AD\research\pmu_hybrid_dae_bayes\powerdynamics_ieee39\output\cross_k1_second_order_identity_pilot_v1\physical\op_m035\voltage\op_m035_cross_7_12_coarse_0p0001_m0p0002.csv,5e4e8cc27583298a47037cf084a5c325beab6e5c06eb87de0ed83f8225f68928,6f878eb0a6abf4dd2a562f9227954b1165ff43ea74a6293a3ac785a201614d13
op_m035_cross_7_12_coarse_0p0001_0p0002,op_m035,7-12,0.0001,0.0002,coarse,True,C:\Users\walla\Documents\Github\SGSMA26-Physics-Informed-AD\research\pmu_hybrid_dae_bayes\powerdynamics_ieee39\output\cross_k1_second_order_identity_pilot_v1\physical\op_m035\state\op_m035_cross_7_12_coarse_0p0001_0p0002.csv,C:\Users\walla\Documents\Github\SGSMA26-Physics-Informed-AD\research\pmu_hybrid_dae_bayes\powerdynamics_ieee39\output\cross_k1_second_order_identity_pilot_v1\physical\op_m035\voltage\op_m035_cross_7_12_coarse_0p0001_0p0002.csv,f28757a0b5b4ffc508a808f1f5243419b2071312367efd9690980ee28ab28ca6,5ab15021c1e382896cac9798623f12879b535bd9d90b41a453ca5bef0d9743c9
op_m035_cross_7_12_fine_m5em05_m0p0001,op_m035,7-12,-5e-05,-0.0001,fine,True,C:\Users\walla\Documents\Github\SGSMA26-Physics-Informed-AD\research\pmu_hybrid_dae_bayes\powerdynamics_ieee39\output\cross_k1_second_order_identity_pilot_v1\physical\op_m035\state\op_m035_cross_7_12_fine_m5em05_m0p0001.csv,C:\Users\walla\Documents\Github\SGSMA26-Physics-Informed-AD\research\pmu_hybrid_dae_bayes\powerdynamics_ieee39\output\cross_k1_second_order_identity_pilot_v1\physical\op_m035\voltage\op_m035_cross_7_12_fine_m5em05_m0p0001.csv,65892794b085a9fc9d3a02804b4268c17ccc61a94dc9643f07f0e923d39a3336,9f87738bad180392d380fae50e7ec5d99f71137d63ba7bb43b9350e2e864a0fe
op_m035_cross_7_12_fine_m5em05_0p0001,op_m035,7-12,-5e-05,0.0001,fine,True,C:\Users\walla\Documents\Github\SGSMA26-Physics-Informed-AD\research\pmu_hybrid_dae_bayes\powerdynamics_ieee39\output\cross_k1_second_order_identity_pilot_v1\physical\op_m035\state\op_m035_cross_7_12_fine_m5em05_0p0001.csv,C:\Users\walla\Documents\Github\SGSMA26-Physics-Informed-AD\research\pmu_hybrid_dae_bayes\powerdynamics_ieee39\output\cross_k1_second_order_identity_pilot_v1\physical\op_m035\voltage\op_m035_cross_7_12_fine_m5em05_0p0001.csv,3fc59ab9bebb40ea63400b3922e81ce824d91c50a4b50b37df2b1618874da7f0,eaf20926917f183aacc79ab193a3f6700ab94f3c9dce5e7aee6e75db9510550e
op_m035_cross_7_12_fine_5em05_m0p0001,op_m035,7-12,5e-05,-0.0001,fine,True,C:\Users\walla\Documents\Github\SGSMA26-Physics-Informed-AD\research\pmu_hybrid_dae_bayes\powerdynamics_ieee39\output\cross_k1_second_order_identity_pilot_v1\physical\op_m035\state\op_m035_cross_7_12_fine_5em05_m0p0001.csv,C:\Users\walla\Documents\Github\SGSMA26-Physics-Informed-AD\research\pmu_hybrid_dae_bayes\powerdynamics_ieee39\output\cross_k1_second_order_identity_pilot_v1\physical\op_m035\voltage\op_m035_cross_7_12_fine_5em05_m0p0001.csv,06cfd099ab0e30bf39141bfab370905d3b25d45cd4df2a6457438f9319d036d0,f0a18280024cf378e0777d5e71e302e1b71759c6aa80a989c8082d33a2c152ca
op_m035_cross_7_12_fine_5em05_0p0001,op_m035,7-12,5e-05,0.0001,fine,True,C:\Users\walla\Documents\Github\SGSMA26-Physics-Informed-AD\research\pmu_hybrid_dae_bayes\powerdynamics_ieee39\output\cross_k1_second_order_identity_pilot_v1\physical\op_m035\state\op_m035_cross_7_12_fine_5em05_0p0001.csv,C:\Users\walla\Documents\Github\SGSMA26-Physics-Informed-AD\research\pmu_hybrid_dae_bayes\powerdynamics_ieee39\output\cross_k1_second_order_identity_pilot_v1\physical\op_m035\voltage\op_m035_cross_7_12_fine_5em05_0p0001.csv,7d50f62e18a692f1b495339c1f34770f9c20a93eaff0d79b9841c4817ebbb2c8,b62129e71bc57a6fbc0741328fadebf3d25088f26d410e2b9adb5fc9eb799e04
op_m085_cross_7_12_coarse_m0p0001_m0p0002,op_m085,7-12,-0.0001,-0.0002,coarse,True,C:\Users\walla\Documents\Github\SGSMA26-Physics-Informed-AD\research\pmu_hybrid_dae_bayes\powerdynamics_ieee39\output\cross_k1_second_order_identity_pilot_v1\physical\op_m085\state\op_m085_cross_7_12_coarse_m0p0001_m0p0002.csv,C:\Users\walla\Documents\Github\SGSMA26-Physics-Informed-AD\research\pmu_hybrid_dae_bayes\powerdynamics_ieee39\output\cross_k1_second_order_identity_pilot_v1\physical\op_m085\voltage\op_m085_cross_7_12_coarse_m0p0001_m0p0002.csv,ed457a53e9f983dee139de9ae9b5d65e196875b211822285be2b17e970ed9927,eadbe4252a4cdb13ddedf0a15deaf1982173e8fbde3ab79fc785a143401fbb6a
op_m085_cross_7_12_coarse_m0p0001_0p0002,op_m085,7-12,-0.0001,0.0002,coarse,True,C:\Users\walla\Documents\Github\SGSMA26-Physics-Informed-AD\research\pmu_hybrid_dae_bayes\powerdynamics_ieee39\output\cross_k1_second_order_identity_pilot_v1\physical\op_m085\state\op_m085_cross_7_12_coarse_m0p0001_0p0002.csv,C:\Users\walla\Documents\Github\SGSMA26-Physics-Informed-AD\research\pmu_hybrid_dae_bayes\powerdynamics_ieee39\output\cross_k1_second_order_identity_pilot_v1\physical\op_m085\voltage\op_m085_cross_7_12_coarse_m0p0001_0p0002.csv,7fe61d4987a83f83e2088f5a804b3cb09ef30b57109c44ef7b9173bd97a22e4a,19e87daf4b0bc98b0ab204c36c6cfb7b6c5b0e39c177fc3499c8b441c43ef99f
op_m085_cross_7_12_coarse_0p0001_m0p0002,op_m085,7-12,0.0001,-0.0002,coarse,True,C:\Users\walla\Documents\Github\SGSMA26-Physics-Informed-AD\research\pmu_hybrid_dae_bayes\powerdynamics_ieee39\output\cross_k1_second_order_identity_pilot_v1\physical\op_m085\state\op_m085_cross_7_12_coarse_0p0001_m0p0002.csv,C:\Users\walla\Documents\Github\SGSMA26-Physics-Informed-AD\research\pmu_hybrid_dae_bayes\powerdynamics_ieee39\output\cross_k1_second_order_identity_pilot_v1\physical\op_m085\voltage\op_m085_cross_7_12_coarse_0p0001_m0p0002.csv,e3bd2073db342ca9f9c18e0fa70d969c3e377b365f2a2b4cb6d13627fc01c6b4,77dcd2fa8d6887408b1695ae254c28abd319f8dabce9bdf8add8bda7d6dfc1d9
op_m085_cross_7_12_coarse_0p0001_0p0002,op_m085,7-12,0.0001,0.0002,coarse,True,C:\Users\walla\Documents\Github\SGSMA26-Physics-Informed-AD\research\pmu_hybrid_dae_bayes\powerdynamics_ieee39\output\cross_k1_second_order_identity_pilot_v1\physical\op_m085\state\op_m085_cross_7_12_coarse_0p0001_0p0002.csv,C:\Users\walla\Documents\Github\SGSMA26-Physics-Informed-AD\research\pmu_hybrid_dae_bayes\powerdynamics_ieee39\output\cross_k1_second_order_identity_pilot_v1\physical\op_m085\voltage\op_m085_cross_7_12_coarse_0p0001_0p0002.csv,e4473e446a36490c1b72d873f24a7334bcf17f37f15a0c837befb66c399b82b4,39795a7990aa655c638a10dfe76270078d80dcda318a50722d36394b6ff69ef0
op_m085_cross_7_12_fine_m5em05_m0p0001,op_m085,7-12,-5e-05,-0.0001,fine,True,C:\Users\walla\Documents\Github\SGSMA26-Physics-Informed-AD\research\pmu_hybrid_dae_bayes\powerdynamics_ieee39\output\cross_k1_second_order_identity_pilot_v1\physical\op_m085\state\op_m085_cross_7_12_fine_m5em05_m0p0001.csv,C:\Users\walla\Documents\Github\SGSMA26-Physics-Informed-AD\research\pmu_hybrid_dae_bayes\powerdynamics_ieee39\output\cross_k1_second_order_identity_pilot_v1\physical\op_m085\voltage\op_m085_cross_7_12_fine_m5em05_m0p0001.csv,ab0b29c6adc8844231b08d47d7c5d04ca9ab6ee985afbfb223f43423f649801e,c3f4a603d75de1b2ac12443dd7fdd5320f305c65b992a1b68a8819c45d39fb82
op_m085_cross_7_12_fine_m5em05_0p0001,op_m085,7-12,-5e-05,0.0001,fine,True,C:\Users\walla\Documents\Github\SGSMA26-Physics-Informed-AD\research\pmu_hybrid_dae_bayes\powerdynamics_ieee39\output\cross_k1_second_order_identity_pilot_v1\physical\op_m085\state\op_m085_cross_7_12_fine_m5em05_0p0001.csv,C:\Users\walla\Documents\Github\SGSMA26-Physics-Informed-AD\research\pmu_hybrid_dae_bayes\powerdynamics_ieee39\output\cross_k1_second_order_identity_pilot_v1\physical\op_m085\voltage\op_m085_cross_7_12_fine_m5em05_0p0001.csv,2a77b3a0c6805d795110fd53548fd0862963d004a7c1cac8c869f56869d63a9f,0dd995702a81c097eb2e0e02a5aa54ce9c1a64c3af18589feb29f046307056d4
op_m085_cross_7_12_fine_5em05_m0p0001,op_m085,7-12,5e-05,-0.0001,fine,True,C:\Users\walla\Documents\Github\SGSMA26-Physics-Informed-AD\research\pmu_hybrid_dae_bayes\powerdynamics_ieee39\output\cross_k1_second_order_identity_pilot_v1\physical\op_m085\state\op_m085_cross_7_12_fine_5em05_m0p0001.csv,C:\Users\walla\Documents\Github\SGSMA26-Physics-Informed-AD\research\pmu_hybrid_dae_bayes\powerdynamics_ieee39\output\cross_k1_second_order_identity_pilot_v1\physical\op_m085\voltage\op_m085_cross_7_12_fine_5em05_m0p0001.csv,2783d83951a25c57e3e494298443445f2fdbc6913de2c9e014ef91cbca8385ba,2e3cec91ae3797cfa32bbdb3994875d1fce362a1b8fee29d857ebbe378adef06
op_m085_cross_7_12_fine_5em05_0p0001,op_m085,7-12,5e-05,0.0001,fine,True,C:\Users\walla\Documents\Github\SGSMA26-Physics-Informed-AD\research\pmu_hybrid_dae_bayes\powerdynamics_ieee39\output\cross_k1_second_order_identity_pilot_v1\physical\op_m085\state\op_m085_cross_7_12_fine_5em05_0p0001.csv,C:\Users\walla\Documents\Github\SGSMA26-Physics-Informed-AD\research\pmu_hybrid_dae_bayes\powerdynamics_ieee39\output\cross_k1_second_order_identity_pilot_v1\physical\op_m085\voltage\op_m085_cross_7_12_fine_5em05_0p0001.csv,dcc0a12005f5e18b2330ddefccd69b69bd09c3ff875ab4566512da22d8f8eb03,5064ef87ed7e2781110ab6a6890856291ba2e13cf807eed2a6fa3e294388785f
op_m125_cross_7_12_coarse_m0p0001_m0p0002,op_m125,7-12,-0.0001,-0.0002,coarse,True,C:\Users\walla\Documents\Github\SGSMA26-Physics-Informed-AD\research\pmu_hybrid_dae_bayes\powerdynamics_ieee39\output\cross_k1_second_order_identity_pilot_v1\physical\op_m125\state\op_m125_cross_7_12_coarse_m0p0001_m0p0002.csv,C:\Users\walla\Documents\Github\SGSMA26-Physics-Informed-AD\research\pmu_hybrid_dae_bayes\powerdynamics_ieee39\output\cross_k1_second_order_identity_pilot_v1\physical\op_m125\voltage\op_m125_cross_7_12_coarse_m0p0001_m0p0002.csv,0c21dc7ea469698e6bce57c676b42ee2e0e13f481cc0489c898621642426834e,70608ba8860ffa39c8b3d1151dfb02f2f7c88ddfb3c87266622e293dade01f8a
op_m125_cross_7_12_coarse_m0p0001_0p0002,op_m125,7-12,-0.0001,0.0002,coarse,True,C:\Users\walla\Documents\Github\SGSMA26-Physics-Informed-AD\research\pmu_hybrid_dae_bayes\powerdynamics_ieee39\output\cross_k1_second_order_identity_pilot_v1\physical\op_m125\state\op_m125_cross_7_12_coarse_m0p0001_0p0002.csv,C:\Users\walla\Documents\Github\SGSMA26-Physics-Informed-AD\research\pmu_hybrid_dae_bayes\powerdynamics_ieee39\output\cross_k1_second_order_identity_pilot_v1\physical\op_m125\voltage\op_m125_cross_7_12_coarse_m0p0001_0p0002.csv,86e0fcce3e4fc7ee750fdb965f1cc4341acdd3096abfcf698b137dba9fd2ce65,bb83b3a906ff64499602188c7698b3ce4b3484bacaae8daa2996d1225a2ba8c9
op_m125_cross_7_12_coarse_0p0001_m0p0002,op_m125,7-12,0.0001,-0.0002,coarse,True,C:\Users\walla\Documents\Github\SGSMA26-Physics-Informed-AD\research\pmu_hybrid_dae_bayes\powerdynamics_ieee39\output\cross_k1_second_order_identity_pilot_v1\physical\op_m125\state\op_m125_cross_7_12_coarse_0p0001_m0p0002.csv,C:\Users\walla\Documents\Github\SGSMA26-Physics-Informed-AD\research\pmu_hybrid_dae_bayes\powerdynamics_ieee39\output\cross_k1_second_order_identity_pilot_v1\physical\op_m125\voltage\op_m125_cross_7_12_coarse_0p0001_m0p0002.csv,f16a95c4195fec3edc00e86937dd1f897b07dbd0d14c8556a4158d5f2d148444,13754f786bf3e436b802e411600032296ab0d177ef5cc0adf2c923bb46c78c9a
op_m125_cross_7_12_coarse_0p0001_0p0002,op_m125,7-12,0.0001,0.0002,coarse,True,C:\Users\walla\Documents\Github\SGSMA26-Physics-Informed-AD\research\pmu_hybrid_dae_bayes\powerdynamics_ieee39\output\cross_k1_second_order_identity_pilot_v1\physical\op_m125\state\op_m125_cross_7_12_coarse_0p0001_0p0002.csv,C:\Users\walla\Documents\Github\SGSMA26-Physics-Informed-AD\research\pmu_hybrid_dae_bayes\powerdynamics_ieee39\output\cross_k1_second_order_identity_pilot_v1\physical\op_m125\voltage\op_m125_cross_7_12_coarse_0p0001_0p0002.csv,072ad48b899370f40c782e9d11961a56c7161cfb49848d036819dbac436d2e13,ffeb3fe2195dc340d8dc4a7cc7e71087918e47d42e1f7def84106a8b4c917e71
op_m125_cross_7_12_fine_m5em05_m0p0001,op_m125,7-12,-5e-05,-0.0001,fine,True,C:\Users\walla\Documents\Github\SGSMA26-Physics-Informed-AD\research\pmu_hybrid_dae_bayes\powerdynamics_ieee39\output\cross_k1_second_order_identity_pilot_v1\physical\op_m125\state\op_m125_cross_7_12_fine_m5em05_m0p0001.csv,C:\Users\walla\Documents\Github\SGSMA26-Physics-Informed-AD\research\pmu_hybrid_dae_bayes\powerdynamics_ieee39\output\cross_k1_second_order_identity_pilot_v1\physical\op_m125\voltage\op_m125_cross_7_12_fine_m5em05_m0p0001.csv,9e17f7b917e6c584088008a97f4dadcc13baec4ef5df9060a6ef472d7c84bec6,e81b108b5b3d331b66f26c85e3ad4b5b7861fa2bedb2c919d272cdc34105925b
op_m125_cross_7_12_fine_m5em05_0p0001,op_m125,7-12,-5e-05,0.0001,fine,True,C:\Users\walla\Documents\Github\SGSMA26-Physics-Informed-AD\research\pmu_hybrid_dae_bayes\powerdynamics_ieee39\output\cross_k1_second_order_identity_pilot_v1\physical\op_m125\state\op_m125_cross_7_12_fine_m5em05_0p0001.csv,C:\Users\walla\Documents\Github\SGSMA26-Physics-Informed-AD\research\pmu_hybrid_dae_bayes\powerdynamics_ieee39\output\cross_k1_second_order_identity_pilot_v1\physical\op_m125\voltage\op_m125_cross_7_12_fine_m5em05_0p0001.csv,7ed7bab0c864c6f90928ee13367945a23644e45e0e6dbbd559972257868e0732,5059505944bbca91a586ad63f6e6f6d5adb97f0b66e70fe76146aaff03250c1a
op_m125_cross_7_12_fine_5em05_m0p0001,op_m125,7-12,5e-05,-0.0001,fine,True,C:\Users\walla\Documents\Github\SGSMA26-Physics-Informed-AD\research\pmu_hybrid_dae_bayes\powerdynamics_ieee39\output\cross_k1_second_order_identity_pilot_v1\physical\op_m125\state\op_m125_cross_7_12_fine_5em05_m0p0001.csv,C:\Users\walla\Documents\Github\SGSMA26-Physics-Informed-AD\research\pmu_hybrid_dae_bayes\powerdynamics_ieee39\output\cross_k1_second_order_identity_pilot_v1\physical\op_m125\voltage\op_m125_cross_7_12_fine_5em05_m0p0001.csv,a9ff85d01746272a57ea6864654bd225aab56553de5bf69c1558b8917b89cca5,ecf997135cd0b240fceca622ed6f496748fd54d8930313564daf7b128bacf1a8
op_m125_cross_7_12_fine_5em05_0p0001,op_m125,7-12,5e-05,0.0001,fine,True,C:\Users\walla\Documents\Github\SGSMA26-Physics-Informed-AD\research\pmu_hybrid_dae_bayes\powerdynamics_ieee39\output\cross_k1_second_order_identity_pilot_v1\physical\op_m125\state\op_m125_cross_7_12_fine_5em05_0p0001.csv,C:\Users\walla\Documents\Github\SGSMA26-Physics-Informed-AD\research\pmu_hybrid_dae_bayes\powerdynamics_ieee39\output\cross_k1_second_order_identity_pilot_v1\physical\op_m125\voltage\op_m125_cross_7_12_fine_5em05_0p0001.csv,0d297dc82bdf11a6cab7ccff57199b67d1c865294b0d5f404150a135c6f9a27f,27a7c41606941df51f5b583cad3866e871d44ab731c7955d3e4fb007e5ad3257
