scenario_id,scenario_seed,split,target_key,replicate,event_type,physical_target_requested,integrity_target_requested,severity,operating_scale,event_start_s,event_duration_s,simulation_end_s
e0_normal_r00,202608,train,e0:NONE:NONE,0,0,,,0.06,0.97,2.0,0.7,5.0
e0_normal_r01,202609,validation,e0:NONE:NONE,1,0,,,0.09,1.0,2.0,0.7,5.0
e0_normal_r02,202610,train,e0:NONE:NONE,2,0,,,0.12,1.03,2.0,0.7,5.0
e0_normal_r03,202611,test,e0:NONE:NONE,3,0,,,0.15,0.985,2.0,0.7,5.0
e0_normal_r04,202612,train,e0:NONE:NONE,4,0,,,0.06,1.015,2.0,0.7,5.0
e1_BUS1_r00,302611,train,e1:BUS1:NONE,0,1,1,,0.06,0.97,2.0,0.2,5.0
e1_BUS1_r01,302612,train,e1:BUS1:NONE,1,1,1,,0.09,1.0,2.0,0.2,5.0
e1_BUS1_r02,302613,train,e1:BUS1:NONE,2,1,1,,0.12,1.03,2.0,0.2,5.0
e1_BUS1_r03,302614,test,e1:BUS1:NONE,3,1,1,,0.15,0.985,2.0,0.2,5.0
e1_BUS1_r04,302615,validation,e1:BUS1:NONE,4,1,1,,0.06,1.015,2.0,0.2,5.0
e1_BUS2_r00,302712,train,e1:BUS2:NONE,0,1,2,,0.09,0.985,2.0,0.2,5.0
e1_BUS2_r01,302713,validation,e1:BUS2:NONE,1,1,2,,0.12,1.015,2.0,0.2,5.0
e1_BUS2_r02,302714,test,e1:BUS2:NONE,2,1,2,,0.15,0.97,2.0,0.2,5.0
e1_BUS2_r03,302715,train,e1:BUS2:NONE,3,1,2,,0.06,1.0,2.0,0.2,5.0
e1_BUS2_r04,302716,train,e1:BUS2:NONE,4,1,2,,0.09,1.03,2.0,0.2,5.0
e1_BUS3_r00,302813,validation,e1:BUS3:NONE,0,1,3,,0.12,1.0,2.0,0.2,5.0
e1_BUS3_r01,302814,test,e1:BUS3:NONE,1,1,3,,0.15,1.03,2.0,0.2,5.0
e1_BUS3_r02,302815,train,e1:BUS3:NONE,2,1,3,,0.06,0.985,2.0,0.2,5.0
e1_BUS3_r03,302816,train,e1:BUS3:NONE,3,1,3,,0.09,1.015,2.0,0.2,5.0
e1_BUS3_r04,302817,train,e1:BUS3:NONE,4,1,3,,0.12,0.97,2.0,0.2,5.0
e1_BUS4_r00,302914,validation,e1:BUS4:NONE,0,1,4,,0.15,1.015,2.0,0.2,5.0
e1_BUS4_r01,302915,train,e1:BUS4:NONE,1,1,4,,0.06,0.97,2.0,0.2,5.0
e1_BUS4_r02,302916,test,e1:BUS4:NONE,2,1,4,,0.09,1.0,2.0,0.2,5.0
e1_BUS4_r03,302917,train,e1:BUS4:NONE,3,1,4,,0.12,1.03,2.0,0.2,5.0
e1_BUS4_r04,302918,train,e1:BUS4:NONE,4,1,4,,0.15,0.985,2.0,0.2,5.0
e1_BUS5_r00,303015,validation,e1:BUS5:NONE,0,1,5,,0.06,1.03,2.0,0.2,5.0
e1_BUS5_r01,303016,train,e1:BUS5:NONE,1,1,5,,0.09,0.985,2.0,0.2,5.0
e1_BUS5_r02,303017,test,e1:BUS5:NONE,2,1,5,,0.12,1.015,2.0,0.2,5.0
e1_BUS5_r03,303018,train,e1:BUS5:NONE,3,1,5,,0.15,0.97,2.0,0.2,5.0
e1_BUS5_r04,303019,train,e1:BUS5:NONE,4,1,5,,0.06,1.0,2.0,0.2,5.0
e1_BUS6_r00,303116,train,e1:BUS6:NONE,0,1,6,,0.09,0.97,2.0,0.2,5.0
e1_BUS6_r01,303117,train,e1:BUS6:NONE,1,1,6,,0.12,1.0,2.0,0.2,5.0
e1_BUS6_r02,303118,train,e1:BUS6:NONE,2,1,6,,0.15,1.03,2.0,0.2,5.0
e1_BUS6_r03,303119,validation,e1:BUS6:NONE,3,1,6,,0.06,0.985,2.0,0.2,5.0
e1_BUS6_r04,303120,test,e1:BUS6:NONE,4,1,6,,0.09,1.015,2.0,0.2,5.0
e1_BUS7_r00,303217,train,e1:BUS7:NONE,0,1,7,,0.12,0.985,2.0,0.2,5.0
e1_BUS7_r01,303218,train,e1:BUS7:NONE,1,1,7,,0.15,1.015,2.0,0.2,5.0
e1_BUS7_r02,303219,test,e1:BUS7:NONE,2,1,7,,0.06,0.97,2.0,0.2,5.0
e1_BUS7_r03,303220,validation,e1:BUS7:NONE,3,1,7,,0.09,1.0,2.0,0.2,5.0
e1_BUS7_r04,303221,train,e1:BUS7:NONE,4,1,7,,0.12,1.03,2.0,0.2,5.0
e1_BUS8_r00,303318,validation,e1:BUS8:NONE,0,1,8,,0.15,1.0,2.0,0.2,5.0
e1_BUS8_r01,303319,train,e1:BUS8:NONE,1,1,8,,0.06,1.03,2.0,0.2,5.0
e1_BUS8_r02,303320,test,e1:BUS8:NONE,2,1,8,,0.09,0.985,2.0,0.2,5.0
e1_BUS8_r03,303321,train,e1:BUS8:NONE,3,1,8,,0.12,1.015,2.0,0.2,5.0
e1_BUS8_r04,303322,train,e1:BUS8:NONE,4,1,8,,0.15,0.97,2.0,0.2,5.0
e1_BUS9_r00,303419,test,e1:BUS9:NONE,0,1,9,,0.06,1.015,2.0,0.2,5.0
e1_BUS9_r01,303420,validation,e1:BUS9:NONE,1,1,9,,0.09,0.97,2.0,0.2,5.0
e1_BUS9_r02,303421,train,e1:BUS9:NONE,2,1,9,,0.12,1.0,2.0,0.2,5.0
e1_BUS9_r03,303422,train,e1:BUS9:NONE,3,1,9,,0.15,1.03,2.0,0.2,5.0
e1_BUS9_r04,303423,train,e1:BUS9:NONE,4,1,9,,0.06,0.985,2.0,0.2,5.0
e1_BUS10_r00,303520,train,e1:BUS10:NONE,0,1,10,,0.09,1.03,2.0,0.2,5.0
e1_BUS10_r01,303521,train,e1:BUS10:NONE,1,1,10,,0.12,0.985,2.0,0.2,5.0
e1_BUS10_r02,303522,test,e1:BUS10:NONE,2,1,10,,0.15,1.015,2.0,0.2,5.0
e1_BUS10_r03,303523,train,e1:BUS10:NONE,3,1,10,,0.06,0.97,2.0,0.2,5.0
e1_BUS10_r04,303524,validation,e1:BUS10:NONE,4,1,10,,0.09,1.0,2.0,0.2,5.0
e1_BUS11_r00,303621,test,e1:BUS11:NONE,0,1,11,,0.12,0.97,2.0,0.2,5.0
e1_BUS11_r01,303622,train,e1:BUS11:NONE,1,1,11,,0.15,1.0,2.0,0.2,5.0
e1_BUS11_r02,303623,train,e1:BUS11:NONE,2,1,11,,0.06,1.03,2.0,0.2,5.0
e1_BUS11_r03,303624,train,e1:BUS11:NONE,3,1,11,,0.09,0.985,2.0,0.2,5.0
e1_BUS11_r04,303625,validation,e1:BUS11:NONE,4,1,11,,0.12,1.015,2.0,0.2,5.0
e1_BUS12_r00,303722,train,e1:BUS12:NONE,0,1,12,,0.15,0.985,2.0,0.2,5.0
e1_BUS12_r01,303723,train,e1:BUS12:NONE,1,1,12,,0.06,1.015,2.0,0.2,5.0
e1_BUS12_r02,303724,validation,e1:BUS12:NONE,2,1,12,,0.09,0.97,2.0,0.2,5.0
e1_BUS12_r03,303725,test,e1:BUS12:NONE,3,1,12,,0.12,1.0,2.0,0.2,5.0
e1_BUS12_r04,303726,train,e1:BUS12:NONE,4,1,12,,0.15,1.03,2.0,0.2,5.0
e1_BUS13_r00,303823,train,e1:BUS13:NONE,0,1,13,,0.06,1.0,2.0,0.2,5.0
e1_BUS13_r01,303824,validation,e1:BUS13:NONE,1,1,13,,0.09,1.03,2.0,0.2,5.0
e1_BUS13_r02,303825,test,e1:BUS13:NONE,2,1,13,,0.12,0.985,2.0,0.2,5.0
e1_BUS13_r03,303826,train,e1:BUS13:NONE,3,1,13,,0.15,1.015,2.0,0.2,5.0
e1_BUS13_r04,303827,train,e1:BUS13:NONE,4,1,13,,0.06,0.97,2.0,0.2,5.0
e1_BUS14_r00,303924,train,e1:BUS14:NONE,0,1,14,,0.09,1.015,2.0,0.2,5.0
e1_BUS14_r01,303925,validation,e1:BUS14:NONE,1,1,14,,0.12,0.97,2.0,0.2,5.0
e1_BUS14_r02,303926,train,e1:BUS14:NONE,2,1,14,,0.15,1.0,2.0,0.2,5.0
e1_BUS14_r03,303927,test,e1:BUS14:NONE,3,1,14,,0.06,1.03,2.0,0.2,5.0
e1_BUS14_r04,303928,train,e1:BUS14:NONE,4,1,14,,0.09,0.985,2.0,0.2,5.0
e1_BUS15_r00,304025,train,e1:BUS15:NONE,0,1,15,,0.12,1.03,2.0,0.2,5.0
e1_BUS15_r01,304026,validation,e1:BUS15:NONE,1,1,15,,0.15,0.985,2.0,0.2,5.0
e1_BUS15_r02,304027,train,e1:BUS15:NONE,2,1,15,,0.06,1.015,2.0,0.2,5.0
e1_BUS15_r03,304028,test,e1:BUS15:NONE,3,1,15,,0.09,0.97,2.0,0.2,5.0
e1_BUS15_r04,304029,train,e1:BUS15:NONE,4,1,15,,0.12,1.0,2.0,0.2,5.0
e1_BUS16_r00,304126,train,e1:BUS16:NONE,0,1,16,,0.15,0.97,2.0,0.2,5.0
e1_BUS16_r01,304127,test,e1:BUS16:NONE,1,1,16,,0.06,1.0,2.0,0.2,5.0
e1_BUS16_r02,304128,train,e1:BUS16:NONE,2,1,16,,0.09,1.03,2.0,0.2,5.0
e1_BUS16_r03,304129,validation,e1:BUS16:NONE,3,1,16,,0.12,0.985,2.0,0.2,5.0
e1_BUS16_r04,304130,train,e1:BUS16:NONE,4,1,16,,0.15,1.015,2.0,0.2,5.0
e1_BUS17_r00,304227,train,e1:BUS17:NONE,0,1,17,,0.06,0.985,2.0,0.2,5.0
e1_BUS17_r01,304228,train,e1:BUS17:NONE,1,1,17,,0.09,1.015,2.0,0.2,5.0
e1_BUS17_r02,304229,train,e1:BUS17:NONE,2,1,17,,0.12,0.97,2.0,0.2,5.0
e1_BUS17_r03,304230,validation,e1:BUS17:NONE,3,1,17,,0.15,1.0,2.0,0.2,5.0
e1_BUS17_r04,304231,test,e1:BUS17:NONE,4,1,17,,0.06,1.03,2.0,0.2,5.0
e1_BUS18_r00,304328,train,e1:BUS18:NONE,0,1,18,,0.09,1.0,2.0,0.2,5.0
e1_BUS18_r01,304329,train,e1:BUS18:NONE,1,1,18,,0.12,1.03,2.0,0.2,5.0
e1_BUS18_r02,304330,validation,e1:BUS18:NONE,2,1,18,,0.15,0.985,2.0,0.2,5.0
e1_BUS18_r03,304331,test,e1:BUS18:NONE,3,1,18,,0.06,1.015,2.0,0.2,5.0
e1_BUS18_r04,304332,train,e1:BUS18:NONE,4,1,18,,0.09,0.97,2.0,0.2,5.0
e1_BUS19_r00,304429,train,e1:BUS19:NONE,0,1,19,,0.12,1.015,2.0,0.2,5.0
e1_BUS19_r01,304430,train,e1:BUS19:NONE,1,1,19,,0.15,0.97,2.0,0.2,5.0
e1_BUS19_r02,304431,test,e1:BUS19:NONE,2,1,19,,0.06,1.0,2.0,0.2,5.0
e1_BUS19_r03,304432,train,e1:BUS19:NONE,3,1,19,,0.09,1.03,2.0,0.2,5.0
e1_BUS19_r04,304433,validation,e1:BUS19:NONE,4,1,19,,0.12,0.985,2.0,0.2,5.0
e1_BUS20_r00,304530,train,e1:BUS20:NONE,0,1,20,,0.15,1.03,2.0,0.2,5.0
e1_BUS20_r01,304531,train,e1:BUS20:NONE,1,1,20,,0.06,0.985,2.0,0.2,5.0
e1_BUS20_r02,304532,train,e1:BUS20:NONE,2,1,20,,0.09,1.015,2.0,0.2,5.0
e1_BUS20_r03,304533,validation,e1:BUS20:NONE,3,1,20,,0.12,0.97,2.0,0.2,5.0
e1_BUS20_r04,304534,test,e1:BUS20:NONE,4,1,20,,0.15,1.0,2.0,0.2,5.0
e1_BUS21_r00,304631,train,e1:BUS21:NONE,0,1,21,,0.06,0.97,2.0,0.2,5.0
e1_BUS21_r01,304632,train,e1:BUS21:NONE,1,1,21,,0.09,1.0,2.0,0.2,5.0
e1_BUS21_r02,304633,test,e1:BUS21:NONE,2,1,21,,0.12,1.03,2.0,0.2,5.0
e1_BUS21_r03,304634,validation,e1:BUS21:NONE,3,1,21,,0.15,0.985,2.0,0.2,5.0
e1_BUS21_r04,304635,train,e1:BUS21:NONE,4,1,21,,0.06,1.015,2.0,0.2,5.0
e1_BUS22_r00,304732,train,e1:BUS22:NONE,0,1,22,,0.09,0.985,2.0,0.2,5.0
e1_BUS22_r01,304733,test,e1:BUS22:NONE,1,1,22,,0.12,1.015,2.0,0.2,5.0
e1_BUS22_r02,304734,validation,e1:BUS22:NONE,2,1,22,,0.15,0.97,2.0,0.2,5.0
e1_BUS22_r03,304735,train,e1:BUS22:NONE,3,1,22,,0.06,1.0,2.0,0.2,5.0
e1_BUS22_r04,304736,train,e1:BUS22:NONE,4,1,22,,0.09,1.03,2.0,0.2,5.0
e1_BUS23_r00,304833,train,e1:BUS23:NONE,0,1,23,,0.12,1.0,2.0,0.2,5.0
e1_BUS23_r01,304834,test,e1:BUS23:NONE,1,1,23,,0.15,1.03,2.0,0.2,5.0
e1_BUS23_r02,304835,train,e1:BUS23:NONE,2,1,23,,0.06,0.985,2.0,0.2,5.0
e1_BUS23_r03,304836,train,e1:BUS23:NONE,3,1,23,,0.09,1.015,2.0,0.2,5.0
e1_BUS23_r04,304837,validation,e1:BUS23:NONE,4,1,23,,0.12,0.97,2.0,0.2,5.0
e1_BUS24_r00,304934,test,e1:BUS24:NONE,0,1,24,,0.15,1.015,2.0,0.2,5.0
e1_BUS24_r01,304935,validation,e1:BUS24:NONE,1,1,24,,0.06,0.97,2.0,0.2,5.0
e1_BUS24_r02,304936,train,e1:BUS24:NONE,2,1,24,,0.09,1.0,2.0,0.2,5.0
e1_BUS24_r03,304937,train,e1:BUS24:NONE,3,1,24,,0.12,1.03,2.0,0.2,5.0
e1_BUS24_r04,304938,train,e1:BUS24:NONE,4,1,24,,0.15,0.985,2.0,0.2,5.0
e1_BUS25_r00,305035,train,e1:BUS25:NONE,0,1,25,,0.06,1.03,2.0,0.2,5.0
e1_BUS25_r01,305036,test,e1:BUS25:NONE,1,1,25,,0.09,0.985,2.0,0.2,5.0
e1_BUS25_r02,305037,train,e1:BUS25:NONE,2,1,25,,0.12,1.015,2.0,0.2,5.0
e1_BUS25_r03,305038,validation,e1:BUS25:NONE,3,1,25,,0.15,0.97,2.0,0.2,5.0
e1_BUS25_r04,305039,train,e1:BUS25:NONE,4,1,25,,0.06,1.0,2.0,0.2,5.0
e1_BUS26_r00,305136,validation,e1:BUS26:NONE,0,1,26,,0.09,0.97,2.0,0.2,5.0
e1_BUS26_r01,305137,test,e1:BUS26:NONE,1,1,26,,0.12,1.0,2.0,0.2,5.0
e1_BUS26_r02,305138,train,e1:BUS26:NONE,2,1,26,,0.15,1.03,2.0,0.2,5.0
e1_BUS26_r03,305139,train,e1:BUS26:NONE,3,1,26,,0.06,0.985,2.0,0.2,5.0
e1_BUS26_r04,305140,train,e1:BUS26:NONE,4,1,26,,0.09,1.015,2.0,0.2,5.0
e1_BUS27_r00,305237,test,e1:BUS27:NONE,0,1,27,,0.12,0.985,2.0,0.2,5.0
e1_BUS27_r01,305238,train,e1:BUS27:NONE,1,1,27,,0.15,1.015,2.0,0.2,5.0
e1_BUS27_r02,305239,validation,e1:BUS27:NONE,2,1,27,,0.06,0.97,2.0,0.2,5.0
e1_BUS27_r03,305240,train,e1:BUS27:NONE,3,1,27,,0.09,1.0,2.0,0.2,5.0
e1_BUS27_r04,305241,train,e1:BUS27:NONE,4,1,27,,0.12,1.03,2.0,0.2,5.0
e1_BUS28_r00,305338,train,e1:BUS28:NONE,0,1,28,,0.15,1.0,2.0,0.2,5.0
e1_BUS28_r01,305339,validation,e1:BUS28:NONE,1,1,28,,0.06,1.03,2.0,0.2,5.0
e1_BUS28_r02,305340,train,e1:BUS28:NONE,2,1,28,,0.09,0.985,2.0,0.2,5.0
e1_BUS28_r03,305341,train,e1:BUS28:NONE,3,1,28,,0.12,1.015,2.0,0.2,5.0
e1_BUS28_r04,305342,test,e1:BUS28:NONE,4,1,28,,0.15,0.97,2.0,0.2,5.0
e1_BUS29_r00,305439,train,e1:BUS29:NONE,0,1,29,,0.06,1.015,2.0,0.2,5.0
e1_BUS29_r01,305440,train,e1:BUS29:NONE,1,1,29,,0.09,0.97,2.0,0.2,5.0
e1_BUS29_r02,305441,validation,e1:BUS29:NONE,2,1,29,,0.12,1.0,2.0,0.2,5.0
e1_BUS29_r03,305442,test,e1:BUS29:NONE,3,1,29,,0.15,1.03,2.0,0.2,5.0
e1_BUS29_r04,305443,train,e1:BUS29:NONE,4,1,29,,0.06,0.985,2.0,0.2,5.0
e1_BUS30_r00,305540,train,e1:BUS30:NONE,0,1,30,,0.09,1.03,2.0,0.2,5.0
e1_BUS30_r01,305541,train,e1:BUS30:NONE,1,1,30,,0.12,0.985,2.0,0.2,5.0
e1_BUS30_r02,305542,train,e1:BUS30:NONE,2,1,30,,0.15,1.015,2.0,0.2,5.0
e1_BUS30_r03,305543,test,e1:BUS30:NONE,3,1,30,,0.06,0.97,2.0,0.2,5.0
e1_BUS30_r04,305544,validation,e1:BUS30:NONE,4,1,30,,0.09,1.0,2.0,0.2,5.0
e1_BUS31_r00,305641,test,e1:BUS31:NONE,0,1,31,,0.12,0.97,2.0,0.2,5.0
e1_BUS31_r01,305642,train,e1:BUS31:NONE,1,1,31,,0.15,1.0,2.0,0.2,5.0
e1_BUS31_r02,305643,validation,e1:BUS31:NONE,2,1,31,,0.06,1.03,2.0,0.2,5.0
e1_BUS31_r03,305644,train,e1:BUS31:NONE,3,1,31,,0.09,0.985,2.0,0.2,5.0
e1_BUS31_r04,305645,train,e1:BUS31:NONE,4,1,31,,0.12,1.015,2.0,0.2,5.0
e1_BUS32_r00,305742,train,e1:BUS32:NONE,0,1,32,,0.15,0.985,2.0,0.2,5.0
e1_BUS32_r01,305743,test,e1:BUS32:NONE,1,1,32,,0.06,1.015,2.0,0.2,5.0
e1_BUS32_r02,305744,train,e1:BUS32:NONE,2,1,32,,0.09,0.97,2.0,0.2,5.0
e1_BUS32_r03,305745,validation,e1:BUS32:NONE,3,1,32,,0.12,1.0,2.0,0.2,5.0
e1_BUS32_r04,305746,train,e1:BUS32:NONE,4,1,32,,0.15,1.03,2.0,0.2,5.0
e1_BUS33_r00,305843,train,e1:BUS33:NONE,0,1,33,,0.06,1.0,2.0,0.2,5.0
e1_BUS33_r01,305844,train,e1:BUS33:NONE,1,1,33,,0.09,1.03,2.0,0.2,5.0
e1_BUS33_r02,305845,validation,e1:BUS33:NONE,2,1,33,,0.12,0.985,2.0,0.2,5.0
e1_BUS33_r03,305846,train,e1:BUS33:NONE,3,1,33,,0.15,1.015,2.0,0.2,5.0
e1_BUS33_r04,305847,test,e1:BUS33:NONE,4,1,33,,0.06,0.97,2.0,0.2,5.0
e1_BUS34_r00,305944,test,e1:BUS34:NONE,0,1,34,,0.09,1.015,2.0,0.2,5.0
e1_BUS34_r01,305945,train,e1:BUS34:NONE,1,1,34,,0.12,0.97,2.0,0.2,5.0
e1_BUS34_r02,305946,validation,e1:BUS34:NONE,2,1,34,,0.15,1.0,2.0,0.2,5.0
e1_BUS34_r03,305947,train,e1:BUS34:NONE,3,1,34,,0.06,1.03,2.0,0.2,5.0
e1_BUS34_r04,305948,train,e1:BUS34:NONE,4,1,34,,0.09,0.985,2.0,0.2,5.0
e1_BUS35_r00,306045,validation,e1:BUS35:NONE,0,1,35,,0.12,1.03,2.0,0.2,5.0
e1_BUS35_r01,306046,train,e1:BUS35:NONE,1,1,35,,0.15,0.985,2.0,0.2,5.0
e1_BUS35_r02,306047,test,e1:BUS35:NONE,2,1,35,,0.06,1.015,2.0,0.2,5.0
e1_BUS35_r03,306048,train,e1:BUS35:NONE,3,1,35,,0.09,0.97,2.0,0.2,5.0
e1_BUS35_r04,306049,train,e1:BUS35:NONE,4,1,35,,0.12,1.0,2.0,0.2,5.0
e1_BUS36_r00,306146,train,e1:BUS36:NONE,0,1,36,,0.15,0.97,2.0,0.2,5.0
e1_BUS36_r01,306147,train,e1:BUS36:NONE,1,1,36,,0.06,1.0,2.0,0.2,5.0
e1_BUS36_r02,306148,validation,e1:BUS36:NONE,2,1,36,,0.09,1.03,2.0,0.2,5.0
e1_BUS36_r03,306149,train,e1:BUS36:NONE,3,1,36,,0.12,0.985,2.0,0.2,5.0
e1_BUS36_r04,306150,test,e1:BUS36:NONE,4,1,36,,0.15,1.015,2.0,0.2,5.0
e1_BUS37_r00,306247,test,e1:BUS37:NONE,0,1,37,,0.06,0.985,2.0,0.2,5.0
e1_BUS37_r01,306248,validation,e1:BUS37:NONE,1,1,37,,0.09,1.015,2.0,0.2,5.0
e1_BUS37_r02,306249,train,e1:BUS37:NONE,2,1,37,,0.12,0.97,2.0,0.2,5.0
e1_BUS37_r03,306250,train,e1:BUS37:NONE,3,1,37,,0.15,1.0,2.0,0.2,5.0
e1_BUS37_r04,306251,train,e1:BUS37:NONE,4,1,37,,0.06,1.03,2.0,0.2,5.0
e1_BUS38_r00,306348,validation,e1:BUS38:NONE,0,1,38,,0.09,1.0,2.0,0.2,5.0
e1_BUS38_r01,306349,test,e1:BUS38:NONE,1,1,38,,0.12,1.03,2.0,0.2,5.0
e1_BUS38_r02,306350,train,e1:BUS38:NONE,2,1,38,,0.15,0.985,2.0,0.2,5.0
e1_BUS38_r03,306351,train,e1:BUS38:NONE,3,1,38,,0.06,1.015,2.0,0.2,5.0
e1_BUS38_r04,306352,train,e1:BUS38:NONE,4,1,38,,0.09,0.97,2.0,0.2,5.0
e1_BUS39_r00,306449,test,e1:BUS39:NONE,0,1,39,,0.12,1.015,2.0,0.2,5.0
e1_BUS39_r01,306450,train,e1:BUS39:NONE,1,1,39,,0.15,0.97,2.0,0.2,5.0
e1_BUS39_r02,306451,validation,e1:BUS39:NONE,2,1,39,,0.06,1.0,2.0,0.2,5.0
e1_BUS39_r03,306452,train,e1:BUS39:NONE,3,1,39,,0.09,1.03,2.0,0.2,5.0
e1_BUS39_r04,306453,train,e1:BUS39:NONE,4,1,39,,0.12,0.985,2.0,0.2,5.0
e2_LINE1_2_r00,402614,validation,e2:LINE1-2:NONE,0,2,1-2,,0.06,0.97,2.0,0.7,5.0
e2_LINE1_2_r01,402615,test,e2:LINE1-2:NONE,1,2,1-2,,0.09,1.0,2.0,0.7,5.0
e2_LINE1_2_r02,402616,train,e2:LINE1-2:NONE,2,2,1-2,,0.12,1.03,2.0,0.7,5.0
e2_LINE1_2_r03,402617,train,e2:LINE1-2:NONE,3,2,1-2,,0.15,0.985,2.0,0.7,5.0
e2_LINE1_2_r04,402618,train,e2:LINE1-2:NONE,4,2,1-2,,0.06,1.015,2.0,0.7,5.0
e2_LINE1_39_r00,402715,train,e2:LINE1-39:NONE,0,2,1-39,,0.09,0.985,2.0,0.7,5.0
e2_LINE1_39_r01,402716,train,e2:LINE1-39:NONE,1,2,1-39,,0.12,1.015,2.0,0.7,5.0
e2_LINE1_39_r02,402717,train,e2:LINE1-39:NONE,2,2,1-39,,0.15,0.97,2.0,0.7,5.0
e2_LINE1_39_r03,402718,validation,e2:LINE1-39:NONE,3,2,1-39,,0.06,1.0,2.0,0.7,5.0
e2_LINE1_39_r04,402719,test,e2:LINE1-39:NONE,4,2,1-39,,0.09,1.03,2.0,0.7,5.0
e2_LINE2_3_r00,402816,train,e2:LINE2-3:NONE,0,2,2-3,,0.12,1.0,2.0,0.7,5.0
e2_LINE2_3_r01,402817,validation,e2:LINE2-3:NONE,1,2,2-3,,0.15,1.03,2.0,0.7,5.0
e2_LINE2_3_r02,402818,train,e2:LINE2-3:NONE,2,2,2-3,,0.06,0.985,2.0,0.7,5.0
e2_LINE2_3_r03,402819,test,e2:LINE2-3:NONE,3,2,2-3,,0.09,1.015,2.0,0.7,5.0
e2_LINE2_3_r04,402820,train,e2:LINE2-3:NONE,4,2,2-3,,0.12,0.97,2.0,0.7,5.0
e2_LINE2_25_r00,402917,train,e2:LINE2-25:NONE,0,2,2-25,,0.15,1.015,2.0,0.7,5.0
e2_LINE2_25_r01,402918,validation,e2:LINE2-25:NONE,1,2,2-25,,0.06,0.97,2.0,0.7,5.0
e2_LINE2_25_r02,402919,test,e2:LINE2-25:NONE,2,2,2-25,,0.09,1.0,2.0,0.7,5.0
e2_LINE2_25_r03,402920,train,e2:LINE2-25:NONE,3,2,2-25,,0.12,1.03,2.0,0.7,5.0
e2_LINE2_25_r04,402921,train,e2:LINE2-25:NONE,4,2,2-25,,0.15,0.985,2.0,0.7,5.0
e2_LINE3_4_r00,403018,train,e2:LINE3-4:NONE,0,2,3-4,,0.06,1.03,2.0,0.7,5.0
e2_LINE3_4_r01,403019,train,e2:LINE3-4:NONE,1,2,3-4,,0.09,0.985,2.0,0.7,5.0
e2_LINE3_4_r02,403020,train,e2:LINE3-4:NONE,2,2,3-4,,0.12,1.015,2.0,0.7,5.0
e2_LINE3_4_r03,403021,validation,e2:LINE3-4:NONE,3,2,3-4,,0.15,0.97,2.0,0.7,5.0
e2_LINE3_4_r04,403022,test,e2:LINE3-4:NONE,4,2,3-4,,0.06,1.0,2.0,0.7,5.0
e2_LINE3_18_r00,403119,train,e2:LINE3-18:NONE,0,2,3-18,,0.09,0.97,2.0,0.7,5.0
e2_LINE3_18_r01,403120,train,e2:LINE3-18:NONE,1,2,3-18,,0.12,1.0,2.0,0.7,5.0
e2_LINE3_18_r02,403121,validation,e2:LINE3-18:NONE,2,2,3-18,,0.15,1.03,2.0,0.7,5.0
e2_LINE3_18_r03,403122,test,e2:LINE3-18:NONE,3,2,3-18,,0.06,0.985,2.0,0.7,5.0
e2_LINE3_18_r04,403123,train,e2:LINE3-18:NONE,4,2,3-18,,0.09,1.015,2.0,0.7,5.0
e2_LINE4_5_r00,403220,validation,e2:LINE4-5:NONE,0,2,4-5,,0.12,0.985,2.0,0.7,5.0
e2_LINE4_5_r01,403221,train,e2:LINE4-5:NONE,1,2,4-5,,0.15,1.015,2.0,0.7,5.0
e2_LINE4_5_r02,403222,train,e2:LINE4-5:NONE,2,2,4-5,,0.06,0.97,2.0,0.7,5.0
e2_LINE4_5_r03,403223,test,e2:LINE4-5:NONE,3,2,4-5,,0.09,1.0,2.0,0.7,5.0
e2_LINE4_5_r04,403224,train,e2:LINE4-5:NONE,4,2,4-5,,0.12,1.03,2.0,0.7,5.0
e2_LINE4_14_r00,403321,validation,e2:LINE4-14:NONE,0,2,4-14,,0.15,1.0,2.0,0.7,5.0
e2_LINE4_14_r01,403322,train,e2:LINE4-14:NONE,1,2,4-14,,0.06,1.03,2.0,0.7,5.0
e2_LINE4_14_r02,403323,train,e2:LINE4-14:NONE,2,2,4-14,,0.09,0.985,2.0,0.7,5.0
e2_LINE4_14_r03,403324,test,e2:LINE4-14:NONE,3,2,4-14,,0.12,1.015,2.0,0.7,5.0
e2_LINE4_14_r04,403325,train,e2:LINE4-14:NONE,4,2,4-14,,0.15,0.97,2.0,0.7,5.0
e2_LINE5_6_r00,403422,test,e2:LINE5-6:NONE,0,2,5-6,,0.06,1.015,2.0,0.7,5.0
e2_LINE5_6_r01,403423,train,e2:LINE5-6:NONE,1,2,5-6,,0.09,0.97,2.0,0.7,5.0
e2_LINE5_6_r02,403424,validation,e2:LINE5-6:NONE,2,2,5-6,,0.12,1.0,2.0,0.7,5.0
e2_LINE5_6_r03,403425,train,e2:LINE5-6:NONE,3,2,5-6,,0.15,1.03,2.0,0.7,5.0
e2_LINE5_6_r04,403426,train,e2:LINE5-6:NONE,4,2,5-6,,0.06,0.985,2.0,0.7,5.0
e2_LINE5_8_r00,403523,validation,e2:LINE5-8:NONE,0,2,5-8,,0.09,1.03,2.0,0.7,5.0
e2_LINE5_8_r01,403524,test,e2:LINE5-8:NONE,1,2,5-8,,0.12,0.985,2.0,0.7,5.0
e2_LINE5_8_r02,403525,train,e2:LINE5-8:NONE,2,2,5-8,,0.15,1.015,2.0,0.7,5.0
e2_LINE5_8_r03,403526,train,e2:LINE5-8:NONE,3,2,5-8,,0.06,0.97,2.0,0.7,5.0
e2_LINE5_8_r04,403527,train,e2:LINE5-8:NONE,4,2,5-8,,0.09,1.0,2.0,0.7,5.0
e2_LINE6_7_r00,403624,train,e2:LINE6-7:NONE,0,2,6-7,,0.12,0.97,2.0,0.7,5.0
e2_LINE6_7_r01,403625,test,e2:LINE6-7:NONE,1,2,6-7,,0.15,1.0,2.0,0.7,5.0
e2_LINE6_7_r02,403626,train,e2:LINE6-7:NONE,2,2,6-7,,0.06,1.03,2.0,0.7,5.0
e2_LINE6_7_r03,403627,validation,e2:LINE6-7:NONE,3,2,6-7,,0.09,0.985,2.0,0.7,5.0
e2_LINE6_7_r04,403628,train,e2:LINE6-7:NONE,4,2,6-7,,0.12,1.015,2.0,0.7,5.0
e2_LINE6_11_r00,403725,train,e2:LINE6-11:NONE,0,2,6-11,,0.15,0.985,2.0,0.7,5.0
e2_LINE6_11_r01,403726,test,e2:LINE6-11:NONE,1,2,6-11,,0.06,1.015,2.0,0.7,5.0
e2_LINE6_11_r02,403727,train,e2:LINE6-11:NONE,2,2,6-11,,0.09,0.97,2.0,0.7,5.0
e2_LINE6_11_r03,403728,validation,e2:LINE6-11:NONE,3,2,6-11,,0.12,1.0,2.0,0.7,5.0
e2_LINE6_11_r04,403729,train,e2:LINE6-11:NONE,4,2,6-11,,0.15,1.03,2.0,0.7,5.0
e2_LINE7_8_r00,403826,train,e2:LINE7-8:NONE,0,2,7-8,,0.06,1.0,2.0,0.7,5.0
e2_LINE7_8_r01,403827,train,e2:LINE7-8:NONE,1,2,7-8,,0.09,1.03,2.0,0.7,5.0
e2_LINE7_8_r02,403828,validation,e2:LINE7-8:NONE,2,2,7-8,,0.12,0.985,2.0,0.7,5.0
e2_LINE7_8_r03,403829,test,e2:LINE7-8:NONE,3,2,7-8,,0.15,1.015,2.0,0.7,5.0
e2_LINE7_8_r04,403830,train,e2:LINE7-8:NONE,4,2,7-8,,0.06,0.97,2.0,0.7,5.0
e2_LINE8_9_r00,403927,train,e2:LINE8-9:NONE,0,2,8-9,,0.09,1.015,2.0,0.7,5.0
e2_LINE8_9_r01,403928,train,e2:LINE8-9:NONE,1,2,8-9,,0.12,0.97,2.0,0.7,5.0
e2_LINE8_9_r02,403929,validation,e2:LINE8-9:NONE,2,2,8-9,,0.15,1.0,2.0,0.7,5.0
e2_LINE8_9_r03,403930,train,e2:LINE8-9:NONE,3,2,8-9,,0.06,1.03,2.0,0.7,5.0
e2_LINE8_9_r04,403931,test,e2:LINE8-9:NONE,4,2,8-9,,0.09,0.985,2.0,0.7,5.0
e2_LINE9_39_r00,404028,train,e2:LINE9-39:NONE,0,2,9-39,,0.12,1.03,2.0,0.7,5.0
e2_LINE9_39_r01,404029,test,e2:LINE9-39:NONE,1,2,9-39,,0.15,0.985,2.0,0.7,5.0
e2_LINE9_39_r02,404030,train,e2:LINE9-39:NONE,2,2,9-39,,0.06,1.015,2.0,0.7,5.0
e2_LINE9_39_r03,404031,validation,e2:LINE9-39:NONE,3,2,9-39,,0.09,0.97,2.0,0.7,5.0
e2_LINE9_39_r04,404032,train,e2:LINE9-39:NONE,4,2,9-39,,0.12,1.0,2.0,0.7,5.0
e2_LINE10_11_r00,404129,test,e2:LINE10-11:NONE,0,2,10-11,,0.15,0.97,2.0,0.7,5.0
e2_LINE10_11_r01,404130,train,e2:LINE10-11:NONE,1,2,10-11,,0.06,1.0,2.0,0.7,5.0
e2_LINE10_11_r02,404131,train,e2:LINE10-11:NONE,2,2,10-11,,0.09,1.03,2.0,0.7,5.0
e2_LINE10_11_r03,404132,train,e2:LINE10-11:NONE,3,2,10-11,,0.12,0.985,2.0,0.7,5.0
e2_LINE10_11_r04,404133,validation,e2:LINE10-11:NONE,4,2,10-11,,0.15,1.015,2.0,0.7,5.0
e2_LINE10_13_r00,404230,train,e2:LINE10-13:NONE,0,2,10-13,,0.06,0.985,2.0,0.7,5.0
e2_LINE10_13_r01,404231,train,e2:LINE10-13:NONE,1,2,10-13,,0.09,1.015,2.0,0.7,5.0
e2_LINE10_13_r02,404232,validation,e2:LINE10-13:NONE,2,2,10-13,,0.12,0.97,2.0,0.7,5.0
e2_LINE10_13_r03,404233,test,e2:LINE10-13:NONE,3,2,10-13,,0.15,1.0,2.0,0.7,5.0
e2_LINE10_13_r04,404234,train,e2:LINE10-13:NONE,4,2,10-13,,0.06,1.03,2.0,0.7,5.0
e2_LINE13_14_r00,404331,train,e2:LINE13-14:NONE,0,2,13-14,,0.09,1.0,2.0,0.7,5.0
e2_LINE13_14_r01,404332,train,e2:LINE13-14:NONE,1,2,13-14,,0.12,1.03,2.0,0.7,5.0
e2_LINE13_14_r02,404333,validation,e2:LINE13-14:NONE,2,2,13-14,,0.15,0.985,2.0,0.7,5.0
e2_LINE13_14_r03,404334,train,e2:LINE13-14:NONE,3,2,13-14,,0.06,1.015,2.0,0.7,5.0
e2_LINE13_14_r04,404335,test,e2:LINE13-14:NONE,4,2,13-14,,0.09,0.97,2.0,0.7,5.0
e2_LINE14_15_r00,404432,validation,e2:LINE14-15:NONE,0,2,14-15,,0.12,1.015,2.0,0.7,5.0
e2_LINE14_15_r01,404433,train,e2:LINE14-15:NONE,1,2,14-15,,0.15,0.97,2.0,0.7,5.0
e2_LINE14_15_r02,404434,train,e2:LINE14-15:NONE,2,2,14-15,,0.06,1.0,2.0,0.7,5.0
e2_LINE14_15_r03,404435,test,e2:LINE14-15:NONE,3,2,14-15,,0.09,1.03,2.0,0.7,5.0
e2_LINE14_15_r04,404436,train,e2:LINE14-15:NONE,4,2,14-15,,0.12,0.985,2.0,0.7,5.0
e2_LINE15_16_r00,404533,validation,e2:LINE15-16:NONE,0,2,15-16,,0.15,1.03,2.0,0.7,5.0
e2_LINE15_16_r01,404534,train,e2:LINE15-16:NONE,1,2,15-16,,0.06,0.985,2.0,0.7,5.0
e2_LINE15_16_r02,404535,test,e2:LINE15-16:NONE,2,2,15-16,,0.09,1.015,2.0,0.7,5.0
e2_LINE15_16_r03,404536,train,e2:LINE15-16:NONE,3,2,15-16,,0.12,0.97,2.0,0.7,5.0
e2_LINE15_16_r04,404537,train,e2:LINE15-16:NONE,4,2,15-16,,0.15,1.0,2.0,0.7,5.0
e2_LINE16_17_r00,404634,validation,e2:LINE16-17:NONE,0,2,16-17,,0.06,0.97,2.0,0.7,5.0
e2_LINE16_17_r01,404635,train,e2:LINE16-17:NONE,1,2,16-17,,0.09,1.0,2.0,0.7,5.0
e2_LINE16_17_r02,404636,train,e2:LINE16-17:NONE,2,2,16-17,,0.12,1.03,2.0,0.7,5.0
e2_LINE16_17_r03,404637,test,e2:LINE16-17:NONE,3,2,16-17,,0.15,0.985,2.0,0.7,5.0
e2_LINE16_17_r04,404638,train,e2:LINE16-17:NONE,4,2,16-17,,0.06,1.015,2.0,0.7,5.0
e2_LINE16_19_r00,404735,train,e2:LINE16-19:NONE,0,2,16-19,,0.09,0.985,2.0,0.7,5.0
e2_LINE16_19_r01,404736,train,e2:LINE16-19:NONE,1,2,16-19,,0.12,1.015,2.0,0.7,5.0
e2_LINE16_19_r02,404737,train,e2:LINE16-19:NONE,2,2,16-19,,0.15,0.97,2.0,0.7,5.0
e2_LINE16_19_r03,404738,test,e2:LINE16-19:NONE,3,2,16-19,,0.06,1.0,2.0,0.7,5.0
e2_LINE16_19_r04,404739,validation,e2:LINE16-19:NONE,4,2,16-19,,0.09,1.03,2.0,0.7,5.0
e2_LINE16_21_r00,404836,validation,e2:LINE16-21:NONE,0,2,16-21,,0.12,1.0,2.0,0.7,5.0
e2_LINE16_21_r01,404837,test,e2:LINE16-21:NONE,1,2,16-21,,0.15,1.03,2.0,0.7,5.0
e2_LINE16_21_r02,404838,train,e2:LINE16-21:NONE,2,2,16-21,,0.06,0.985,2.0,0.7,5.0
e2_LINE16_21_r03,404839,train,e2:LINE16-21:NONE,3,2,16-21,,0.09,1.015,2.0,0.7,5.0
e2_LINE16_21_r04,404840,train,e2:LINE16-21:NONE,4,2,16-21,,0.12,0.97,2.0,0.7,5.0
e2_LINE16_24_r00,404937,train,e2:LINE16-24:NONE,0,2,16-24,,0.15,1.015,2.0,0.7,5.0
e2_LINE16_24_r01,404938,train,e2:LINE16-24:NONE,1,2,16-24,,0.06,0.97,2.0,0.7,5.0
e2_LINE16_24_r02,404939,train,e2:LINE16-24:NONE,2,2,16-24,,0.09,1.0,2.0,0.7,5.0
e2_LINE16_24_r03,404940,validation,e2:LINE16-24:NONE,3,2,16-24,,0.12,1.03,2.0,0.7,5.0
e2_LINE16_24_r04,404941,test,e2:LINE16-24:NONE,4,2,16-24,,0.15,0.985,2.0,0.7,5.0
e2_LINE17_18_r00,405038,train,e2:LINE17-18:NONE,0,2,17-18,,0.06,1.03,2.0,0.7,5.0
e2_LINE17_18_r01,405039,train,e2:LINE17-18:NONE,1,2,17-18,,0.09,0.985,2.0,0.7,5.0
e2_LINE17_18_r02,405040,validation,e2:LINE17-18:NONE,2,2,17-18,,0.12,1.015,2.0,0.7,5.0
e2_LINE17_18_r03,405041,train,e2:LINE17-18:NONE,3,2,17-18,,0.15,0.97,2.0,0.7,5.0
e2_LINE17_18_r04,405042,test,e2:LINE17-18:NONE,4,2,17-18,,0.06,1.0,2.0,0.7,5.0
e2_LINE17_27_r00,405139,train,e2:LINE17-27:NONE,0,2,17-27,,0.09,0.97,2.0,0.7,5.0
e2_LINE17_27_r01,405140,train,e2:LINE17-27:NONE,1,2,17-27,,0.12,1.0,2.0,0.7,5.0
e2_LINE17_27_r02,405141,test,e2:LINE17-27:NONE,2,2,17-27,,0.15,1.03,2.0,0.7,5.0
e2_LINE17_27_r03,405142,validation,e2:LINE17-27:NONE,3,2,17-27,,0.06,0.985,2.0,0.7,5.0
e2_LINE17_27_r04,405143,train,e2:LINE17-27:NONE,4,2,17-27,,0.09,1.015,2.0,0.7,5.0
e2_LINE21_22_r00,405240,test,e2:LINE21-22:NONE,0,2,21-22,,0.12,0.985,2.0,0.7,5.0
e2_LINE21_22_r01,405241,train,e2:LINE21-22:NONE,1,2,21-22,,0.15,1.015,2.0,0.7,5.0
e2_LINE21_22_r02,405242,train,e2:LINE21-22:NONE,2,2,21-22,,0.06,0.97,2.0,0.7,5.0
e2_LINE21_22_r03,405243,train,e2:LINE21-22:NONE,3,2,21-22,,0.09,1.0,2.0,0.7,5.0
e2_LINE21_22_r04,405244,validation,e2:LINE21-22:NONE,4,2,21-22,,0.12,1.03,2.0,0.7,5.0
e2_LINE22_23_r00,405341,train,e2:LINE22-23:NONE,0,2,22-23,,0.15,1.0,2.0,0.7,5.0
e2_LINE22_23_r01,405342,train,e2:LINE22-23:NONE,1,2,22-23,,0.06,1.03,2.0,0.7,5.0
e2_LINE22_23_r02,405343,validation,e2:LINE22-23:NONE,2,2,22-23,,0.09,0.985,2.0,0.7,5.0
e2_LINE22_23_r03,405344,train,e2:LINE22-23:NONE,3,2,22-23,,0.12,1.015,2.0,0.7,5.0
e2_LINE22_23_r04,405345,test,e2:LINE22-23:NONE,4,2,22-23,,0.15,0.97,2.0,0.7,5.0
e2_LINE23_24_r00,405442,train,e2:LINE23-24:NONE,0,2,23-24,,0.06,1.015,2.0,0.7,5.0
e2_LINE23_24_r01,405443,test,e2:LINE23-24:NONE,1,2,23-24,,0.09,0.97,2.0,0.7,5.0
e2_LINE23_24_r02,405444,train,e2:LINE23-24:NONE,2,2,23-24,,0.12,1.0,2.0,0.7,5.0
e2_LINE23_24_r03,405445,validation,e2:LINE23-24:NONE,3,2,23-24,,0.15,1.03,2.0,0.7,5.0
e2_LINE23_24_r04,405446,train,e2:LINE23-24:NONE,4,2,23-24,,0.06,0.985,2.0,0.7,5.0
e2_LINE25_26_r00,405543,validation,e2:LINE25-26:NONE,0,2,25-26,,0.09,1.03,2.0,0.7,5.0
e2_LINE25_26_r01,405544,train,e2:LINE25-26:NONE,1,2,25-26,,0.12,0.985,2.0,0.7,5.0
e2_LINE25_26_r02,405545,train,e2:LINE25-26:NONE,2,2,25-26,,0.15,1.015,2.0,0.7,5.0
e2_LINE25_26_r03,405546,test,e2:LINE25-26:NONE,3,2,25-26,,0.06,0.97,2.0,0.7,5.0
e2_LINE25_26_r04,405547,train,e2:LINE25-26:NONE,4,2,25-26,,0.09,1.0,2.0,0.7,5.0
e2_LINE26_27_r00,405644,validation,e2:LINE26-27:NONE,0,2,26-27,,0.12,0.97,2.0,0.7,5.0
e2_LINE26_27_r01,405645,train,e2:LINE26-27:NONE,1,2,26-27,,0.15,1.0,2.0,0.7,5.0
e2_LINE26_27_r02,405646,train,e2:LINE26-27:NONE,2,2,26-27,,0.06,1.03,2.0,0.7,5.0
e2_LINE26_27_r03,405647,test,e2:LINE26-27:NONE,3,2,26-27,,0.09,0.985,2.0,0.7,5.0
e2_LINE26_27_r04,405648,train,e2:LINE26-27:NONE,4,2,26-27,,0.12,1.015,2.0,0.7,5.0
e2_LINE26_28_r00,405745,train,e2:LINE26-28:NONE,0,2,26-28,,0.15,0.985,2.0,0.7,5.0
e2_LINE26_28_r01,405746,validation,e2:LINE26-28:NONE,1,2,26-28,,0.06,1.015,2.0,0.7,5.0
e2_LINE26_28_r02,405747,test,e2:LINE26-28:NONE,2,2,26-28,,0.09,0.97,2.0,0.7,5.0
e2_LINE26_28_r03,405748,train,e2:LINE26-28:NONE,3,2,26-28,,0.12,1.0,2.0,0.7,5.0
e2_LINE26_28_r04,405749,train,e2:LINE26-28:NONE,4,2,26-28,,0.15,1.03,2.0,0.7,5.0
e2_LINE26_29_r00,405846,validation,e2:LINE26-29:NONE,0,2,26-29,,0.06,1.0,2.0,0.7,5.0
e2_LINE26_29_r01,405847,train,e2:LINE26-29:NONE,1,2,26-29,,0.09,1.03,2.0,0.7,5.0
e2_LINE26_29_r02,405848,train,e2:LINE26-29:NONE,2,2,26-29,,0.12,0.985,2.0,0.7,5.0
e2_LINE26_29_r03,405849,train,e2:LINE26-29:NONE,3,2,26-29,,0.15,1.015,2.0,0.7,5.0
e2_LINE26_29_r04,405850,test,e2:LINE26-29:NONE,4,2,26-29,,0.06,0.97,2.0,0.7,5.0
e2_LINE28_29_r00,405947,train,e2:LINE28-29:NONE,0,2,28-29,,0.09,1.015,2.0,0.7,5.0
e2_LINE28_29_r01,405948,test,e2:LINE28-29:NONE,1,2,28-29,,0.12,0.97,2.0,0.7,5.0
e2_LINE28_29_r02,405949,train,e2:LINE28-29:NONE,2,2,28-29,,0.15,1.0,2.0,0.7,5.0
e2_LINE28_29_r03,405950,train,e2:LINE28-29:NONE,3,2,28-29,,0.06,1.03,2.0,0.7,5.0
e2_LINE28_29_r04,405951,validation,e2:LINE28-29:NONE,4,2,28-29,,0.09,0.985,2.0,0.7,5.0
e3_BUS2_r00,502617,train,e3:BUS2:NONE,0,3,30,,0.06,0.97,2.0,0.7,5.0
e3_BUS2_r01,502618,test,e3:BUS2:NONE,1,3,30,,0.09,1.0,2.0,0.7,5.0
e3_BUS2_r02,502619,validation,e3:BUS2:NONE,2,3,30,,0.12,1.03,2.0,0.7,5.0
e3_BUS2_r03,502620,train,e3:BUS2:NONE,3,3,30,,0.15,0.985,2.0,0.7,5.0
e3_BUS2_r04,502621,train,e3:BUS2:NONE,4,3,30,,0.06,1.015,2.0,0.7,5.0
e3_BUS6_r00,502718,test,e3:BUS6:NONE,0,3,31,,0.09,0.985,2.0,0.7,5.0
e3_BUS6_r01,502719,validation,e3:BUS6:NONE,1,3,31,,0.12,1.015,2.0,0.7,5.0
e3_BUS6_r02,502720,train,e3:BUS6:NONE,2,3,31,,0.15,0.97,2.0,0.7,5.0
e3_BUS6_r03,502721,train,e3:BUS6:NONE,3,3,31,,0.06,1.0,2.0,0.7,5.0
e3_BUS6_r04,502722,train,e3:BUS6:NONE,4,3,31,,0.09,1.03,2.0,0.7,5.0
e3_BUS10_r00,502819,train,e3:BUS10:NONE,0,3,32,,0.12,1.0,2.0,0.7,5.0
e3_BUS10_r01,502820,test,e3:BUS10:NONE,1,3,32,,0.15,1.03,2.0,0.7,5.0
e3_BUS10_r02,502821,train,e3:BUS10:NONE,2,3,32,,0.06,0.985,2.0,0.7,5.0
e3_BUS10_r03,502822,validation,e3:BUS10:NONE,3,3,32,,0.09,1.015,2.0,0.7,5.0
e3_BUS10_r04,502823,train,e3:BUS10:NONE,4,3,32,,0.12,0.97,2.0,0.7,5.0
e3_BUS19_r00,502920,train,e3:BUS19:NONE,0,3,33,,0.15,1.015,2.0,0.7,5.0
e3_BUS19_r01,502921,train,e3:BUS19:NONE,1,3,33,,0.06,0.97,2.0,0.7,5.0
e3_BUS19_r02,502922,test,e3:BUS19:NONE,2,3,33,,0.09,1.0,2.0,0.7,5.0
e3_BUS19_r03,502923,train,e3:BUS19:NONE,3,3,33,,0.12,1.03,2.0,0.7,5.0
e3_BUS19_r04,502924,validation,e3:BUS19:NONE,4,3,33,,0.15,0.985,2.0,0.7,5.0
e3_BUS20_r00,503021,train,e3:BUS20:NONE,0,3,34,,0.06,1.03,2.0,0.7,5.0
e3_BUS20_r01,503022,train,e3:BUS20:NONE,1,3,34,,0.09,0.985,2.0,0.7,5.0
e3_BUS20_r02,503023,validation,e3:BUS20:NONE,2,3,34,,0.12,1.015,2.0,0.7,5.0
e3_BUS20_r03,503024,test,e3:BUS20:NONE,3,3,34,,0.15,0.97,2.0,0.7,5.0
e3_BUS20_r04,503025,train,e3:BUS20:NONE,4,3,34,,0.06,1.0,2.0,0.7,5.0
e3_BUS22_r00,503122,train,e3:BUS22:NONE,0,3,35,,0.09,0.97,2.0,0.7,5.0
e3_BUS22_r01,503123,train,e3:BUS22:NONE,1,3,35,,0.12,1.0,2.0,0.7,5.0
e3_BUS22_r02,503124,validation,e3:BUS22:NONE,2,3,35,,0.15,1.03,2.0,0.7,5.0
e3_BUS22_r03,503125,train,e3:BUS22:NONE,3,3,35,,0.06,0.985,2.0,0.7,5.0
e3_BUS22_r04,503126,test,e3:BUS22:NONE,4,3,35,,0.09,1.015,2.0,0.7,5.0
e3_BUS23_r00,503223,train,e3:BUS23:NONE,0,3,36,,0.12,0.985,2.0,0.7,5.0
e3_BUS23_r01,503224,validation,e3:BUS23:NONE,1,3,36,,0.15,1.015,2.0,0.7,5.0
e3_BUS23_r02,503225,test,e3:BUS23:NONE,2,3,36,,0.06,0.97,2.0,0.7,5.0
e3_BUS23_r03,503226,train,e3:BUS23:NONE,3,3,36,,0.09,1.0,2.0,0.7,5.0
e3_BUS23_r04,503227,train,e3:BUS23:NONE,4,3,36,,0.12,1.03,2.0,0.7,5.0
e3_BUS25_r00,503324,train,e3:BUS25:NONE,0,3,37,,0.15,1.0,2.0,0.7,5.0
e3_BUS25_r01,503325,train,e3:BUS25:NONE,1,3,37,,0.06,1.03,2.0,0.7,5.0
e3_BUS25_r02,503326,validation,e3:BUS25:NONE,2,3,37,,0.09,0.985,2.0,0.7,5.0
e3_BUS25_r03,503327,train,e3:BUS25:NONE,3,3,37,,0.12,1.015,2.0,0.7,5.0
e3_BUS25_r04,503328,test,e3:BUS25:NONE,4,3,37,,0.15,0.97,2.0,0.7,5.0
e3_BUS29_r00,503425,train,e3:BUS29:NONE,0,3,38,,0.06,1.015,2.0,0.7,5.0
e3_BUS29_r01,503426,train,e3:BUS29:NONE,1,3,38,,0.09,0.97,2.0,0.7,5.0
e3_BUS29_r02,503427,test,e3:BUS29:NONE,2,3,38,,0.12,1.0,2.0,0.7,5.0
e3_BUS29_r03,503428,validation,e3:BUS29:NONE,3,3,38,,0.15,1.03,2.0,0.7,5.0
e3_BUS29_r04,503429,train,e3:BUS29:NONE,4,3,38,,0.06,0.985,2.0,0.7,5.0
e3_BUS39_r00,503526,validation,e3:BUS39:NONE,0,3,39,,0.09,1.03,2.0,0.7,5.0
e3_BUS39_r01,503527,test,e3:BUS39:NONE,1,3,39,,0.12,0.985,2.0,0.7,5.0
e3_BUS39_r02,503528,train,e3:BUS39:NONE,2,3,39,,0.15,1.015,2.0,0.7,5.0
e3_BUS39_r03,503529,train,e3:BUS39:NONE,3,3,39,,0.06,0.97,2.0,0.7,5.0
e3_BUS39_r04,503530,train,e3:BUS39:NONE,4,3,39,,0.09,1.0,2.0,0.7,5.0
e4_BUS3_r00,602620,train,e4:BUS3:NONE,0,4,3,,0.06,0.97,2.0,0.7,5.0
e4_BUS3_r01,602621,train,e4:BUS3:NONE,1,4,3,,0.09,1.0,2.0,0.7,5.0
e4_BUS3_r02,602622,train,e4:BUS3:NONE,2,4,3,,0.12,1.03,2.0,0.7,5.0
e4_BUS3_r03,602623,test,e4:BUS3:NONE,3,4,3,,0.15,0.985,2.0,0.7,5.0
e4_BUS3_r04,602624,validation,e4:BUS3:NONE,4,4,3,,0.06,1.015,2.0,0.7,5.0
e4_BUS4_r00,602721,validation,e4:BUS4:NONE,0,4,4,,0.09,0.985,2.0,0.7,5.0
e4_BUS4_r01,602722,train,e4:BUS4:NONE,1,4,4,,0.12,1.015,2.0,0.7,5.0
e4_BUS4_r02,602723,train,e4:BUS4:NONE,2,4,4,,0.15,0.97,2.0,0.7,5.0
e4_BUS4_r03,602724,test,e4:BUS4:NONE,3,4,4,,0.06,1.0,2.0,0.7,5.0
e4_BUS4_r04,602725,train,e4:BUS4:NONE,4,4,4,,0.09,1.03,2.0,0.7,5.0
e4_BUS7_r00,602822,train,e4:BUS7:NONE,0,4,7,,0.12,1.0,2.0,0.7,5.0
e4_BUS7_r01,602823,train,e4:BUS7:NONE,1,4,7,,0.15,1.03,2.0,0.7,5.0
e4_BUS7_r02,602824,validation,e4:BUS7:NONE,2,4,7,,0.06,0.985,2.0,0.7,5.0
e4_BUS7_r03,602825,train,e4:BUS7:NONE,3,4,7,,0.09,1.015,2.0,0.7,5.0
e4_BUS7_r04,602826,test,e4:BUS7:NONE,4,4,7,,0.12,0.97,2.0,0.7,5.0
e4_BUS8_r00,602923,validation,e4:BUS8:NONE,0,4,8,,0.15,1.015,2.0,0.7,5.0
e4_BUS8_r01,602924,test,e4:BUS8:NONE,1,4,8,,0.06,0.97,2.0,0.7,5.0
e4_BUS8_r02,602925,train,e4:BUS8:NONE,2,4,8,,0.09,1.0,2.0,0.7,5.0
e4_BUS8_r03,602926,train,e4:BUS8:NONE,3,4,8,,0.12,1.03,2.0,0.7,5.0
e4_BUS8_r04,602927,train,e4:BUS8:NONE,4,4,8,,0.15,0.985,2.0,0.7,5.0
e4_BUS12_r00,603024,train,e4:BUS12:NONE,0,4,12,,0.06,1.03,2.0,0.7,5.0
e4_BUS12_r01,603025,validation,e4:BUS12:NONE,1,4,12,,0.09,0.985,2.0,0.7,5.0
e4_BUS12_r02,603026,train,e4:BUS12:NONE,2,4,12,,0.12,1.015,2.0,0.7,5.0
e4_BUS12_r03,603027,test,e4:BUS12:NONE,3,4,12,,0.15,0.97,2.0,0.7,5.0
e4_BUS12_r04,603028,train,e4:BUS12:NONE,4,4,12,,0.06,1.0,2.0,0.7,5.0
e4_BUS15_r00,603125,validation,e4:BUS15:NONE,0,4,15,,0.09,0.97,2.0,0.7,5.0
e4_BUS15_r01,603126,train,e4:BUS15:NONE,1,4,15,,0.12,1.0,2.0,0.7,5.0
e4_BUS15_r02,603127,test,e4:BUS15:NONE,2,4,15,,0.15,1.03,2.0,0.7,5.0
e4_BUS15_r03,603128,train,e4:BUS15:NONE,3,4,15,,0.06,0.985,2.0,0.7,5.0
e4_BUS15_r04,603129,train,e4:BUS15:NONE,4,4,15,,0.09,1.015,2.0,0.7,5.0
e4_BUS16_r00,603226,train,e4:BUS16:NONE,0,4,16,,0.12,0.985,2.0,0.7,5.0
e4_BUS16_r01,603227,test,e4:BUS16:NONE,1,4,16,,0.15,1.015,2.0,0.7,5.0
e4_BUS16_r02,603228,train,e4:BUS16:NONE,2,4,16,,0.06,0.97,2.0,0.7,5.0
e4_BUS16_r03,603229,validation,e4:BUS16:NONE,3,4,16,,0.09,1.0,2.0,0.7,5.0
e4_BUS16_r04,603230,train,e4:BUS16:NONE,4,4,16,,0.12,1.03,2.0,0.7,5.0
e4_BUS18_r00,603327,train,e4:BUS18:NONE,0,4,18,,0.15,1.0,2.0,0.7,5.0
e4_BUS18_r01,603328,train,e4:BUS18:NONE,1,4,18,,0.06,1.03,2.0,0.7,5.0
e4_BUS18_r02,603329,validation,e4:BUS18:NONE,2,4,18,,0.09,0.985,2.0,0.7,5.0
e4_BUS18_r03,603330,train,e4:BUS18:NONE,3,4,18,,0.12,1.015,2.0,0.7,5.0
e4_BUS18_r04,603331,test,e4:BUS18:NONE,4,4,18,,0.15,0.97,2.0,0.7,5.0
e4_BUS20_r00,603428,train,e4:BUS20:NONE,0,4,20,,0.06,1.015,2.0,0.7,5.0
e4_BUS20_r01,603429,train,e4:BUS20:NONE,1,4,20,,0.09,0.97,2.0,0.7,5.0
e4_BUS20_r02,603430,train,e4:BUS20:NONE,2,4,20,,0.12,1.0,2.0,0.7,5.0
e4_BUS20_r03,603431,test,e4:BUS20:NONE,3,4,20,,0.15,1.03,2.0,0.7,5.0
e4_BUS20_r04,603432,validation,e4:BUS20:NONE,4,4,20,,0.06,0.985,2.0,0.7,5.0
e4_BUS21_r00,603529,validation,e4:BUS21:NONE,0,4,21,,0.09,1.03,2.0,0.7,5.0
e4_BUS21_r01,603530,train,e4:BUS21:NONE,1,4,21,,0.12,0.985,2.0,0.7,5.0
e4_BUS21_r02,603531,train,e4:BUS21:NONE,2,4,21,,0.15,1.015,2.0,0.7,5.0
e4_BUS21_r03,603532,train,e4:BUS21:NONE,3,4,21,,0.06,0.97,2.0,0.7,5.0
e4_BUS21_r04,603533,test,e4:BUS21:NONE,4,4,21,,0.09,1.0,2.0,0.7,5.0
e4_BUS23_r00,603630,validation,e4:BUS23:NONE,0,4,23,,0.12,0.97,2.0,0.7,5.0
e4_BUS23_r01,603631,train,e4:BUS23:NONE,1,4,23,,0.15,1.0,2.0,0.7,5.0
e4_BUS23_r02,603632,train,e4:BUS23:NONE,2,4,23,,0.06,1.03,2.0,0.7,5.0
e4_BUS23_r03,603633,test,e4:BUS23:NONE,3,4,23,,0.09,0.985,2.0,0.7,5.0
e4_BUS23_r04,603634,train,e4:BUS23:NONE,4,4,23,,0.12,1.015,2.0,0.7,5.0
e4_BUS24_r00,603731,train,e4:BUS24:NONE,0,4,24,,0.15,0.985,2.0,0.7,5.0
e4_BUS24_r01,603732,train,e4:BUS24:NONE,1,4,24,,0.06,1.015,2.0,0.7,5.0
e4_BUS24_r02,603733,train,e4:BUS24:NONE,2,4,24,,0.09,0.97,2.0,0.7,5.0
e4_BUS24_r03,603734,validation,e4:BUS24:NONE,3,4,24,,0.12,1.0,2.0,0.7,5.0
e4_BUS24_r04,603735,test,e4:BUS24:NONE,4,4,24,,0.15,1.03,2.0,0.7,5.0
e4_BUS25_r00,603832,test,e4:BUS25:NONE,0,4,25,,0.06,1.0,2.0,0.7,5.0
e4_BUS25_r01,603833,train,e4:BUS25:NONE,1,4,25,,0.09,1.03,2.0,0.7,5.0
e4_BUS25_r02,603834,train,e4:BUS25:NONE,2,4,25,,0.12,0.985,2.0,0.7,5.0
e4_BUS25_r03,603835,validation,e4:BUS25:NONE,3,4,25,,0.15,1.015,2.0,0.7,5.0
e4_BUS25_r04,603836,train,e4:BUS25:NONE,4,4,25,,0.06,0.97,2.0,0.7,5.0
e4_BUS26_r00,603933,test,e4:BUS26:NONE,0,4,26,,0.09,1.015,2.0,0.7,5.0
e4_BUS26_r01,603934,train,e4:BUS26:NONE,1,4,26,,0.12,0.97,2.0,0.7,5.0
e4_BUS26_r02,603935,train,e4:BUS26:NONE,2,4,26,,0.15,1.0,2.0,0.7,5.0
e4_BUS26_r03,603936,validation,e4:BUS26:NONE,3,4,26,,0.06,1.03,2.0,0.7,5.0
e4_BUS26_r04,603937,train,e4:BUS26:NONE,4,4,26,,0.09,0.985,2.0,0.7,5.0
e4_BUS27_r00,604034,train,e4:BUS27:NONE,0,4,27,,0.12,1.03,2.0,0.7,5.0
e4_BUS27_r01,604035,validation,e4:BUS27:NONE,1,4,27,,0.15,0.985,2.0,0.7,5.0
e4_BUS27_r02,604036,train,e4:BUS27:NONE,2,4,27,,0.06,1.015,2.0,0.7,5.0
e4_BUS27_r03,604037,test,e4:BUS27:NONE,3,4,27,,0.09,0.97,2.0,0.7,5.0
e4_BUS27_r04,604038,train,e4:BUS27:NONE,4,4,27,,0.12,1.0,2.0,0.7,5.0
e4_BUS28_r00,604135,train,e4:BUS28:NONE,0,4,28,,0.15,0.97,2.0,0.7,5.0
e4_BUS28_r01,604136,test,e4:BUS28:NONE,1,4,28,,0.06,1.0,2.0,0.7,5.0
e4_BUS28_r02,604137,train,e4:BUS28:NONE,2,4,28,,0.09,1.03,2.0,0.7,5.0
e4_BUS28_r03,604138,validation,e4:BUS28:NONE,3,4,28,,0.12,0.985,2.0,0.7,5.0
e4_BUS28_r04,604139,train,e4:BUS28:NONE,4,4,28,,0.15,1.015,2.0,0.7,5.0
e4_BUS29_r00,604236,train,e4:BUS29:NONE,0,4,29,,0.06,0.985,2.0,0.7,5.0
e4_BUS29_r01,604237,validation,e4:BUS29:NONE,1,4,29,,0.09,1.015,2.0,0.7,5.0
e4_BUS29_r02,604238,train,e4:BUS29:NONE,2,4,29,,0.12,0.97,2.0,0.7,5.0
e4_BUS29_r03,604239,test,e4:BUS29:NONE,3,4,29,,0.15,1.0,2.0,0.7,5.0
e4_BUS29_r04,604240,train,e4:BUS29:NONE,4,4,29,,0.06,1.03,2.0,0.7,5.0
e4_BUS39_r00,604337,train,e4:BUS39:NONE,0,4,39,,0.09,1.0,2.0,0.7,5.0
e4_BUS39_r01,604338,train,e4:BUS39:NONE,1,4,39,,0.12,1.03,2.0,0.7,5.0
e4_BUS39_r02,604339,train,e4:BUS39:NONE,2,4,39,,0.15,0.985,2.0,0.7,5.0
e4_BUS39_r03,604340,test,e4:BUS39:NONE,3,4,39,,0.06,1.015,2.0,0.7,5.0
e4_BUS39_r04,604341,validation,e4:BUS39:NONE,4,4,39,,0.09,0.97,2.0,0.7,5.0
e5_BUS2_r00,702623,test,e5:NONE:BUS2,0,5,,2.0,0.06,0.97,2.0,0.7,5.0
e5_BUS2_r01,702624,train,e5:NONE:BUS2,1,5,,2.0,0.09,1.0,2.0,0.7,5.0
e5_BUS2_r02,702625,train,e5:NONE:BUS2,2,5,,2.0,0.12,1.03,2.0,0.7,5.0
e5_BUS2_r03,702626,train,e5:NONE:BUS2,3,5,,2.0,0.15,0.985,2.0,0.7,5.0
e5_BUS2_r04,702627,validation,e5:NONE:BUS2,4,5,,2.0,0.06,1.015,2.0,0.7,5.0
e5_BUS5_r00,702724,test,e5:NONE:BUS5,0,5,,5.0,0.09,0.985,2.0,0.7,5.0
e5_BUS5_r01,702725,train,e5:NONE:BUS5,1,5,,5.0,0.12,1.015,2.0,0.7,5.0
e5_BUS5_r02,702726,train,e5:NONE:BUS5,2,5,,5.0,0.15,0.97,2.0,0.7,5.0
e5_BUS5_r03,702727,validation,e5:NONE:BUS5,3,5,,5.0,0.06,1.0,2.0,0.7,5.0
e5_BUS5_r04,702728,train,e5:NONE:BUS5,4,5,,5.0,0.09,1.03,2.0,0.7,5.0
e5_BUS6_r00,702825,train,e5:NONE:BUS6,0,5,,6.0,0.12,1.0,2.0,0.7,5.0
e5_BUS6_r01,702826,validation,e5:NONE:BUS6,1,5,,6.0,0.15,1.03,2.0,0.7,5.0
e5_BUS6_r02,702827,train,e5:NONE:BUS6,2,5,,6.0,0.06,0.985,2.0,0.7,5.0
e5_BUS6_r03,702828,test,e5:NONE:BUS6,3,5,,6.0,0.09,1.015,2.0,0.7,5.0
e5_BUS6_r04,702829,train,e5:NONE:BUS6,4,5,,6.0,0.12,0.97,2.0,0.7,5.0
e5_BUS10_r00,702926,test,e5:NONE:BUS10,0,5,,10.0,0.15,1.015,2.0,0.7,5.0
e5_BUS10_r01,702927,train,e5:NONE:BUS10,1,5,,10.0,0.06,0.97,2.0,0.7,5.0
e5_BUS10_r02,702928,train,e5:NONE:BUS10,2,5,,10.0,0.09,1.0,2.0,0.7,5.0
e5_BUS10_r03,702929,validation,e5:NONE:BUS10,3,5,,10.0,0.12,1.03,2.0,0.7,5.0
e5_BUS10_r04,702930,train,e5:NONE:BUS10,4,5,,10.0,0.15,0.985,2.0,0.7,5.0
e5_BUS19_r00,703027,train,e5:NONE:BUS19,0,5,,19.0,0.06,1.03,2.0,0.7,5.0
e5_BUS19_r01,703028,validation,e5:NONE:BUS19,1,5,,19.0,0.09,0.985,2.0,0.7,5.0
e5_BUS19_r02,703029,train,e5:NONE:BUS19,2,5,,19.0,0.12,1.015,2.0,0.7,5.0
e5_BUS19_r03,703030,train,e5:NONE:BUS19,3,5,,19.0,0.15,0.97,2.0,0.7,5.0
e5_BUS19_r04,703031,test,e5:NONE:BUS19,4,5,,19.0,0.06,1.0,2.0,0.7,5.0
e5_BUS22_r00,703128,train,e5:NONE:BUS22,0,5,,22.0,0.09,0.97,2.0,0.7,5.0
e5_BUS22_r01,703129,validation,e5:NONE:BUS22,1,5,,22.0,0.12,1.0,2.0,0.7,5.0
e5_BUS22_r02,703130,train,e5:NONE:BUS22,2,5,,22.0,0.15,1.03,2.0,0.7,5.0
e5_BUS22_r03,703131,train,e5:NONE:BUS22,3,5,,22.0,0.06,0.985,2.0,0.7,5.0
e5_BUS22_r04,703132,test,e5:NONE:BUS22,4,5,,22.0,0.09,1.015,2.0,0.7,5.0
e5_BUS29_r00,703229,train,e5:NONE:BUS29,0,5,,29.0,0.12,0.985,2.0,0.7,5.0
e5_BUS29_r01,703230,train,e5:NONE:BUS29,1,5,,29.0,0.15,1.015,2.0,0.7,5.0
e5_BUS29_r02,703231,train,e5:NONE:BUS29,2,5,,29.0,0.06,0.97,2.0,0.7,5.0
e5_BUS29_r03,703232,test,e5:NONE:BUS29,3,5,,29.0,0.09,1.0,2.0,0.7,5.0
e5_BUS29_r04,703233,validation,e5:NONE:BUS29,4,5,,29.0,0.12,1.03,2.0,0.7,5.0
e5_BUS39_r00,703330,test,e5:NONE:BUS39,0,5,,39.0,0.15,1.0,2.0,0.7,5.0
e5_BUS39_r01,703331,validation,e5:NONE:BUS39,1,5,,39.0,0.06,1.03,2.0,0.7,5.0
e5_BUS39_r02,703332,train,e5:NONE:BUS39,2,5,,39.0,0.09,0.985,2.0,0.7,5.0
e5_BUS39_r03,703333,train,e5:NONE:BUS39,3,5,,39.0,0.12,1.015,2.0,0.7,5.0
e5_BUS39_r04,703334,train,e5:NONE:BUS39,4,5,,39.0,0.15,0.97,2.0,0.7,5.0
e6_BUS2_r00,802626,train,e6:BUS2:BUS2,0,6,30,2.0,0.06,0.97,2.0,0.7,5.0
e6_BUS2_r01,802627,test,e6:BUS2:BUS2,1,6,30,2.0,0.09,1.0,2.0,0.7,5.0
e6_BUS2_r02,802628,train,e6:BUS2:BUS2,2,6,30,2.0,0.12,1.03,2.0,0.7,5.0
e6_BUS2_r03,802629,train,e6:BUS2:BUS2,3,6,30,2.0,0.15,0.985,2.0,0.7,5.0
e6_BUS2_r04,802630,validation,e6:BUS2:BUS2,4,6,30,2.0,0.06,1.015,2.0,0.7,5.0
e6_BUS6_r00,802727,test,e6:BUS6:BUS5,0,6,31,5.0,0.09,0.985,2.0,0.7,5.0
e6_BUS6_r01,802728,train,e6:BUS6:BUS5,1,6,31,5.0,0.12,1.015,2.0,0.7,5.0
e6_BUS6_r02,802729,validation,e6:BUS6:BUS5,2,6,31,5.0,0.15,0.97,2.0,0.7,5.0
e6_BUS6_r03,802730,train,e6:BUS6:BUS5,3,6,31,5.0,0.06,1.0,2.0,0.7,5.0
e6_BUS6_r04,802731,train,e6:BUS6:BUS5,4,6,31,5.0,0.09,1.03,2.0,0.7,5.0
e6_BUS10_r00,802828,train,e6:BUS10:BUS6,0,6,32,6.0,0.12,1.0,2.0,0.7,5.0
e6_BUS10_r01,802829,train,e6:BUS10:BUS6,1,6,32,6.0,0.15,1.03,2.0,0.7,5.0
e6_BUS10_r02,802830,validation,e6:BUS10:BUS6,2,6,32,6.0,0.06,0.985,2.0,0.7,5.0
e6_BUS10_r03,802831,test,e6:BUS10:BUS6,3,6,32,6.0,0.09,1.015,2.0,0.7,5.0
e6_BUS10_r04,802832,train,e6:BUS10:BUS6,4,6,32,6.0,0.12,0.97,2.0,0.7,5.0
e6_BUS19_r00,802929,train,e6:BUS19:BUS10,0,6,33,10.0,0.15,1.015,2.0,0.7,5.0
e6_BUS19_r01,802930,train,e6:BUS19:BUS10,1,6,33,10.0,0.06,0.97,2.0,0.7,5.0
e6_BUS19_r02,802931,train,e6:BUS19:BUS10,2,6,33,10.0,0.09,1.0,2.0,0.7,5.0
e6_BUS19_r03,802932,test,e6:BUS19:BUS10,3,6,33,10.0,0.12,1.03,2.0,0.7,5.0
e6_BUS19_r04,802933,validation,e6:BUS19:BUS10,4,6,33,10.0,0.15,0.985,2.0,0.7,5.0
e6_BUS20_r00,803030,train,e6:BUS20:BUS19,0,6,34,19.0,0.06,1.03,2.0,0.7,5.0
e6_BUS20_r01,803031,train,e6:BUS20:BUS19,1,6,34,19.0,0.09,0.985,2.0,0.7,5.0
e6_BUS20_r02,803032,validation,e6:BUS20:BUS19,2,6,34,19.0,0.12,1.015,2.0,0.7,5.0
e6_BUS20_r03,803033,test,e6:BUS20:BUS19,3,6,34,19.0,0.15,0.97,2.0,0.7,5.0
e6_BUS20_r04,803034,train,e6:BUS20:BUS19,4,6,34,19.0,0.06,1.0,2.0,0.7,5.0
e6_BUS22_r00,803131,train,e6:BUS22:BUS22,0,6,35,22.0,0.09,0.97,2.0,0.7,5.0
e6_BUS22_r01,803132,train,e6:BUS22:BUS22,1,6,35,22.0,0.12,1.0,2.0,0.7,5.0
e6_BUS22_r02,803133,test,e6:BUS22:BUS22,2,6,35,22.0,0.15,1.03,2.0,0.7,5.0
e6_BUS22_r03,803134,validation,e6:BUS22:BUS22,3,6,35,22.0,0.06,0.985,2.0,0.7,5.0
e6_BUS22_r04,803135,train,e6:BUS22:BUS22,4,6,35,22.0,0.09,1.015,2.0,0.7,5.0
e6_BUS23_r00,803232,test,e6:BUS23:BUS29,0,6,36,29.0,0.12,0.985,2.0,0.7,5.0
e6_BUS23_r01,803233,validation,e6:BUS23:BUS29,1,6,36,29.0,0.15,1.015,2.0,0.7,5.0
e6_BUS23_r02,803234,train,e6:BUS23:BUS29,2,6,36,29.0,0.06,0.97,2.0,0.7,5.0
e6_BUS23_r03,803235,train,e6:BUS23:BUS29,3,6,36,29.0,0.09,1.0,2.0,0.7,5.0
e6_BUS23_r04,803236,train,e6:BUS23:BUS29,4,6,36,29.0,0.12,1.03,2.0,0.7,5.0
e6_BUS25_r00,803333,test,e6:BUS25:BUS39,0,6,37,39.0,0.15,1.0,2.0,0.7,5.0
e6_BUS25_r01,803334,validation,e6:BUS25:BUS39,1,6,37,39.0,0.06,1.03,2.0,0.7,5.0
e6_BUS25_r02,803335,train,e6:BUS25:BUS39,2,6,37,39.0,0.09,0.985,2.0,0.7,5.0
e6_BUS25_r03,803336,train,e6:BUS25:BUS39,3,6,37,39.0,0.12,1.015,2.0,0.7,5.0
e6_BUS25_r04,803337,train,e6:BUS25:BUS39,4,6,37,39.0,0.15,0.97,2.0,0.7,5.0
e6_BUS29_r00,803434,validation,e6:BUS29:BUS2,0,6,38,2.0,0.06,1.015,2.0,0.7,5.0
e6_BUS29_r01,803435,test,e6:BUS29:BUS2,1,6,38,2.0,0.09,0.97,2.0,0.7,5.0
e6_BUS29_r02,803436,train,e6:BUS29:BUS2,2,6,38,2.0,0.12,1.0,2.0,0.7,5.0
e6_BUS29_r03,803437,train,e6:BUS29:BUS2,3,6,38,2.0,0.15,1.03,2.0,0.7,5.0
e6_BUS29_r04,803438,train,e6:BUS29:BUS2,4,6,38,2.0,0.06,0.985,2.0,0.7,5.0
e6_BUS39_r00,803535,test,e6:BUS39:BUS5,0,6,39,5.0,0.09,1.03,2.0,0.7,5.0
e6_BUS39_r01,803536,train,e6:BUS39:BUS5,1,6,39,5.0,0.12,0.985,2.0,0.7,5.0
e6_BUS39_r02,803537,train,e6:BUS39:BUS5,2,6,39,5.0,0.15,1.015,2.0,0.7,5.0
e6_BUS39_r03,803538,validation,e6:BUS39:BUS5,3,6,39,5.0,0.06,0.97,2.0,0.7,5.0
e6_BUS39_r04,803539,train,e6:BUS39:BUS5,4,6,39,5.0,0.09,1.0,2.0,0.7,5.0
e7_BUS2_r00,902629,train,e7:NONE:BUS2,0,7,,2.0,0.06,0.97,2.0,0.7,5.0
e7_BUS2_r01,902630,validation,e7:NONE:BUS2,1,7,,2.0,0.09,1.0,2.0,0.7,5.0
e7_BUS2_r02,902631,test,e7:NONE:BUS2,2,7,,2.0,0.12,1.03,2.0,0.7,5.0
e7_BUS2_r03,902632,train,e7:NONE:BUS2,3,7,,2.0,0.15,0.985,2.0,0.7,5.0
e7_BUS2_r04,902633,train,e7:NONE:BUS2,4,7,,2.0,0.06,1.015,2.0,0.7,5.0
e7_BUS5_r00,902730,train,e7:NONE:BUS5,0,7,,5.0,0.09,0.985,2.0,0.7,5.0
e7_BUS5_r01,902731,train,e7:NONE:BUS5,1,7,,5.0,0.12,1.015,2.0,0.7,5.0
e7_BUS5_r02,902732,validation,e7:NONE:BUS5,2,7,,5.0,0.15,0.97,2.0,0.7,5.0
e7_BUS5_r03,902733,train,e7:NONE:BUS5,3,7,,5.0,0.06,1.0,2.0,0.7,5.0
e7_BUS5_r04,902734,test,e7:NONE:BUS5,4,7,,5.0,0.09,1.03,2.0,0.7,5.0
e7_BUS6_r00,902831,validation,e7:NONE:BUS6,0,7,,6.0,0.12,1.0,2.0,0.7,5.0
e7_BUS6_r01,902832,train,e7:NONE:BUS6,1,7,,6.0,0.15,1.03,2.0,0.7,5.0
e7_BUS6_r02,902833,train,e7:NONE:BUS6,2,7,,6.0,0.06,0.985,2.0,0.7,5.0
e7_BUS6_r03,902834,train,e7:NONE:BUS6,3,7,,6.0,0.09,1.015,2.0,0.7,5.0
e7_BUS6_r04,902835,test,e7:NONE:BUS6,4,7,,6.0,0.12,0.97,2.0,0.7,5.0
e7_BUS10_r00,902932,train,e7:NONE:BUS10,0,7,,10.0,0.15,1.015,2.0,0.7,5.0
e7_BUS10_r01,902933,train,e7:NONE:BUS10,1,7,,10.0,0.06,0.97,2.0,0.7,5.0
e7_BUS10_r02,902934,train,e7:NONE:BUS10,2,7,,10.0,0.09,1.0,2.0,0.7,5.0
e7_BUS10_r03,902935,validation,e7:NONE:BUS10,3,7,,10.0,0.12,1.03,2.0,0.7,5.0
e7_BUS10_r04,902936,test,e7:NONE:BUS10,4,7,,10.0,0.15,0.985,2.0,0.7,5.0
e7_BUS19_r00,903033,validation,e7:NONE:BUS19,0,7,,19.0,0.06,1.03,2.0,0.7,5.0
e7_BUS19_r01,903034,train,e7:NONE:BUS19,1,7,,19.0,0.09,0.985,2.0,0.7,5.0
e7_BUS19_r02,903035,train,e7:NONE:BUS19,2,7,,19.0,0.12,1.015,2.0,0.7,5.0
e7_BUS19_r03,903036,test,e7:NONE:BUS19,3,7,,19.0,0.15,0.97,2.0,0.7,5.0
e7_BUS19_r04,903037,train,e7:NONE:BUS19,4,7,,19.0,0.06,1.0,2.0,0.7,5.0
e7_BUS22_r00,903134,test,e7:NONE:BUS22,0,7,,22.0,0.09,0.97,2.0,0.7,5.0
e7_BUS22_r01,903135,train,e7:NONE:BUS22,1,7,,22.0,0.12,1.0,2.0,0.7,5.0
e7_BUS22_r02,903136,validation,e7:NONE:BUS22,2,7,,22.0,0.15,1.03,2.0,0.7,5.0
e7_BUS22_r03,903137,train,e7:NONE:BUS22,3,7,,22.0,0.06,0.985,2.0,0.7,5.0
e7_BUS22_r04,903138,train,e7:NONE:BUS22,4,7,,22.0,0.09,1.015,2.0,0.7,5.0
e7_BUS29_r00,903235,train,e7:NONE:BUS29,0,7,,29.0,0.12,0.985,2.0,0.7,5.0
e7_BUS29_r01,903236,test,e7:NONE:BUS29,1,7,,29.0,0.15,1.015,2.0,0.7,5.0
e7_BUS29_r02,903237,validation,e7:NONE:BUS29,2,7,,29.0,0.06,0.97,2.0,0.7,5.0
e7_BUS29_r03,903238,train,e7:NONE:BUS29,3,7,,29.0,0.09,1.0,2.0,0.7,5.0
e7_BUS29_r04,903239,train,e7:NONE:BUS29,4,7,,29.0,0.12,1.03,2.0,0.7,5.0
e7_BUS39_r00,903336,validation,e7:NONE:BUS39,0,7,,39.0,0.15,1.0,2.0,0.7,5.0
e7_BUS39_r01,903337,train,e7:NONE:BUS39,1,7,,39.0,0.06,1.03,2.0,0.7,5.0
e7_BUS39_r02,903338,test,e7:NONE:BUS39,2,7,,39.0,0.09,0.985,2.0,0.7,5.0
e7_BUS39_r03,903339,train,e7:NONE:BUS39,3,7,,39.0,0.12,1.015,2.0,0.7,5.0
e7_BUS39_r04,903340,train,e7:NONE:BUS39,4,7,,39.0,0.15,0.97,2.0,0.7,5.0
e8_BUS2_r00,1002632,validation,e8:BUS2:BUS2,0,8,30,2.0,0.06,0.97,2.0,0.7,5.0
e8_BUS2_r01,1002633,train,e8:BUS2:BUS2,1,8,30,2.0,0.09,1.0,2.0,0.7,5.0
e8_BUS2_r02,1002634,test,e8:BUS2:BUS2,2,8,30,2.0,0.12,1.03,2.0,0.7,5.0
e8_BUS2_r03,1002635,train,e8:BUS2:BUS2,3,8,30,2.0,0.15,0.985,2.0,0.7,5.0
e8_BUS2_r04,1002636,train,e8:BUS2:BUS2,4,8,30,2.0,0.06,1.015,2.0,0.7,5.0
e8_BUS6_r00,1002733,train,e8:BUS6:BUS5,0,8,31,5.0,0.09,0.985,2.0,0.7,5.0
e8_BUS6_r01,1002734,train,e8:BUS6:BUS5,1,8,31,5.0,0.12,1.015,2.0,0.7,5.0
e8_BUS6_r02,1002735,test,e8:BUS6:BUS5,2,8,31,5.0,0.15,0.97,2.0,0.7,5.0
e8_BUS6_r03,1002736,validation,e8:BUS6:BUS5,3,8,31,5.0,0.06,1.0,2.0,0.7,5.0
e8_BUS6_r04,1002737,train,e8:BUS6:BUS5,4,8,31,5.0,0.09,1.03,2.0,0.7,5.0
e8_BUS10_r00,1002834,train,e8:BUS10:BUS6,0,8,32,6.0,0.12,1.0,2.0,0.7,5.0
e8_BUS10_r01,1002835,test,e8:BUS10:BUS6,1,8,32,6.0,0.15,1.03,2.0,0.7,5.0
e8_BUS10_r02,1002836,train,e8:BUS10:BUS6,2,8,32,6.0,0.06,0.985,2.0,0.7,5.0
e8_BUS10_r03,1002837,train,e8:BUS10:BUS6,3,8,32,6.0,0.09,1.015,2.0,0.7,5.0
e8_BUS10_r04,1002838,validation,e8:BUS10:BUS6,4,8,32,6.0,0.12,0.97,2.0,0.7,5.0
e8_BUS19_r00,1002935,validation,e8:BUS19:BUS10,0,8,33,10.0,0.15,1.015,2.0,0.7,5.0
e8_BUS19_r01,1002936,train,e8:BUS19:BUS10,1,8,33,10.0,0.06,0.97,2.0,0.7,5.0
e8_BUS19_r02,1002937,train,e8:BUS19:BUS10,2,8,33,10.0,0.09,1.0,2.0,0.7,5.0
e8_BUS19_r03,1002938,test,e8:BUS19:BUS10,3,8,33,10.0,0.12,1.03,2.0,0.7,5.0
e8_BUS19_r04,1002939,train,e8:BUS19:BUS10,4,8,33,10.0,0.15,0.985,2.0,0.7,5.0
e8_BUS20_r00,1003036,validation,e8:BUS20:BUS19,0,8,34,19.0,0.06,1.03,2.0,0.7,5.0
e8_BUS20_r01,1003037,test,e8:BUS20:BUS19,1,8,34,19.0,0.09,0.985,2.0,0.7,5.0
e8_BUS20_r02,1003038,train,e8:BUS20:BUS19,2,8,34,19.0,0.12,1.015,2.0,0.7,5.0
e8_BUS20_r03,1003039,train,e8:BUS20:BUS19,3,8,34,19.0,0.15,0.97,2.0,0.7,5.0
e8_BUS20_r04,1003040,train,e8:BUS20:BUS19,4,8,34,19.0,0.06,1.0,2.0,0.7,5.0
e8_BUS22_r00,1003137,train,e8:BUS22:BUS22,0,8,35,22.0,0.09,0.97,2.0,0.7,5.0
e8_BUS22_r01,1003138,test,e8:BUS22:BUS22,1,8,35,22.0,0.12,1.0,2.0,0.7,5.0
e8_BUS22_r02,1003139,train,e8:BUS22:BUS22,2,8,35,22.0,0.15,1.03,2.0,0.7,5.0
e8_BUS22_r03,1003140,validation,e8:BUS22:BUS22,3,8,35,22.0,0.06,0.985,2.0,0.7,5.0
e8_BUS22_r04,1003141,train,e8:BUS22:BUS22,4,8,35,22.0,0.09,1.015,2.0,0.7,5.0
e8_BUS23_r00,1003238,train,e8:BUS23:BUS29,0,8,36,29.0,0.12,0.985,2.0,0.7,5.0
e8_BUS23_r01,1003239,validation,e8:BUS23:BUS29,1,8,36,29.0,0.15,1.015,2.0,0.7,5.0
e8_BUS23_r02,1003240,test,e8:BUS23:BUS29,2,8,36,29.0,0.06,0.97,2.0,0.7,5.0
e8_BUS23_r03,1003241,train,e8:BUS23:BUS29,3,8,36,29.0,0.09,1.0,2.0,0.7,5.0
e8_BUS23_r04,1003242,train,e8:BUS23:BUS29,4,8,36,29.0,0.12,1.03,2.0,0.7,5.0
e8_BUS25_r00,1003339,train,e8:BUS25:BUS39,0,8,37,39.0,0.15,1.0,2.0,0.7,5.0
e8_BUS25_r01,1003340,train,e8:BUS25:BUS39,1,8,37,39.0,0.06,1.03,2.0,0.7,5.0
e8_BUS25_r02,1003341,train,e8:BUS25:BUS39,2,8,37,39.0,0.09,0.985,2.0,0.7,5.0
e8_BUS25_r03,1003342,validation,e8:BUS25:BUS39,3,8,37,39.0,0.12,1.015,2.0,0.7,5.0
e8_BUS25_r04,1003343,test,e8:BUS25:BUS39,4,8,37,39.0,0.15,0.97,2.0,0.7,5.0
e8_BUS29_r00,1003440,train,e8:BUS29:BUS2,0,8,38,2.0,0.06,1.015,2.0,0.7,5.0
e8_BUS29_r01,1003441,validation,e8:BUS29:BUS2,1,8,38,2.0,0.09,0.97,2.0,0.7,5.0
e8_BUS29_r02,1003442,train,e8:BUS29:BUS2,2,8,38,2.0,0.12,1.0,2.0,0.7,5.0
e8_BUS29_r03,1003443,train,e8:BUS29:BUS2,3,8,38,2.0,0.15,1.03,2.0,0.7,5.0
e8_BUS29_r04,1003444,test,e8:BUS29:BUS2,4,8,38,2.0,0.06,0.985,2.0,0.7,5.0
e8_BUS39_r00,1003541,train,e8:BUS39:BUS5,0,8,39,5.0,0.09,1.03,2.0,0.7,5.0
e8_BUS39_r01,1003542,train,e8:BUS39:BUS5,1,8,39,5.0,0.12,0.985,2.0,0.7,5.0
e8_BUS39_r02,1003543,validation,e8:BUS39:BUS5,2,8,39,5.0,0.15,1.015,2.0,0.7,5.0
e8_BUS39_r03,1003544,train,e8:BUS39:BUS5,3,8,39,5.0,0.06,0.97,2.0,0.7,5.0
e8_BUS39_r04,1003545,test,e8:BUS39:BUS5,4,8,39,5.0,0.09,1.0,2.0,0.7,5.0
