experiment_id,phase,description,status,gate,result_status,status_detail
E00,1,Environment audit and reproducibility manifest,PASS,G-ENV,PASS,
E01,2,ANDES pandapower static AC parity,PASS,G0,PASS,canonical ANDES workbook translation audited by G0-A/G0-B
E02,3,PMU branch terminal and measurement operator audit,PASS,G1-SYNTHETIC,PASS,static V/I operator and frequency/mask contract audited
E03,4,Scenario configuration jump and noise smoke,SKIPPED_WITH_REASON,G-SCENARIO,PENDING,not executed; eligible after G1-SYNTHETIC
E04,5,Virtual PMU extraction,PENDING,G2,PENDING,not executed in bounded G1 audit
E05,6,Fixed lag state estimator,PENDING,G2,PENDING,not executed in bounded G1 audit
E06,7,Observability and functional observability,PENDING,G2,PENDING,not executed in bounded G1 audit
E07,8,Exact zero one two event Bayesian oracle,PENDING,G3,PENDING,not executed in bounded G1 audit
E08,9,Model discrepancy layer,PENDING,G5,PENDING,not executed in bounded G1 audit
E09,10,Single double sequential event battery,PENDING,G4,PENDING,not executed in bounded G1 audit
E10,11,Scalable three-plus-event solver,PENDING,G4,PENDING,not executed in bounded G1 audit
E11,12,Explicit IBR scenarios,PENDING,G7,PENDING,not executed in bounded G1 audit
E12,13,Probability calibration,PENDING,G6,PENDING,not executed in bounded G1 audit
E13,14,Learned discrepancy extension,PENDING,G6,PENDING,not executed in bounded G1 audit
E14,15,Baseline comparison,PENDING,G2,PENDING,not executed in bounded G1 audit
E15,16,External holdout replay,PENDING,G8,PENDING,not executed in bounded G1 audit
E02-EXT,3,External SGSMA current-terminal semantics,SKIPPED_WITH_REASON,G1-EXTERNAL,BLOCKED_UNRESOLVED,no authoritative CT/branch terminal mapping in official guide or available metadata
