channel_index,channel_name,pmu_bus,kind
0,V2.re,2,voltage
1,V2.im,2,voltage
2,V5.re,5,voltage
3,V5.im,5,voltage
4,V6.re,6,voltage
5,V6.im,6,voltage
6,V10.re,10,voltage
7,V10.im,10,voltage
8,V19.re,19,voltage
9,V19.im,19,voltage
10,V22.re,22,voltage
11,V22.im,22,voltage
12,V29.re,29,voltage
13,V29.im,29,voltage
14,V39.re,39,voltage
15,V39.im,39,voltage
16,I_edge11_terminal.re,2,terminal_current
17,I_edge11_terminal.im,2,terminal_current
18,I_edge37_terminal.re,5,terminal_current
19,I_edge37_terminal.im,5,terminal_current
20,I_edge18_terminal.re,6,terminal_current
21,I_edge18_terminal.im,6,terminal_current
22,I_edge35_terminal.re,10,terminal_current
23,I_edge35_terminal.im,10,terminal_current
24,I_edge31_terminal.re,19,terminal_current
25,I_edge31_terminal.im,19,terminal_current
26,I_edge1_terminal.re,22,terminal_current
27,I_edge1_terminal.im,22,terminal_current
28,I_edge8_terminal.re,29,terminal_current
29,I_edge8_terminal.im,29,terminal_current
30,I_edge5_terminal.re,39,terminal_current
31,I_edge5_terminal.im,39,terminal_current
