TIMESTAMP,BUS29_VA_ANG,BUS29_VA_MAG,BUS29_VB_ANG,BUS29_VB_MAG,BUS29_VC_ANG,BUS29_VC_MAG,BUS29_IA_ANG,BUS29_IA_MAG,BUS29_IB_ANG,BUS29_IB_MAG,BUS29_IC_ANG,BUS29_IC_MAG,BUS29_Freq,BUS29_ROCOF,DATA_PRESENT,Event
0.0,-158.38215835754585,208092.54391355376,-110.25959437882464,208863.288205001,20.90192078859025,206914.956643764,-50.992374121640445,574.677354378626,110.76176582191886,579.1144550720943,-198.0928637109389,576.6045422021673,59.96478711111173,-0.0009075997130972855,1,0
0.0333333333,17.152046942128088,210122.26476587233,-126.95140131715891,207089.54129959707,-184.66824598683274,207644.8289465447,38.3578359447268,576.4044409608209,-31.39701445083033,572.6167031568403,-96.90799460879948,574.4358538068154,59.966723588476036,-0.0005374018801735958,1,0
0.0666666667,72.21695770952991,208333.1222412032,-48.453941492789255,208253.61147595296,10.46882855605909,208838.41787645125,308.38892720061847,576.2669493575745,94.28880700117139,571.6868630279995,84.69842204632837,574.1580124133959,59.990087556812995,0.0006932152274109973,1,0
0.1,-53.53840646649115,209264.5112948411,112.44267245776938,209892.42855382076,-80.97336069818105,209388.45988234231,179.08002766792444,575.4861600933544,-117.7050235492893,576.4523193629827,-241.0092875101863,577.136890693987,59.966213527201454,0.000797334154350733,1,0
0.1333333333,-97.49045149008614,207571.82330326893,-69.1954104320532,208580.50888790694,-27.64861088988698,207994.01808133416,-87.24905555906032,573.5356462680138,-60.74901241758831,573.5165174349335,187.42753016119516,570.2097369585613,59.96601460218003,0.00023669003701176476,1,0
0.1666666667,-8.686475316646044,207267.2606819865,-110.41285112978389,209276.85835480574,-27.116168708487393,208023.56826973346,-102.73089551172728,574.743525665383,-16.632896042181702,573.9617921245748,-44.54839202451615,577.9100180146693,59.97318516273327,0.0007245723735203135,1,0
0.2,158.53871169241157,208298.24862370602,-6.6489129380929155,206929.15585122874,28.239971052921035,208672.76445962224,-49.962893997052845,574.842113662697,144.4509968399038,574.163960474184,-149.14153286374358,569.9225883266955,59.96499544768748,0.0005825013368645481,1,0
0.2333333333,44.010922954576,208265.2431516372,5.764875196109396,208372.87329371288,-30.906739177544953,207313.60211557694,172.30265893398825,578.2424922038826,30.653709952291806,567.8454901005051,-185.41558079556583,575.0285658666301,59.97110632032067,0.0007936123243030958,1,0
0.2666666667,-176.8151109850505,208856.50257485104,-92.76204473083664,207430.37786491078,-17.086997153167694,209253.1092178631,88.80596435599962,577.8551222657137,-156.44032684971796,577.2832366192033,152.20750049146017,575.8328270096978,59.95659349079076,-0.0010811889234619576,1,0
0.3,-41.62820978350146,208578.83056552213,45.58464069384191,209352.7840134784,-66.12754239826339,208081.75586879312,-104.74097336862607,577.140571282803,149.5008599429636,574.3756036153944,80.62494190304336,580.4466940164413,59.9747193691447,0.0008757425803379663,1,0
0.3333333333,118.74179165751607,208664.64178446968,-92.17366560989507,209549.11947423904,62.39888004954899,208940.6551163873,-128.66084751289773,577.9605883079829,4.823522965890244,573.12990709446,88.5834908771097,577.9613012865585,59.98833310586304,0.0002734136241866636,1,0
0.3666666667,4.962199202411796,207398.80555004982,-46.53859747344096,209313.07140122162,-82.47800127669615,206784.8481671175,-258.4508142252841,577.8470259640782,-109.36890534808343,572.3506804409944,214.188399521146,574.2957148427288,59.96334547162618,0.00024659219782490204,1,0
0.4,-14.660198885337284,208235.49010114977,-27.626216109513578,208366.0740558606,27.4768656311772,207620.88225725817,116.40527578231195,571.5422197904255,-22.61489001776902,577.1024965060213,140.81359008718837,574.5993401648483,59.96442960126126,-0.0007054537066136826,1,0
0.4333333333,119.58947224446062,210515.99914133004,-45.21545982388925,208829.74753225653,-30.42120698185337,208874.04471380872,-172.65473221330396,576.2662248294249,22.465789345992192,576.2301200443401,-154.93629978173263,571.4376996536847,59.96541904019493,0.00023455398304655228,1,0
0.4666666667,-31.865050765773553,209730.26415529984,72.73173434369828,209405.18471626486,-48.457017092476015,209672.83752836988,80.29350795874865,574.9182936282392,-51.179489810689674,572.2343454816373,-46.54076939748364,575.761951357039,59.98056963741997,0.0007509362407968973,1,0
0.5,50.776134542397784,209272.47148959577,-33.649589947943824,209593.2685160271,61.968277073026925,209884.3591960092,-115.85165194264464,577.1448798307094,-44.475546071036256,576.6354733742423,77.41395149099512,582.1220907077037,59.964805952577734,-0.000265752693527237,1,0
0.5333333333,45.43656779163789,208982.19043274826,37.1378539503953,208550.9777252398,19.044222274065966,208819.6237481902,-0.06820955269803086,576.3988245024498,15.446974777702733,575.9844062446383,-93.75573888137107,575.7760822530282,59.96378730713754,-0.00034940595731347584,1,0
0.5666666667,35.19536517505768,208876.7344631089,-94.9879207217412,208910.53358397313,-73.80498403090117,208424.81426992238,19.03579279961192,574.9420892243799,-79.47120470819344,580.1955565607841,46.13525276607065,577.7357345087889,59.96430834343025,0.00015448166085709226,1,0
0.6,38.83979626257825,209447.80293170424,-9.823292882971575,209109.26279382524,-39.6874909747885,207746.09628534497,30.924709779920803,576.6453387731839,115.3553590306819,579.2155198522356,-46.62064305103793,572.8299920719688,59.95538626983438,-0.00011608077699458838,1,0
0.6333333333,7.678585829517987,208152.760880005,19.123452243807748,209119.41611105402,57.930660142314366,207688.9166006513,-6.074667917314717,573.3990870218018,91.15343607132854,576.8048180847278,50.16161187637296,577.6116530395402,59.95245725459377,-0.0004718623095894984,1,0
0.6666666667,-6.744011273736936,208666.3476049123,-148.8857265148021,209528.79252980428,8.575869749771716,208458.44401082862,-73.58361110696666,579.4787507963615,126.06194460218879,571.0277111411443,107.04624153164552,570.6132385209233,59.97084595671224,-0.000915002822773474,1,0
0.7,41.687765978276396,209399.7212206962,77.2702683369351,208426.24124503002,72.70923554335812,208837.35154063813,86.06051605681907,577.1524816502325,-65.17112849398376,572.2226990679771,38.748891150326244,572.449948474434,59.95545817019035,-0.00023674653598695154,1,0
0.7333333333,206.88832697542938,209166.45983905374,-93.51825151899232,209632.75875569182,-78.22367672675146,208671.08261515992,-148.05242706897008,573.6023213585526,-137.31540629998477,571.1416936953377,-170.62117771105238,579.1501450209114,59.9740215916815,-0.0009301952563023134,1,0
0.7666666667,227.9941760187518,208943.35979321448,-32.60388199048718,209791.46770782952,82.62600799328385,208798.72204226282,9.330698762060885,576.3812033456197,-101.92137673118356,574.0692039155948,-12.668184212766096,574.3054172616341,59.95968370822715,-0.0013188682486705591,1,0
0.8,-122.55904268999569,208602.46798888882,-130.67428249200364,208935.79705196808,-205.48832477922224,208701.7958103042,-41.561925157279525,570.8138770210671,112.21121966745815,572.7149721266608,-163.21190980403318,570.4410069768209,59.9584927414818,0.0013857964350701658,1,0
0.8333333333,190.4066010114364,209796.40197402018,7.378336430049609,207693.47051899272,-29.538407287485533,208612.05990581517,46.49617917638126,579.4086103932658,-40.25403924211876,573.6968937844016,-36.35429805452064,579.0746506640194,59.942715991051344,-0.00028512989038794384,1,0
0.8666666667,141.95556494695836,206411.10645007473,26.731302241380867,210439.7702675529,47.98913336279482,210702.02268142736,-1.972012082112836,574.4569536180757,107.22686021654623,575.609216610834,-58.913145073135084,570.8956105991807,59.965986729944596,-0.00038750346743112954,1,0
0.9,-47.39250336857239,208634.37706256984,-137.86569234626032,208208.59792473709,-76.68411740260818,210328.58743221947,20.492876685757764,577.5383865588369,134.79501623113146,574.5340843724608,-120.095187493798,571.4524101049883,59.989245826019854,0.00019153588435498212,1,0
0.9333333333,-47.26990154359632,209206.2516773892,-37.071775342211005,207533.42193903044,28.868660680059147,208855.9704510529,-84.28693185943312,573.4707610570863,173.92328129402017,569.0365723881063,-15.917165056389361,579.4455163022636,59.95881444241013,0.00037344443892055974,1,0
0.9666666667,-3.574107801851971,209082.9667296975,29.078436497827774,208124.11246757436,98.23055347626614,209068.11416599492,-40.501826412560554,574.822096239203,231.06022290664285,574.3583120379515,110.16139769085787,577.0774487746402,59.976335984810575,0.00044358811157904957,1,0
1.0,91.28476118800269,208373.70242903466,-145.27792460840985,207528.76628504822,-169.13266035041795,209835.26161057776,-0.7689581564453736,573.1351351052347,156.7311390293421,578.91654758568,-108.99318129833868,574.9214205550373,59.95797817691466,0.000678994774395682,1,0
1.0333333333,-7.312646311698483,207477.35206220302,32.212356285180434,208051.08713442352,-58.53051614832802,208952.73930309355,160.8832135719118,578.0209645066586,-83.06476353565692,574.37372206734,-70.24152705330368,571.7988251346112,59.972196981949565,0.00028723076511837477,1,0
1.0666666667,-107.52202618411339,209152.20958423117,-1.166947828182333,210325.26863216978,-110.95533472767151,209328.24104055154,98.2973997077547,572.4096337539482,-18.86594884625918,570.8702626083128,-63.3835362747821,568.8144497247246,59.99264869627289,-0.0001379269863433879,1,0
1.1,95.20836382197757,206968.0960242815,17.918002038499363,208698.01375575684,161.8539508894296,208317.8696169357,-152.34580943653953,575.4039664179722,177.60338195395744,579.2223972555371,-119.70435891820678,574.0371326792168,59.98465238509338,-0.0002417577539144074,1,0
1.1333333333,73.74755449437038,208454.54371326065,-92.43034854934419,207573.99927659862,54.55514625986254,208391.00755854638,55.040268543351424,572.4988281353344,63.36625277663406,573.411326707796,-51.75326261489961,577.7976352924336,59.96946342074135,0.0001786791862475661,1,0
1.1666666667,-34.828497358248384,210062.47402804653,-220.40625901453427,208225.78189100832,62.97868770723848,207978.8711137706,54.56594962665576,572.6531734538761,-28.606531696143644,577.103425435523,-88.80609374744904,576.464362392013,59.95268160397291,0.001069408325620337,1,0
1.2,40.80653519118789,207783.72589093988,-25.408899111433698,208048.86100445825,-189.05064964134692,207714.48273556127,-135.94758187142125,574.8626524161922,-113.81758059778402,574.0366078294174,28.640626698930333,576.5882247322596,59.964946314744566,0.00015474767056311502,1,0
1.2333333333,-48.200338668764175,207606.35184206048,167.59950172499802,207172.26415116366,57.070939457636484,208927.21945755166,51.64722979168784,575.1840830642464,-33.602959355793075,573.9749209304337,42.774916210773625,577.0020467422113,59.99697629349832,-7.53042382469093e-05,1,0
1.2666666667,19.899094733187336,208719.46731699293,266.27710161022395,207723.36011296182,7.060052953017469,209694.60764247034,34.458525104441236,575.4236373617077,-83.9390689475604,575.6307721978246,-55.462899233177,570.8277479654213,59.97076143627869,-0.0010058992010379868,1,0
1.3,100.6161501573887,207466.6376034501,-77.04293579007252,209213.14069992866,-45.05690341372324,207691.1930683348,-8.931684269683286,575.5131774958878,216.58400643844536,577.0273818405622,-118.1008325493524,576.1014975062582,59.97605673608608,-0.0008412295408955034,1,0
1.3333333333,18.580745043126008,208757.72499913754,-138.69247133113802,209261.05039308488,37.19097538368379,209926.16553083,133.2708965932116,574.8985880850067,-6.656571842061381,573.6064428675327,286.22038677235156,579.2863759929713,59.96272158807801,-0.0003452658586741148,1,0
1.3666666667,-129.25747976349874,207155.00446413073,2.0156350466958592,207736.36111135499,206.5742764337221,209134.80407499417,-59.856716966028344,574.0750007984087,142.7931905884911,570.507588650696,46.33438799758186,577.855157031868,59.97984320457111,-0.00011585024177218864,1,0
1.4,-201.08599229135967,209361.78736988167,61.13218418666332,209946.95261679744,20.350672992562558,207912.6995745308,-46.487986817521694,576.0306369189575,-81.78815899047655,579.9920722510727,114.82883828484792,576.6613283417433,59.962400884129565,0.0008367166766318461,1,0
1.4333333333,-116.47445937195732,208338.50975598858,-15.402745600346307,208855.13156393653,87.4158329484045,209058.50952245196,31.26272751153129,578.639449062842,93.24230247978845,570.1011112170386,-129.62059735273084,575.8128919646854,59.95900449051148,-0.00034506591890060706,1,0
1.4666666667,-26.519470113552284,208292.53116293767,4.497037880542284,208442.71589196858,-47.553960645754564,208919.0742548933,-120.8767221432215,576.5847000412599,19.76579135993841,578.0797045775244,-34.613504881340546,573.971198515753,59.97323502784828,-0.000833346913042514,1,0
1.5,143.52335403322982,208726.9661560653,-65.0860866467527,208841.29689666707,-116.25885297987286,209979.7282481116,-116.51586432898392,576.5062810769226,214.34102986162716,575.8918323571178,-213.80762128395722,579.6495488653815,59.94835247857205,-0.0012108239607549719,1,5
1.5333333333,67.37308832031609,209419.33106636003,157.19092861657603,207868.1458996735,-102.68044299256285,209221.9318784626,-30.468549320090005,575.2989000939461,42.711754951432596,577.333372587474,13.21812442665038,578.7507363904269,59.96602033234587,-5.991135227578881e-06,1,5
1.5666666667,52.3433117258122,208465.75367129344,43.09699030907292,207974.07748990972,126.22550214232322,211024.7393210269,133.75597694626245,577.4958365997826,114.2715055096336,575.1204991677416,-73.43954895804585,576.5943194915985,59.98768481821609,0.00126260049289037,1,5
1.6,182.5542206597275,208628.71794227918,47.530196234735165,207308.6785416902,-32.582546528732586,208714.5814706828,-298.1874793859523,572.619557156086,41.45349569989085,575.2893623943085,15.06190606377289,577.6298010382068,59.957100667119605,-0.0010704006123943928,1,5
1.6333333333,56.06931214547108,208365.56752681945,-44.11444627856722,207768.20361080233,108.33486467582402,209399.97296011646,-66.66468342589111,572.4134933980745,178.78528809638937,575.5032159476374,6.596107060919377,575.8607114398171,59.97468356756274,-0.00013464281741852642,1,5
1.6666666667,33.067971292256985,209060.94380382536,-228.64110698643134,209333.14338227292,-219.72593711063635,207905.3505259152,11.351628937781937,574.4079271921199,-10.255107224221709,573.8104699890505,32.42062445316766,577.7136046051309,59.97558234359347,0.0004445625444079149,1,5
1.7,-94.3709117653858,207954.68047718325,-19.757945383896427,208715.57985770237,66.25289558238507,208532.11522109483,-190.90744634350108,575.0528906656955,-105.54741547041625,575.5588912968005,-14.517659687574202,571.4483200999468,59.967569897247394,0.0006526662742986851,1,5
1.7333333333,-92.7447963360901,209440.41944752118,77.70819864866499,208820.8544505972,-63.606140192139705,210015.7463613366,-58.6032635021272,578.8565404695647,61.95718542902354,575.2151232821777,13.084428763506796,572.5348963258057,59.95565473549924,9.114626734068487e-05,1,5
1.7666666667,-103.94135284550883,208915.37500401263,-79.20614870313175,209410.88021643393,-39.88716403044883,208030.00017608478,181.34434213169618,575.3397528614422,55.22909078694447,571.4116965337821,-204.06938129440786,572.8962137752268,59.97603770549336,-0.00040736041206511695,1,5
1.8,-20.888841664038377,209246.01314309903,141.1439408312408,208966.26833836176,53.15256426039739,209990.87838664712,91.02114221093854,579.8213823762405,54.591687384305025,578.2591191944289,57.8658134193135,575.7398355895446,59.97937437454249,-0.00015668165366865034,1,5
1.8333333333,8.614181914970336,209541.60151774183,23.623561371376333,209303.82213507433,-96.11455335307657,208498.3362847617,240.7027756036039,573.0213611632277,51.959432836995475,575.4319290522612,128.49059580706734,570.0788879362785,59.95685981926711,0.0004906815531491871,1,5
1.8666666667,-84.05702983856719,207896.44956582083,23.667157346613898,207814.2303325518,-130.74755974303096,207275.50487441788,5.715161840379475,569.8156801382287,-146.98663248805656,576.841906480633,239.92695381759552,569.8090595334642,59.97436349372041,0.0004652485807882615,1,5
1.9,-153.21110007692965,208773.381102671,-137.49870768626036,208846.2674283118,94.19374040088005,209213.86257763352,-50.12514368912133,573.1514513555063,-25.834288277800134,570.9323687482517,59.71331684328892,577.6305097493037,59.955371180086374,0.0008612343833885789,1,5
1.9333333333,-11.0891568983741,208119.85722237968,-52.85144774773363,209033.9882024894,-20.58464337150165,206831.81350363645,10.430463968613795,577.1025362180832,54.35532828632898,576.9986827770878,70.61178547250825,575.693595594207,59.97034030556334,0.0007019515030338089,1,5
1.9666666667,147.39944412627185,208984.45945259824,-58.08212942023795,208104.7330544389,72.14937372688803,207765.29896304096,109.03210376945806,575.4162327610476,-62.24583525572547,581.1052083689151,37.636755512430284,571.7039271423888,59.97185649083922,0.0005889001590659187,1,5
2.0,-12.752658432849383,209015.48478737712,100.19332955896306,208898.8544598521,-1.6510472337877384,208959.31441949285,-24.120931922834536,575.4601215707539,46.36343338617018,569.7221440120056,191.19090047058705,571.8638695269575,60.00232510221738,0.0005004994551412258,1,5
2.0333333333,137.89883593494753,207851.0293311841,106.61034060211934,208735.40606222997,-19.65291762324057,208476.23826099682,22.45675534466134,576.3052509959325,-27.453675981936104,573.0050119197751,24.31829016108365,581.0746011715099,59.962887244979974,-0.0007228181104281236,1,5
2.0666666667,-298.8964733485402,209810.5468164758,131.7244774154422,208903.29559168243,-52.45329867961105,210278.0154723126,-119.55820274730698,576.6806068708896,76.85910859935122,572.5299491659651,-123.52818717293265,576.2674388980489,59.96968756614474,0.0016728365507598646,1,5
2.1,274.1010366634311,209000.44226755836,-131.4257715010326,208214.88215161196,-111.37124826630368,208661.10716308007,-118.47557905245834,575.5452906138748,-72.12248008498653,581.1959068946722,119.5408186814461,573.712598350152,59.97819031546499,0.0002836148993743727,1,5
2.1333333333,49.8410072737954,209597.22708701892,64.71036489835477,207145.6573758806,67.24140851929097,209257.4103111397,1.6756660882957597,580.2294255985522,91.69190106677951,573.2417464173741,37.45423213960474,572.9284891395994,59.970221698461906,0.0010193324334919394,1,5
2.1666666667,67.42785134639716,208865.2362642477,16.398412776814244,209227.02442642488,137.92360889655913,209462.7736336999,-69.39473309733502,575.3448816118536,125.2742601009716,577.4328014082622,179.9577951090653,576.926685497348,59.95421309559655,-4.1503900337366576e-05,1,5
2.2,38.761402255302684,209151.31384505978,154.66237195381166,210184.4475558369,-35.38911014355993,208916.25840799432,114.66812951875386,572.9194742382915,51.55190528909272,570.9829804888284,105.6683291206513,576.3536293876066,59.96524993681856,0.0006085963753220926,1,5
2.2333333333,4.38124936096362,208609.03417156218,66.24195206999322,208786.64441423243,7.6251854574216535,209540.36891744146,35.12707506039282,575.9876407979633,151.67206083314457,575.007633033295,-38.88506958735233,580.2197081852706,59.978979360701054,-0.00028505574310085693,1,5
2.2666666667,-70.42041046524146,210401.84879604913,118.60425815411918,209013.8213912407,-1.9739409069035323,208448.5819709452,-54.07183738801249,576.5760559162154,104.75625532519847,567.5156543156108,-47.09698758112013,572.0422742218855,59.963766342939365,-0.0018183445383604788,1,5
2.3,73.38312720331005,206949.6373225981,-42.77802294477117,207051.11755727313,130.7907384806361,208880.03522692743,21.90378501058136,578.2738900060921,78.95068868321268,575.4984461667609,58.94965975545915,577.2185269289489,59.96831939909337,0.000227171137455033,1,5
2.3333333333,-48.50748990492099,209352.66229043558,-173.40484599641306,208779.5981790404,0.36881751912534755,206909.06516422724,-233.02500225116384,573.7651964247009,310.95028949564556,576.5601483088127,-16.883277731602753,575.8048007720207,59.974776674911254,0.0012702825435360607,1,5
2.3666666667,125.19459715438765,208509.32828544304,-239.6936959675554,209188.04441645215,-16.799891692989476,209549.0164666597,42.627691023695114,576.6327604227408,-67.9022165185797,577.771385541493,50.42732223222809,570.700197205977,59.96823360024742,0.0004250449327379375,1,5
2.4,141.33842348539713,207134.5255774735,31.87645949075924,209096.5526515871,64.30990417348983,208087.2115249824,-166.45590123736523,574.2355588571224,-145.9245815987301,571.1764060252347,-207.77218621192728,573.5689786070615,59.95235455954178,0.00030206163677164806,1,5
2.4333333333,150.3209558358101,209143.70264588104,174.6141119499322,210798.502746605,-232.27807792942087,209975.40371661237,-16.621280188172854,574.1257852433215,-124.60450750719872,573.0988927434544,22.417465055674853,576.8533610770472,59.965787111192164,0.0009141440837505473,1,5
2.4666666667,-109.54951608104537,209518.88468131563,118.8036088586815,208418.22134295502,159.23460134104846,207021.19262181447,66.25997720707124,579.1988151639588,-91.43624998925527,579.0018112556759,-8.194689975359037,571.0028837439809,59.97131067634481,0.000740247189759478,1,5
2.5,51.244011702909724,209526.1025714239,0.5826809920455238,208919.96854443464,227.51335558827262,208360.4380135024,16.34147079380923,576.7564583162015,-115.04404768351746,576.1890057306833,101.08211929448096,575.446752372288,59.98020023582805,0.0013384505057019176,1,5
2.5333333333,-77.0331432996547,207703.18602987847,13.561858730835315,209107.4544612465,69.1137769335299,208376.19820481254,-225.71560227208147,578.8110494471879,-25.27673595221414,571.3932594030149,-114.58852023090652,573.3346829682457,59.964505070797465,1.173569494204459e-05,1,5
2.5666666667,-126.08192323208559,208976.08936738997,171.9907946123823,206863.98605541774,61.85205459591178,207394.28181359996,-147.3545721367966,576.9834391519121,99.81286268698958,574.0748672531648,10.59935055539589,576.2323709691475,59.97023799549264,0.00037889720745891685,1,5
2.6,-25.45631006653863,209889.63180720282,-51.0370224336229,208020.62761621826,-120.69263280056275,207076.12797934684,-30.56250874428737,576.216993169012,-99.0464015791954,572.0934648563275,5.431947673541388,576.7477400945987,59.96578051963453,-0.0006165469387351236,1,5
2.6333333333,159.3323273602866,207861.5821021609,4.7450881386435135,208050.68274469144,210.7693341668215,207537.7239021097,83.27203567853591,572.8676148176338,45.191933126215,577.7004954070233,39.31899525567543,579.7529080585145,59.95651650009988,-0.001132211178885937,1,5
2.6666666667,257.9214700547107,209109.93519298045,85.93876373767218,209640.4800776096,179.48695765727106,210579.81377447493,82.59307344400914,574.0486446281813,-9.68968637808185,579.1105022870892,1.662284724046354,572.7517749456831,59.966121918594894,-0.0010585579164103613,1,5
2.7,-76.88620740331167,207268.05222877543,-96.61760218181644,207038.80707878806,-16.858386183688445,208367.65811765054,-176.5380776716648,576.3153808881275,-38.26927621689806,572.3444032073821,26.90164786987733,573.7448082538862,59.98627855904491,-0.0006698434571819448,1,5
2.7333333333,-131.73811003804383,207157.59832934375,-63.90384592156812,207518.2366367059,53.742985082915204,207972.87983229652,59.37123603736337,572.1676929090862,-63.535761634844626,574.3751993483927,20.02190727894105,577.5652802876745,59.95710752230835,0.00025866177944007746,1,5
2.7666666667,-22.570235629830076,208053.58786544687,41.81482343686293,207823.99093649338,118.4571822759523,208662.94635869254,-17.38697326019073,573.3562550425441,-72.68931161124956,573.9331969291815,-80.72774504113205,571.739784308003,59.96796833787134,0.00015349410851737922,1,5
2.8,-8.990824430425743,208567.151875472,139.53329477354904,208776.2780610033,2.231935039671071,208941.1571666873,-53.515043371968254,574.7959064477732,-38.772942422901,578.8886685706929,33.39676909077299,574.4800438863311,59.9678997662139,0.00013042106002117377,1,5
2.8333333333,81.37225175002861,209010.69000352375,-20.525661582776504,207885.4278420715,-152.64417526992983,208204.6949284742,48.74578218443071,576.8065052783948,57.69263874973483,572.8656214889122,50.57703301438323,575.5514601471086,59.97327710513559,0.001103032201168546,1,5
2.8666666667,-30.67101512666094,207218.07254897902,220.1592163560591,207151.81474423528,1.501026850216352,209475.49675231837,190.74113125215953,577.4440565607662,-79.5524169992031,580.4721306482502,196.1522500550139,576.4831808825411,59.974606040221055,0.0003064945553201595,1,5
2.9,-103.98049903527162,208280.4553815279,-37.37006341399232,207489.8411816574,-56.453027485806096,208377.8955655538,79.74704316023673,574.8678304425727,-119.19840684566478,573.8549677540741,-5.228550418554562,574.4060375546402,59.968661492390396,0.0005906664209334635,1,5
2.9333333333,120.7243941446637,206568.66474149065,-159.56966417777048,208299.69730549067,178.33713452853215,209643.1658326349,-55.2923991493441,573.4690332290061,128.68180274950547,578.4453639039332,-17.768949465357323,573.0548577041493,59.96530303684651,0.001397002338408123,1,5
2.9666666667,46.076089113569964,208971.09503591346,107.3324417399306,209463.51868023368,120.60246895358428,208884.98301449616,86.99755132900029,575.1548470538044,-11.43399287347553,577.2148392511837,-29.558866795689074,573.0375670553308,59.964390326626535,-0.0006982319306985063,1,5
3.0,33.44412366221601,207779.9635615102,132.65211176451683,208577.9557014069,-153.22161170249768,209603.65153808557,-27.700288468248303,578.4412921609427,-104.34029551706017,577.5065350654451,73.2107893715434,575.4990302380504,59.97552236211047,0.0006155213949108765,1,5
3.0333333333,-14.380655846945785,208241.80186352707,-45.65519827839854,208861.1475541541,56.49707356434742,210022.74074862976,121.59529934025883,572.285305681813,2.670776206002028,576.6287077647107,-92.58887797996705,577.8291410241975,59.967597647219584,-0.0007441725593557249,1,5
3.0666666667,-148.31477714131975,207287.49673580355,94.26800191738907,208475.73309119817,-22.707276738639624,207351.02936152718,-4.345516252310502,571.7980022407196,-239.0220689148633,573.6189159183147,-118.72737249017293,576.6566199420841,59.98834219216992,0.00039778725912234324,1,5
3.1,191.88386532806553,208639.58993015817,22.145947698345104,207310.0611463152,41.20624684209867,207982.29296632277,39.36168846392049,572.5825962027711,-51.663312754083286,582.7530982304223,-11.386693025683293,570.9602345146084,59.9637929091075,0.00039326000433150205,1,5
3.1333333333,-147.0636349352197,210163.67811289776,116.6197122428526,208688.61766772316,-108.46246021571032,209281.69075442315,-47.64115858422361,574.9090345158502,70.35938423257183,579.3947796094939,82.12402146203627,578.4875089397533,59.957128935464524,-0.0009087450743772531,1,5
3.1666666667,-151.13647801970131,209650.2050348848,29.834774356124566,209922.3413778067,133.30313176647152,207114.94191729178,-50.37130313659225,578.7272657328597,-154.8606998629987,577.3368508723025,19.73872693415012,577.7276897939771,59.96579021905986,-0.001519292414109307,1,5
3.2,-105.44714731796195,207885.88807087738,69.8145883059645,209278.50249297722,168.48115765506145,208281.67191636347,-121.54298893120905,575.7854802048929,-72.9946969797531,576.7267817036062,45.02160246175623,576.2217643665857,59.980412064739426,0.000515943438844126,1,5
3.2333333333,-74.30932275983058,209117.60194194922,-44.171075069412346,208261.2243140728,-47.217907135366005,207707.5281556647,-215.08850453233362,576.7568673770189,8.842856839978765,574.3305091053512,-59.46429160874236,575.9951023491917,59.96663987882675,-8.166262570643998e-05,1,5
3.2666666667,-155.98668841497158,208810.71252026278,-78.40474212677385,208342.45403186453,-10.839830972972052,209240.54741499852,98.0386719759685,577.8727002375762,-159.5776221006534,573.7603256924813,-120.81891655529202,570.3645305068466,59.975093435565334,0.00026073552363110175,1,5
3.3,39.545250390487034,208824.63620808185,12.1242553948235,207403.3728193965,-82.64498996733829,209554.6848475657,75.71248306679125,574.8878527659543,-109.9238294823718,578.9388619570743,-77.22273500682114,574.8828685346048,59.97117474694446,-0.0008012268025330273,1,5
3.3333333333,52.85531953339452,208984.76139437518,-200.0090062813695,207258.07740149114,-64.36519117503703,208347.54210989043,-18.371748383357023,574.0340335574606,101.47835165395247,576.0735757907227,48.49064796973616,571.9253897624616,59.962293202801796,0.0007505042172038216,1,5
3.3666666667,-270.1384295581201,207656.02523657563,-41.01985664489643,209500.01620587506,-124.12414417018861,207335.7556515128,-127.47200611265437,572.6841603649585,-183.680069896815,577.2494853547064,-20.27237617386135,580.2739330150534,59.95907536407523,0.000675684978937197,1,5
3.4,-65.31717850075663,207893.75176860532,62.9602095088612,207835.89479695528,54.663666817872326,208803.82400494374,62.867506849749525,575.39495181431,-3.9189660283898653,577.857583607539,43.95714113934497,578.395550951519,59.98179420940977,-0.0016096256970487327,1,5
3.4333333333,-255.74079525264145,209137.4893434515,-191.40634325428752,209377.30549093976,-77.01310977372277,209612.78162924843,47.17504214846392,576.3348034700166,-32.55361251565808,578.6865504883025,57.65674527402231,576.1316258947536,59.948763474623384,-0.0002141236021899192,1,5
3.4666666667,-131.91340279689206,210090.60985059128,47.99889770494524,209130.75020733455,-32.40185960591521,208940.34804904694,84.29937600170844,570.9277734620795,-164.0688718568757,575.0414427398728,61.19297732425005,570.9409623936367,59.98630304880118,-9.890002280819098e-05,1,5
3.5,-132.36035170349953,209051.92768953484,-49.07954276949207,209412.54604133763,197.06470747687908,209167.73075432426,-46.700834568637994,577.5836953319107,-66.80533597180008,576.045027124524,47.75637688422559,578.0337711185298,59.96348199368377,0.0004093409547273415,1,5
3.5333333333,8.683812103820452,207409.71885081203,20.454827797216897,207449.24827242745,-16.001142664490615,207754.95568654945,202.9744810621739,579.9901820452695,-99.36453638560035,580.1998170224879,94.99950152314918,577.674356455662,59.987432888688964,-0.0003513006436170216,1,5
3.5666666667,3.105864335404454,208757.79248319232,119.89584102922402,208233.98110606012,-198.1969543671296,208852.3649931958,-17.98956416892557,576.90557205595,-63.59582254159866,571.8104460219181,-61.96283722056009,577.1008599738994,59.97767911870915,-1.56144414511634e-05,1,5
3.6,40.4565005499221,208399.85216800994,-6.642305040552839,208850.76703375438,-141.99179886747856,208214.98282769203,141.31048621972894,576.7805826147608,-47.97197910341399,576.0200274631351,-153.98606396832557,574.0241607138458,59.96266279760406,0.0009330445715116186,1,0
3.6333333333,-78.4191007733906,208458.59525977896,34.570862094374334,206863.2306216147,95.93882141559297,208159.8410872164,-4.300353302559606,573.964018394879,-28.036862913365113,573.7088068074821,34.58728998157349,573.759219798056,59.965646466141706,0.0004902907221995169,1,0
3.6666666667,11.042192713777627,209309.11977863676,65.11146998878682,209100.6079639749,92.83581524322778,209435.30682672994,62.63370093830762,575.5521738877907,86.23279861928401,577.8723413009849,13.595917451165187,577.8567377339416,59.955612429418274,0.00014601130201507547,1,0
3.7,37.55732090454119,210063.09777499773,42.32159089040834,207146.90232972847,-61.24418676266626,209155.53066732045,-115.39537393697896,574.3939791699175,-7.632968635664492,576.3531248655428,-57.783712397725864,574.8092746631347,59.97409458172042,0.00014353955982440624,1,0
3.7333333333,112.86128458324315,207635.71339069336,-94.67214398563057,207927.32324444523,-164.76022851306237,208059.1330026281,85.70065151504538,577.3810200629906,-95.15094583554861,573.853340437185,-32.71963180169469,574.2178745232634,59.96935167341636,0.0015322737943553283,1,0
3.7666666667,-53.41375037118606,208069.88441600293,-34.10786023667873,208054.69682688787,-35.91677261996407,208679.35759111278,-137.83495799074265,572.0508170930714,174.03510960820333,572.9704858831091,11.05461181876716,572.8978692065517,59.96585932772336,-0.0005325997879585566,1,0
3.8,2.0948004533542894,209106.6744087329,79.58646331195665,209297.02759252564,28.721822916057228,208156.4779924774,54.10130789306078,571.8169228703214,-58.71827356924912,574.9170426389954,-25.654695498493822,570.9323652139223,59.955670674760434,-0.0018074164586626127,1,0
3.8333333333,131.14694703714795,208547.034832656,195.21281943840455,209200.5141435226,-199.78459007676707,208540.4818121816,55.969856913389016,574.8580029537775,-48.981636229003556,575.4753597396347,9.517885270752886,575.1517972970619,59.98216521494117,-0.0008194820322923754,1,0
3.8666666667,201.4944442268705,210460.58498674413,71.25130204962213,209177.81713689494,-67.69085660478127,208395.70239544963,-30.120524145465474,571.0867076715338,-2.8902372839613943,575.2510072857427,91.46122948769008,573.8685819578225,59.98109621102716,0.0018707523236947382,1,0
3.9,-10.888177179294916,206866.338060144,116.4814818282475,209397.9271848731,-0.6431773892312826,208342.39571986982,-1.3837616637008656,569.0461061009992,-186.86304096226496,572.9279799670658,67.75935326270408,576.2590708913218,59.97949321576208,0.0007448374500796405,1,0
3.9333333333,-272.15876834259024,209187.50582858396,-66.85747278706724,208299.69747925294,-105.3043508901843,208804.55292134924,-13.872386182275111,573.3052207705662,185.82438597020936,576.3955455673087,-10.464520850452768,571.2121922278633,59.95969744572088,-0.0005758941318623525,1,0
3.9666666667,71.04196792561682,207816.11367699597,166.03002820748586,208642.50063840384,-66.74762919389697,208991.08810461342,-140.97228674357825,580.036808141316,-50.72486571181192,574.3943004619838,1.093589174822574,570.327150025349,59.95807841830562,0.0013988433413333107,1,0
4.0,-40.60576634422248,209406.12309589706,-85.40574986368055,208665.70439034837,109.18543201564837,210184.64496638926,-44.709338236395,570.6418246787603,42.83086652610871,574.6176801118908,-165.3287325471322,574.7002924945691,59.97720802773154,0.0005425404558028416,1,0
4.0333333333,91.58648868941246,207539.2805797018,279.43786898629816,207849.47613685465,-52.11249551562156,207466.0588551839,-31.35937603373697,573.9750043869087,50.03809599753816,571.8598419940221,275.5132802700906,573.4817866896078,59.969023243381464,0.00022902089363419372,1,0
4.0666666667,222.87509915875359,209239.9342488521,-115.30253880223965,209224.6643648667,-185.8288998440683,207558.66110630086,-63.386860770502345,575.8941448369831,-47.65301068845402,573.5784642021483,-57.83693468793,575.6550074428282,59.97036032321604,0.00154044535826849,1,0
4.1,223.56138881967365,208305.5753392415,8.660739879739603,209002.7278292844,13.774656925133566,210062.55589970964,107.3030248830086,571.7551874096357,-45.36266827186626,577.2122813500423,46.33906558751782,576.771508135334,59.95910114891157,0.00018229802320277874,1,0
4.1333333333,180.85909196438845,208130.29814666903,52.830042207494145,208346.93797208345,-79.58234434979602,209350.3275584574,-6.8404003594621585,576.319963212415,40.84250319050303,575.0583401736807,37.5803149552667,574.9985388621172,59.97029993779311,-0.0017933030560499327,1,0
4.1666666667,52.72399890627023,209468.82472441785,188.58697294300995,209065.4735193954,-146.7611225858505,210361.34283579557,13.271587544461331,575.2966021124327,-55.44089395780898,572.5086671405221,87.22881099308465,578.3053043505857,59.9811113772434,0.00013375271164745874,1,0
4.2,133.55450572085732,208196.43826713372,44.20535289518555,209233.83170332972,33.88562699093042,209027.88898414728,-59.65109550830911,576.1829609158609,-39.47326827936091,576.2840358265286,124.85032374849017,574.5514125080635,59.97547452393923,-0.00034337574978443277,1,0
4.2333333333,55.756310706181154,208508.16843076423,33.932013969603545,208862.17693554363,-19.88795422735489,209006.87408813657,101.8792004562042,573.1362335408699,-148.39113120378542,569.3261653486502,127.5154024122446,575.1986119271652,59.95226547383835,0.0003195323855573816,1,0
4.2666666667,-86.4351668758833,207783.8936510601,172.93347733633058,208990.51724235137,341.704408677828,209426.2380143966,-176.8968613531529,571.1448837078805,70.7131812906857,575.2958689654639,-20.0503222310837,570.5799092440443,59.96046620706379,-0.00023060398158854297,1,0
4.3,-131.26358770617034,208868.418649351,-92.76909500845082,209144.0535046024,-233.29706860560879,208367.70984364627,-167.14632283511804,574.8936620071161,33.49972611396808,578.1126746071526,15.429735962958008,570.6738785220198,59.97286722278685,0.0005279100707485505,1,0
4.3333333333,27.54101064933421,208095.63769400973,9.295542031017224,209629.2655794601,66.59622400359339,210215.31330922697,-257.21833494586167,574.854716791539,178.46545744569946,573.7289718165542,-90.8496790419891,575.6583090880135,59.99089482696763,-0.0002847089522936546,1,0
4.3666666667,194.16759506317555,208738.17198930294,-130.12230315878438,210302.17541498458,-55.690339566445125,209743.36484378585,52.852340683481756,578.1065857282258,-37.89564003919268,575.0093572612449,-0.201174333583495,578.0895926403209,59.965743673430104,0.0015289323071079183,1,0
4.4,-18.78864306007932,210779.69776572078,32.45801474840926,209766.67781676454,-31.832119772012074,209600.46292502052,-28.276563287161608,581.1149946710016,64.37723720701773,574.2458456055865,123.50010551963385,572.2455134275673,59.96250701212,0.00047123965998433826,1,0
4.4333333333,7.089268389862854,207933.16379425745,-43.83137280955266,209860.75847420082,89.2028421096313,209370.28572074257,-84.88145605283384,577.3799442943448,111.83770391855124,577.4593781886072,-94.1065874430623,577.3630427414492,59.97375423337815,0.0010031244656052043,1,0
4.4666666667,46.543040277692775,207111.7346971244,61.90622735188428,209919.84868051793,-179.78960508393604,210561.68000383177,-120.66460775437274,577.824810073544,-8.394255927324014,575.9708138269168,106.20047208954495,574.0250962114173,59.95873921483918,0.00018259433617376402,1,0
4.5,-167.2138281300357,210266.54375155785,76.04165170143641,209125.68995392375,-36.07927912047765,207415.1648027004,8.66751787392497,576.132196558127,93.37449930603422,575.0831381308885,0.5688571681513581,577.8237419904863,59.967272828411005,-0.0011810655452165876,1,0
4.5333333333,77.65266542326356,207263.44701223038,-18.441004962528414,208476.71403883764,-145.36424482243115,208542.5935505647,8.758136183120067,578.4249685044047,-44.04526739877404,570.7672118419006,35.619012215116484,574.2740998290418,59.98080001089021,-0.0003282552903320804,1,0
4.5666666667,304.5775119754795,209773.41543371556,-56.51627861691131,206393.31917245078,167.06187590219503,207442.97256596966,-59.79320828755699,575.3152509322756,2.810530087132243,573.6692002342869,-225.7903185690843,574.1647541807539,59.9640214706885,-0.00027078564260404057,1,0
4.6,81.60324853428172,209148.22252279555,9.527397061305493,208523.20926821683,109.89207703776776,208120.05444626187,-213.0169360984488,574.4818468406653,-89.94179829887732,576.7309570321601,23.675771691925902,577.8205389103292,59.956104946163244,-0.000882520042428579,1,0
4.6333333333,-76.04891199396977,209381.90319350487,-77.84939879273921,208167.8087015384,29.149482282456635,209877.8802450199,58.92931344494905,580.0384298849318,248.89224310416918,576.1950685832794,-70.4011869778226,579.6177884044083,59.986030050680554,-0.00017664135243416793,1,0
4.6666666667,159.2734285407509,208925.99987637976,85.10478261009541,207922.7567585711,108.43099626824639,208524.08890079564,29.915446816537973,576.0077322972372,-12.167666403241862,574.8739789861144,54.478819460704855,576.9512439888622,59.96488037973772,0.0007280456917026806,1,0
4.7,59.37296841769392,208231.1259645661,53.61065403288386,208910.80283450015,97.91162883846808,209109.94034124853,169.9813986941878,571.4889230967541,65.84793200225756,575.1946934829514,90.7616822083987,577.1986043239847,59.968721203555084,0.0006238224306468643,1,0
4.7333333333,-63.2912042916306,207983.07263170852,45.1398914945619,210096.99588289738,-115.74257049581037,208558.4894137826,113.0969451596629,578.4677401320638,-50.478084585385304,578.7118374752454,-11.255754590650966,574.718654865567,59.95588659239855,-0.0010874083533238834,1,0
4.7666666667,0.2284500008295136,208413.96924376328,27.020053204278472,208462.99745053786,136.6061237370401,208290.2771246208,-43.61037379483802,576.6575445184933,-10.54608917642941,575.7181423320794,-117.71335509546982,574.4928227920508,59.96736811978872,0.00012749041178924706,1,0
4.8,-110.12603763472558,207449.05358298298,83.03413103285966,208818.14488805895,-185.76929128727235,209101.18405026972,137.1203925979509,571.8113142079387,-65.2684980980092,574.6806040370805,-0.6803302012784922,574.6033294537153,59.97410674465109,0.0003524188497776998,1,0
4.8333333333,-83.29020387667629,207880.5635300469,154.34283771973276,208207.5083292278,-22.751631421895038,207854.10888576414,19.715045066037447,576.7531934132279,46.76914172255015,574.3878297993655,-153.79877028191262,571.2890327965584,59.970120171178884,0.000621425452122237,1,0
4.8666666667,-156.07303374327387,208902.32253874477,226.67829497241593,207403.55537734943,49.506678217128574,208431.63433761703,-142.18496332318043,572.8395117358073,-60.90538085316825,575.3541649290144,75.11816985632558,576.1818926373568,59.952603481600256,0.0005936832607034883,1,0
4.9,-118.00767177212535,208226.8585568384,81.61271807807245,208460.63104224647,35.15206489442107,208209.70113713483,-22.79717603112271,573.0663518242479,23.755544286311306,569.9505798205902,94.75121427334217,575.8138529700412,59.94920854184395,-0.0011305170338672614,1,0
4.9333333333,-32.430291778127604,207810.81258250313,-78.08432356003816,210074.73661012846,-60.3994038722491,209331.35311083897,-32.15303090982744,582.1622162157352,-115.92088112111328,578.0607890581744,9.739609053844651,574.1417886384481,59.97035097722318,-0.001456995913283553,1,0
4.9666666667,-126.56413083972026,208321.76960732666,4.187427681746975,208301.91099413586,64.02797492557241,207240.60203015705,56.004055398669344,574.7478923913972,-41.59002608501029,576.59414789948,-42.50403656470053,572.2323851087027,59.96896390571459,-0.0004491880665052588,1,0
5.0,-56.29653746133481,208979.50667110726,179.52296074306108,207959.04537213943,-117.41728762700859,207553.7302654969,19.552361361247016,573.5249463808635,-128.82400998584038,568.3477810707354,-6.681151747213509,571.4854719017272,59.97563528796041,0.000994183451900633,1,0
5.0333333333,90.35229523402472,208131.23928975713,45.77148201843556,208514.61013540375,-193.0124119503743,207965.10187736046,-146.739426731594,570.3900539014506,45.77757016987583,577.6397106920426,-129.7206359360505,577.2595967047964,59.9633562779846,3.2054379065711005e-05,1,0
5.0666666667,114.69818862814876,208534.6796063713,-165.02493251027093,208385.99271194605,24.877044979565174,210586.52692919946,102.06614183454762,577.0084651630525,-47.46279904365546,577.4371052536455,107.09538589812921,575.3848674054235,59.96942681596226,0.0006766811684145024,1,0
5.1,-157.89285392100453,207188.39062382467,-76.90790356253272,207472.7644968906,-107.67797216381395,209869.00929789498,-202.47026937579875,572.4430287853314,-141.46468693160367,577.0660575823944,29.034225512415478,570.613961623195,59.966913712130584,0.0015450579109936226,1,0
5.1333333333,90.13085205311552,208853.13926519724,198.17817487687572,209331.20963820937,-68.91345112115923,207927.39831272262,-24.02701933465858,573.2371792777478,-141.95152869948933,576.6219662826037,111.45619143781389,573.2427231018545,59.987964959801594,0.0016140283354912496,1,0
5.1666666667,71.73988440496464,207099.7890827905,-77.37204152606492,207885.02401301992,94.5741832101527,208725.44057237814,48.29355409605926,577.0352407983598,211.8740480559916,575.1209228004203,40.99443737115034,576.9829451650744,59.9617413161111,-0.0009167439184718161,1,0
5.2,-45.432107675693516,208780.11458461583,-4.460436222984826,210982.78808032247,111.47265202937798,209465.90733748683,171.8363676941349,571.7829430054184,67.27537304190248,576.1491370509156,75.94904708275283,579.0555013758252,59.954777525994665,0.0004767348354718045,1,0
5.2333333333,31.42246914329345,208647.6325789015,100.2598452146724,208629.0628049267,159.61491144639746,207300.7794073691,25.565277394664236,576.217081122158,-100.51889586671501,570.7106211974057,-111.90478981670043,571.6210120476749,59.96698064080655,9.73544967017754e-05,1,0
5.2666666667,72.3288585158508,208469.30730714786,46.15761882411432,207342.0692614287,114.73291684711417,207387.5979174767,-75.08041931379431,577.5952191551589,158.23794515840282,571.5500398009868,126.63188929605312,577.7777018697691,59.9683905262967,5.736557138010618e-05,1,0
5.3,38.99819475403528,208170.90820106817,193.51811854716135,207765.257382129,-78.52447628604534,208018.42145121843,-32.95218070231113,573.8522055932445,168.65445822430257,575.3104647092903,95.82832944340176,577.164042563813,59.972612440114034,-0.00023433200269297423,1,0
5.3333333333,215.43938916666198,208954.56495309484,-53.842686778267534,207804.15285741075,-131.49790658356065,207597.5758862568,4.23809566701255,577.2100433608498,-29.760292446594942,571.9601279282956,31.625080585354553,578.3233644230037,59.95970945793536,-0.0014526440149354681,1,0
5.3666666667,-48.27639072061923,209418.5136100045,99.14493512012709,206939.3602477086,6.668986208582386,209611.61673389777,-68.27385526752566,579.6832139818017,-140.1058876769863,578.8082797258055,12.95029113175945,578.9885531971006,59.978090241174925,0.0003571336464948662,1,0
5.4,-53.964691798800246,209430.73460067253,19.177502935169212,208273.98973673518,121.34853018204068,209818.2942503256,-122.79766651335595,574.1145264828001,66.89415755857658,577.4705320966666,-28.373452818438462,570.5932232313721,59.97224352314425,-0.0005195901327614513,1,0
5.4333333333,-79.86445424454412,209587.32723283843,67.92481273459934,207421.70988967537,44.397786994345665,208987.1257336956,37.03266353429931,575.3439160944229,123.20935032833785,577.3270974586163,-35.59532407585306,572.9564278952103,59.97360082613233,-0.00047400736888370264,1,0
5.4666666667,-174.93534167393102,207678.52428995082,58.49493813331687,209156.51441169277,-195.37364464994215,208977.45713238665,-136.72561038416237,573.7491104917158,-133.29566374368224,576.7616556637512,135.6060966055922,572.766664502473,59.95875586146167,0.0009349251971144893,1,0
5.5,-56.08911823525181,208829.0160543904,140.41327196283743,207676.37946883164,-82.54013417131924,208627.89929443665,154.70092799101664,575.2347782831013,189.2564411969936,572.4362798455394,-79.43525122607548,572.5618727632074,59.98783424196939,0.0015395333111516527,1,0
5.5333333333,156.81908928252713,208684.14606511442,-168.22741119121682,209455.53169573084,51.9707027614487,208552.77362336603,-84.98259025786842,578.2017574355706,48.6372173405733,575.962982795489,-49.41198916302014,574.3093015949587,59.986752572254936,2.8476534002125938e-05,1,0
5.5666666667,124.92330153198925,208944.8717099218,-118.39869327390572,208730.93804761054,17.875734539411322,210305.66929692397,29.83383279220326,577.958869179875,38.618891601900636,577.9662718005912,192.62034980612327,574.2219050529128,59.976983609184295,0.002059782594833528,1,0
5.6,-156.26551094891818,208706.36126579452,38.360565893159865,210208.44602176445,-64.09347076464925,207774.92477063707,-135.43882384865768,576.7813604995748,93.05306148963506,575.5749992282277,-93.02826439201075,575.7881334981003,59.98111492593242,-0.0006274162692814595,1,0
5.6333333333,-48.107710943728236,208589.66304468983,16.76351510392624,208713.69759379048,-48.617305247100326,206501.3717649065,190.67900319773304,573.010922482594,-116.99746080676633,573.9203984614617,-0.7737778339180128,577.4638625879222,59.971001169979004,0.0005904914284990287,1,0
5.6666666667,71.15793842223842,207937.6645419357,-16.683186018864713,207294.25367070347,-146.60921944244248,208630.36038867763,-30.796376935085206,572.4301603274635,41.93363623202707,575.3109153069101,155.74211101577376,569.7861125347645,59.954287265998616,-0.0003938090692214189,1,0
5.7,-126.95641775527159,208290.77652331002,-74.37879703700182,209490.24880619568,71.64458081732657,208368.1656389017,66.87312744483337,577.2388585092287,246.65395601743984,577.6716976139105,-136.8138633757242,572.0189718380182,59.950873592155794,-0.001301286013651094,1,0
5.7333333333,-143.35836012214094,209010.48842482263,-72.84625408601225,207553.56367559909,41.83084778092326,208952.84107302796,31.0381632664321,572.6375186815627,16.144351001394593,574.4008307989311,40.253888312273546,572.3891296987798,59.982152099868976,0.0005135261839365684,1,0
5.7666666667,2.372898332962981,207736.00918526447,2.311832617991106,210259.12912522908,-59.29743881272101,209654.88793292284,66.1282111968686,576.6478367220972,124.38309932109404,574.7176341800463,31.721965578383863,576.860604649209,59.96800796687411,0.001207632938549143,1,0
5.8,12.708520628040489,207509.0521474791,-29.73426826271264,208451.9872763135,36.0470144404639,208277.81043555474,-69.86744224201443,575.779450524699,-14.000022648200074,576.9360191321668,111.34693216163224,577.1904176043088,59.97369396425162,-0.00017059343837094547,1,0
5.8333333333,-54.3264325737558,207823.28937676022,-88.89012970744295,208829.7543331686,-123.34907935958853,208745.92425940072,36.636549988164084,574.5121818315819,202.3988311447918,573.7009916861008,106.10583796769548,574.0416535231266,59.95602087680349,0.0014745267522952208,1,0
5.8666666667,13.779902631550222,208516.0397206479,-0.3793096178937603,207792.40894599177,19.905346017664893,207326.9303080006,99.71241561111384,580.1033891619364,-49.18375912076236,577.6594712569612,184.81382272592978,571.2649783028662,59.978987006574776,-8.617770647537195e-05,1,0
5.9,130.3858471445226,208567.93926920192,-85.8872176118369,209767.2913173998,-80.88494951591944,208270.1500356849,-24.55771632080529,574.8915433298338,88.9665498389931,571.8490438324208,3.1621926065560655,577.1356531840511,59.972454185789424,-0.0001254092487641565,1,0
5.9333333333,-90.30158135816055,208163.487994307,-85.66871936308526,207021.9999012107,130.8435742838142,208122.85167920313,-35.768586344141674,573.0432428862413,-69.35425084184692,576.0480866068282,-58.415882899264304,568.3691538000741,59.96339634233505,0.0017071115881840692,1,0
5.9666666667,69.18174039204608,210586.42408842436,2.787749503586433,208834.80150373126,-123.18574265048153,209606.11550480837,51.11255393503145,578.2303807519179,0.9332322820128438,574.1707930313926,-39.651789937914856,576.5539521794113,59.97335538191173,0.00038970598481246856,1,0
