configuration,pmu_mask,horizon_frames,horizon_seconds,state_dimension,rank_tol_1e-6,rank_tol_1e-8,rank_tol_1e-10,min_singular_value,condition_number,functional_residual_global,functional_residual_per_bus
VI_ONLY,all,0,0.0,220,18,18,18,5.333195905543923e-18,1.1011542235236846e+19,0.26664935576002446,"{""1"": 4.805796144176071e-15, ""11"": 2.0104220624207337e-15, ""12"": 2.0417150447076376e-15, ""13"": 2.048642607079739e-15, ""14"": 2.3411320847604023e-15, ""15"": 4.9998855666985565e-15, ""16"": 5.922304276562136e-15, ""17"": 4.150198876239343e-15, ""18"": 2.539624715606967e-15, ""20"": 0.5425462458129754, ""21"": 5.833182448897061e-15, ""23"": 1.5664368059812944e-14, ""24"": 8.212158099485366e-15, ""25"": 2.386193694793588e-15, ""26"": 1.5050419370200051e-15, ""27"": 2.7157048665547757e-15, ""28"": 1.1765439051908097e-15, ""3"": 2.5072670320065955e-15, ""30"": 1.1262822841501484e-14, ""31"": 4.014141553212234e-15, ""32"": 2.086620486706603e-15, ""33"": 0.24936971281020062, ""34"": 0.9620255856972482, ""35"": 2.1749596899117645e-14, ""36"": 2.7880962450021197e-14, ""37"": 6.748134837208623e-15, ""38"": 1.0449855057033571e-15, ""4"": 1.9367081942097805e-15, ""7"": 1.9906730693117744e-15, ""8"": 2.0038936713548324e-15, ""9"": 3.256148480847987e-15}"
VI_ONLY,all,1,0.03333333333333333,220,36,36,36,7.74672971653639e-18,1.0403591468905925e+19,0.21768378608616276,"{""1"": 3.815915195653698e-15, ""11"": 2.0134541684779836e-15, ""12"": 2.046400174460203e-15, ""13"": 2.0869804424931943e-15, ""14"": 2.687051577027934e-15, ""15"": 5.274800462213602e-15, ""16"": 5.992085208202299e-15, ""17"": 4.639643012616875e-15, ""18"": 3.3279955990575605e-15, ""20"": 0.44291695578552864, ""21"": 5.8745001593072455e-15, ""23"": 1.436635856663928e-14, ""24"": 7.943474308303928e-15, ""25"": 2.3186875856976116e-15, ""26"": 2.875579722599433e-15, ""27"": 3.652196492938811e-15, ""28"": 3.0442192574890724e-15, ""3"": 2.1945608946533865e-15, ""30"": 8.536919603000092e-15, ""31"": 4.290889831512724e-15, ""32"": 1.7301583632299062e-15, ""33"": 0.20357725247458336, ""34"": 0.7853661270226503, ""35"": 1.909385937845775e-14, ""36"": 2.5108505874635563e-14, ""37"": 5.428405368243361e-15, ""38"": 3.03182055179328e-15, ""4"": 2.2752709784528124e-15, ""7"": 2.027288966361152e-15, ""8"": 1.9777103753481285e-15, ""9"": 2.5647904159308294e-15}"
VI_ONLY,all,2,0.06666666666666667,220,53,54,54,1.2794535011447706e-19,7.938233908836898e+20,0.0760545379574037,"{""1"": 4.136858888795177e-15, ""11"": 1.664059137571585e-15, ""12"": 1.6723323196950543e-15, ""13"": 1.731586866437841e-15, ""14"": 2.1142154620628487e-15, ""15"": 4.37515146992485e-15, ""16"": 5.062021316933134e-15, ""17"": 3.76342976897208e-15, ""18"": 2.6231424146619903e-15, ""20"": 0.15474668569222103, ""21"": 4.9203803266619876e-15, ""23"": 1.2552114323918593e-14, ""24"": 6.780134837715885e-15, ""25"": 2.6043500518500585e-15, ""26"": 2.160182055846168e-15, ""27"": 2.8091373552936316e-15, ""28"": 1.8793442875303486e-15, ""3"": 2.1338913568917955e-15, ""30"": 8.853446637332438e-15, ""31"": 3.422949277800615e-15, ""32"": 1.6538334394488784e-15, ""33"": 0.07112598578868753, ""34"": 0.27439185523197857, ""35"": 1.7381739383080716e-14, ""36"": 2.2208371692293722e-14, ""37"": 5.968024507936053e-15, ""38"": 1.816539865575127e-15, ""4"": 1.8442779598055726e-15, ""7"": 1.7885983511446717e-15, ""8"": 1.8419810091526267e-15, ""9"": 3.1679385603887276e-15}"
VI_ONLY,all,3,0.1,220,68,72,72,3.844379091747103e-20,4.54686156263121e+21,0.029028908208436312,"{""1"": 3.956279953255551e-15, ""11"": 1.666402841353038e-15, ""12"": 1.6758836863925204e-15, ""13"": 1.71087360773516e-15, ""14"": 2.1811630794171974e-15, ""15"": 4.718604631416495e-15, ""16"": 5.493050049921518e-15, ""17"": 4.0374629121734e-15, ""18"": 2.871489632520095e-15, ""20"": 0.05906455361066295, ""21"": 5.217036766492016e-15, ""23"": 1.3853909961010959e-14, ""24"": 7.427022927950941e-15, ""25"": 3.681347492516299e-15, ""26"": 2.2092253251695422e-15, ""27"": 2.9058717170161314e-15, ""28"": 1.7270551991059802e-15, ""3"": 2.4627344721458556e-15, ""30"": 8.593736475093638e-15, ""31"": 3.321063853720217e-15, ""32"": 1.5633518866409408e-15, ""33"": 0.027147751707475225, ""34"": 0.10473137031129966, ""35"": 1.9632542830123396e-14, ""36"": 2.4728356855734672e-14, ""37"": 6.3678671834502445e-15, ""38"": 1.5397439463166934e-15, ""4"": 1.926474117407527e-15, ""7"": 1.7814338946259797e-15, ""8"": 1.795698610710286e-15, ""9"": 2.6942085203701883e-15}"
VI_ONLY,all,5,0.16666666666666666,220,81,91,102,2.779269976799841e-51,1.2758746848000524e+53,0.02478408013214785,"{""1"": 1.1378659660553745e-07, ""11"": 1.26817203386986e-07, ""12"": 1.2921080079421025e-07, ""13"": 1.3148554640643146e-07, ""14"": 1.7772222263163794e-07, ""15"": 2.823503616822823e-07, ""16"": 3.0190633043386627e-07, ""17"": 2.0557127360790895e-07, ""18"": 1.7929875590909154e-07, ""20"": 0.05042768428907502, ""21"": 2.858718311244725e-07, ""23"": 9.258369482653668e-07, ""24"": 4.344999106564455e-07, ""25"": 1.8621730953163059e-06, ""26"": 8.84369472118799e-07, ""27"": 5.547769002307665e-07, ""28"": 5.551321910665512e-07, ""3"": 1.564923496605521e-07, ""30"": 1.984930876572005e-06, ""31"": 1.80337706441442e-07, ""32"": 4.4195729762192596e-08, ""33"": 0.02317800092993076, ""34"": 0.08941675139412376, ""35"": 1.5173947739327443e-06, ""36"": 1.7457182712225013e-06, ""37"": 3.6527972342911014e-06, ""38"": 3.8612739382939915e-07, ""4"": 1.691441165029701e-07, ""7"": 1.4987420858845695e-07, ""8"": 1.4868140903710717e-07, ""9"": 9.810104931641624e-08}"
VI_ONLY,all,10,0.3333333333333333,220,87,101,114,0.0,inf,0.016645493482157575,"{""1"": 2.6482282240492847e-07, ""11"": 2.8069494675769586e-07, ""12"": 2.844593861331915e-07, ""13"": 2.88108893010387e-07, ""14"": 3.831435348638728e-07, ""15"": 6.027216115938982e-07, ""16"": 6.485143710708516e-07, ""17"": 5.149937895626755e-07, ""18"": 4.640887259434737e-07, ""20"": 0.0338682827734993, ""21"": 6.12332942140049e-07, ""23"": 1.9085643161800135e-06, ""24"": 9.140493300476685e-07, ""25"": 3.824729862059014e-06, ""26"": 1.840440454978464e-06, ""27"": 1.2028630606480166e-06, ""28"": 1.14880859534064e-06, ""3"": 3.954046576213729e-07, ""30"": 3.6899269765675083e-06, ""31"": 3.9520750147775257e-07, ""32"": 1.0912852587734746e-07, ""33"": 0.015566799328632313, ""34"": 0.060054119594622826, ""35"": 3.0796525144566916e-06, ""36"": 3.580282350796391e-06, ""37"": 7.2832988975995044e-06, ""38"": 7.947815749669353e-07, ""4"": 3.7624851311868007e-07, ""7"": 3.325302942195094e-07, ""8"": 3.3025854518357264e-07, ""9"": 2.241267990862029e-07}"
VI_ONLY,all,15,0.5,220,90,108,119,0.0,inf,0.016417860014441493,"{""1"": 1.841380378883549e-07, ""11"": 1.9048235978583778e-07, ""12"": 1.9372985323655515e-07, ""13"": 1.9697283377452823e-07, ""14"": 2.6717296314010357e-07, ""15"": 4.5297811458417185e-07, ""16"": 4.96757494876928e-07, ""17"": 3.43749261858041e-07, ""18"": 2.981584733506148e-07, ""20"": 0.0334050771802752, ""21"": 4.6965752375149213e-07, ""23"": 1.4345688057226496e-06, ""24"": 6.993198361318006e-07, ""25"": 2.1949917794810208e-06, ""26"": 1.0228983712072985e-06, ""27"": 6.429575956905235e-07, ""28"": 6.381394360278157e-07, ""3"": 2.4337647487830834e-07, ""30"": 2.192883080274531e-06, ""31"": 2.735528847953726e-07, ""32"": 7.502857261816985e-08, ""33"": 0.015353954796110335, ""34"": 0.059232842753763455, ""35"": 2.2756669362178564e-06, ""36"": 2.669375992282568e-06, ""37"": 4.235489332486488e-06, ""38"": 4.412479783753816e-07, ""4"": 2.531985912476529e-07, ""7"": 2.24068448406209e-07, ""8"": 2.2201954779755838e-07, ""9"": 1.5164281340895003e-07}"
VI_ONLY,all,30,1.0,220,102,118,128,0.0,inf,0.011571567290996605,"{""1"": 2.053404851541725e-07, ""11"": 2.148693925297049e-07, ""12"": 2.1919779675848256e-07, ""13"": 2.2335259328320243e-07, ""14"": 3.026596869333473e-07, ""15"": 4.898895707379316e-07, ""16"": 5.266661660909565e-07, ""17"": 3.081942704809951e-07, ""18"": 2.6312270996142683e-07, ""20"": 0.02354442671766568, ""21"": 4.975500761087143e-07, ""23"": 1.9428591809839505e-06, ""24"": 8.300149338251186e-07, ""25"": 4.465731252784807e-06, ""26"": 2.120213731237945e-06, ""27"": 1.3225273113107826e-06, ""28"": 1.3231770309275415e-06, ""3"": 2.587328123945931e-07, ""30"": 4.551446160778524e-06, ""31"": 2.8511833783201045e-07, ""32"": 7.57548494204357e-08, ""33"": 0.010821708068691623, ""34"": 0.04174824438859506, ""35"": 3.3371028217994955e-06, ""36"": 3.7488041096065874e-06, ""37"": 8.675451299164091e-06, ""38"": 9.151807894366923e-07, ""4"": 2.851503625940102e-07, ""7"": 2.5573019817025484e-07, ""8"": 2.5509102192055677e-07, ""9"": 1.7773979889133747e-07}"
VI_ONLY,all,60,2.0,220,111,129,136,0.0,inf,0.008071607368325547,"{""1"": 2.887721615226272e-07, ""11"": 2.2097267710526258e-07, ""12"": 2.2011234295345867e-07, ""13"": 2.1941589948344357e-07, ""14"": 2.713726605347838e-07, ""15"": 4.114319199487266e-07, ""16"": 4.5489257180089043e-07, ""17"": 4.2757516446031535e-07, ""18"": 3.8978841296305185e-07, ""20"": 0.01642312540924778, ""21"": 4.284590657749616e-07, ""23"": 1.3607806478117633e-06, ""24"": 6.339564665686421e-07, ""25"": 2.5446336378077583e-06, ""26"": 1.2901988808968826e-06, ""27"": 9.040773353525265e-07, ""28"": 8.085281742234609e-07, ""3"": 3.5900543769847496e-07, ""30"": 2.0159259440730673e-06, ""31"": 2.8070411553045943e-07, ""32"": 1.1567205567444869e-07, ""33"": 0.007548557577047142, ""34"": 0.029120982907592248, ""35"": 2.311952949950023e-06, ""36"": 2.6005808518030125e-06, ""37"": 4.647809661502055e-06, ""38"": 5.617361586434364e-07, ""4"": 2.8924789647038044e-07, ""7"": 2.653212179488622e-07, ""8"": 2.6675630773953905e-07, ""9"": 2.260903133999443e-07}"
VI_F_R_SYNTHETIC,all,0,0.0,220,18,18,18,5.333195905543923e-18,1.1011542235236846e+19,0.26664935576002446,"{""1"": 4.805796144176071e-15, ""11"": 2.0104220624207337e-15, ""12"": 2.0417150447076376e-15, ""13"": 2.048642607079739e-15, ""14"": 2.3411320847604023e-15, ""15"": 4.9998855666985565e-15, ""16"": 5.922304276562136e-15, ""17"": 4.150198876239343e-15, ""18"": 2.539624715606967e-15, ""20"": 0.5425462458129754, ""21"": 5.833182448897061e-15, ""23"": 1.5664368059812944e-14, ""24"": 8.212158099485366e-15, ""25"": 2.386193694793588e-15, ""26"": 1.5050419370200051e-15, ""27"": 2.7157048665547757e-15, ""28"": 1.1765439051908097e-15, ""3"": 2.5072670320065955e-15, ""30"": 1.1262822841501484e-14, ""31"": 4.014141553212234e-15, ""32"": 2.086620486706603e-15, ""33"": 0.24936971281020062, ""34"": 0.9620255856972482, ""35"": 2.1749596899117645e-14, ""36"": 2.7880962450021197e-14, ""37"": 6.748134837208623e-15, ""38"": 1.0449855057033571e-15, ""4"": 1.9367081942097805e-15, ""7"": 1.9906730693117744e-15, ""8"": 2.0038936713548324e-15, ""9"": 3.256148480847987e-15}"
VI_F_R_SYNTHETIC,all,1,0.03333333333333333,220,36,36,36,7.74672971653639e-18,1.0403591468905925e+19,0.21768378608616276,"{""1"": 3.815915195653698e-15, ""11"": 2.0134541684779836e-15, ""12"": 2.046400174460203e-15, ""13"": 2.0869804424931943e-15, ""14"": 2.687051577027934e-15, ""15"": 5.274800462213602e-15, ""16"": 5.992085208202299e-15, ""17"": 4.639643012616875e-15, ""18"": 3.3279955990575605e-15, ""20"": 0.44291695578552864, ""21"": 5.8745001593072455e-15, ""23"": 1.436635856663928e-14, ""24"": 7.943474308303928e-15, ""25"": 2.3186875856976116e-15, ""26"": 2.875579722599433e-15, ""27"": 3.652196492938811e-15, ""28"": 3.0442192574890724e-15, ""3"": 2.1945608946533865e-15, ""30"": 8.536919603000092e-15, ""31"": 4.290889831512724e-15, ""32"": 1.7301583632299062e-15, ""33"": 0.20357725247458336, ""34"": 0.7853661270226503, ""35"": 1.909385937845775e-14, ""36"": 2.5108505874635563e-14, ""37"": 5.428405368243361e-15, ""38"": 3.03182055179328e-15, ""4"": 2.2752709784528124e-15, ""7"": 2.027288966361152e-15, ""8"": 1.9777103753481285e-15, ""9"": 2.5647904159308294e-15}"
VI_F_R_SYNTHETIC,all,2,0.06666666666666667,220,53,54,54,1.2794535011447706e-19,7.938233908836898e+20,0.0760545379574037,"{""1"": 4.136858888795177e-15, ""11"": 1.664059137571585e-15, ""12"": 1.6723323196950543e-15, ""13"": 1.731586866437841e-15, ""14"": 2.1142154620628487e-15, ""15"": 4.37515146992485e-15, ""16"": 5.062021316933134e-15, ""17"": 3.76342976897208e-15, ""18"": 2.6231424146619903e-15, ""20"": 0.15474668569222103, ""21"": 4.9203803266619876e-15, ""23"": 1.2552114323918593e-14, ""24"": 6.780134837715885e-15, ""25"": 2.6043500518500585e-15, ""26"": 2.160182055846168e-15, ""27"": 2.8091373552936316e-15, ""28"": 1.8793442875303486e-15, ""3"": 2.1338913568917955e-15, ""30"": 8.853446637332438e-15, ""31"": 3.422949277800615e-15, ""32"": 1.6538334394488784e-15, ""33"": 0.07112598578868753, ""34"": 0.27439185523197857, ""35"": 1.7381739383080716e-14, ""36"": 2.2208371692293722e-14, ""37"": 5.968024507936053e-15, ""38"": 1.816539865575127e-15, ""4"": 1.8442779598055726e-15, ""7"": 1.7885983511446717e-15, ""8"": 1.8419810091526267e-15, ""9"": 3.1679385603887276e-15}"
VI_F_R_SYNTHETIC,all,3,0.1,220,68,72,72,3.844379091747103e-20,4.54686156263121e+21,0.029028908208436312,"{""1"": 3.956279953255551e-15, ""11"": 1.666402841353038e-15, ""12"": 1.6758836863925204e-15, ""13"": 1.71087360773516e-15, ""14"": 2.1811630794171974e-15, ""15"": 4.718604631416495e-15, ""16"": 5.493050049921518e-15, ""17"": 4.0374629121734e-15, ""18"": 2.871489632520095e-15, ""20"": 0.05906455361066295, ""21"": 5.217036766492016e-15, ""23"": 1.3853909961010959e-14, ""24"": 7.427022927950941e-15, ""25"": 3.681347492516299e-15, ""26"": 2.2092253251695422e-15, ""27"": 2.9058717170161314e-15, ""28"": 1.7270551991059802e-15, ""3"": 2.4627344721458556e-15, ""30"": 8.593736475093638e-15, ""31"": 3.321063853720217e-15, ""32"": 1.5633518866409408e-15, ""33"": 0.027147751707475225, ""34"": 0.10473137031129966, ""35"": 1.9632542830123396e-14, ""36"": 2.4728356855734672e-14, ""37"": 6.3678671834502445e-15, ""38"": 1.5397439463166934e-15, ""4"": 1.926474117407527e-15, ""7"": 1.7814338946259797e-15, ""8"": 1.795698610710286e-15, ""9"": 2.6942085203701883e-15}"
VI_F_R_SYNTHETIC,all,5,0.16666666666666666,220,81,91,102,2.779269976799841e-51,1.2758746848000524e+53,0.02478408013214785,"{""1"": 1.1378659660553745e-07, ""11"": 1.26817203386986e-07, ""12"": 1.2921080079421025e-07, ""13"": 1.3148554640643146e-07, ""14"": 1.7772222263163794e-07, ""15"": 2.823503616822823e-07, ""16"": 3.0190633043386627e-07, ""17"": 2.0557127360790895e-07, ""18"": 1.7929875590909154e-07, ""20"": 0.05042768428907502, ""21"": 2.858718311244725e-07, ""23"": 9.258369482653668e-07, ""24"": 4.344999106564455e-07, ""25"": 1.8621730953163059e-06, ""26"": 8.84369472118799e-07, ""27"": 5.547769002307665e-07, ""28"": 5.551321910665512e-07, ""3"": 1.564923496605521e-07, ""30"": 1.984930876572005e-06, ""31"": 1.80337706441442e-07, ""32"": 4.4195729762192596e-08, ""33"": 0.02317800092993076, ""34"": 0.08941675139412376, ""35"": 1.5173947739327443e-06, ""36"": 1.7457182712225013e-06, ""37"": 3.6527972342911014e-06, ""38"": 3.8612739382939915e-07, ""4"": 1.691441165029701e-07, ""7"": 1.4987420858845695e-07, ""8"": 1.4868140903710717e-07, ""9"": 9.810104931641624e-08}"
VI_F_R_SYNTHETIC,all,10,0.3333333333333333,220,87,101,114,0.0,inf,0.016645493482157575,"{""1"": 2.6482282240492847e-07, ""11"": 2.8069494675769586e-07, ""12"": 2.844593861331915e-07, ""13"": 2.88108893010387e-07, ""14"": 3.831435348638728e-07, ""15"": 6.027216115938982e-07, ""16"": 6.485143710708516e-07, ""17"": 5.149937895626755e-07, ""18"": 4.640887259434737e-07, ""20"": 0.0338682827734993, ""21"": 6.12332942140049e-07, ""23"": 1.9085643161800135e-06, ""24"": 9.140493300476685e-07, ""25"": 3.824729862059014e-06, ""26"": 1.840440454978464e-06, ""27"": 1.2028630606480166e-06, ""28"": 1.14880859534064e-06, ""3"": 3.954046576213729e-07, ""30"": 3.6899269765675083e-06, ""31"": 3.9520750147775257e-07, ""32"": 1.0912852587734746e-07, ""33"": 0.015566799328632313, ""34"": 0.060054119594622826, ""35"": 3.0796525144566916e-06, ""36"": 3.580282350796391e-06, ""37"": 7.2832988975995044e-06, ""38"": 7.947815749669353e-07, ""4"": 3.7624851311868007e-07, ""7"": 3.325302942195094e-07, ""8"": 3.3025854518357264e-07, ""9"": 2.241267990862029e-07}"
VI_F_R_SYNTHETIC,all,15,0.5,220,90,108,119,0.0,inf,0.016417860014441493,"{""1"": 1.841380378883549e-07, ""11"": 1.9048235978583778e-07, ""12"": 1.9372985323655515e-07, ""13"": 1.9697283377452823e-07, ""14"": 2.6717296314010357e-07, ""15"": 4.5297811458417185e-07, ""16"": 4.96757494876928e-07, ""17"": 3.43749261858041e-07, ""18"": 2.981584733506148e-07, ""20"": 0.0334050771802752, ""21"": 4.6965752375149213e-07, ""23"": 1.4345688057226496e-06, ""24"": 6.993198361318006e-07, ""25"": 2.1949917794810208e-06, ""26"": 1.0228983712072985e-06, ""27"": 6.429575956905235e-07, ""28"": 6.381394360278157e-07, ""3"": 2.4337647487830834e-07, ""30"": 2.192883080274531e-06, ""31"": 2.735528847953726e-07, ""32"": 7.502857261816985e-08, ""33"": 0.015353954796110335, ""34"": 0.059232842753763455, ""35"": 2.2756669362178564e-06, ""36"": 2.669375992282568e-06, ""37"": 4.235489332486488e-06, ""38"": 4.412479783753816e-07, ""4"": 2.531985912476529e-07, ""7"": 2.24068448406209e-07, ""8"": 2.2201954779755838e-07, ""9"": 1.5164281340895003e-07}"
VI_F_R_SYNTHETIC,all,30,1.0,220,102,118,128,0.0,inf,0.011571567290996605,"{""1"": 2.053404851541725e-07, ""11"": 2.148693925297049e-07, ""12"": 2.1919779675848256e-07, ""13"": 2.2335259328320243e-07, ""14"": 3.026596869333473e-07, ""15"": 4.898895707379316e-07, ""16"": 5.266661660909565e-07, ""17"": 3.081942704809951e-07, ""18"": 2.6312270996142683e-07, ""20"": 0.02354442671766568, ""21"": 4.975500761087143e-07, ""23"": 1.9428591809839505e-06, ""24"": 8.300149338251186e-07, ""25"": 4.465731252784807e-06, ""26"": 2.120213731237945e-06, ""27"": 1.3225273113107826e-06, ""28"": 1.3231770309275415e-06, ""3"": 2.587328123945931e-07, ""30"": 4.551446160778524e-06, ""31"": 2.8511833783201045e-07, ""32"": 7.57548494204357e-08, ""33"": 0.010821708068691623, ""34"": 0.04174824438859506, ""35"": 3.3371028217994955e-06, ""36"": 3.7488041096065874e-06, ""37"": 8.675451299164091e-06, ""38"": 9.151807894366923e-07, ""4"": 2.851503625940102e-07, ""7"": 2.5573019817025484e-07, ""8"": 2.5509102192055677e-07, ""9"": 1.7773979889133747e-07}"
VI_F_R_SYNTHETIC,all,60,2.0,220,111,129,136,0.0,inf,0.008071607368325547,"{""1"": 2.887721615226272e-07, ""11"": 2.2097267710526258e-07, ""12"": 2.2011234295345867e-07, ""13"": 2.1941589948344357e-07, ""14"": 2.713726605347838e-07, ""15"": 4.114319199487266e-07, ""16"": 4.5489257180089043e-07, ""17"": 4.2757516446031535e-07, ""18"": 3.8978841296305185e-07, ""20"": 0.01642312540924778, ""21"": 4.284590657749616e-07, ""23"": 1.3607806478117633e-06, ""24"": 6.339564665686421e-07, ""25"": 2.5446336378077583e-06, ""26"": 1.2901988808968826e-06, ""27"": 9.040773353525265e-07, ""28"": 8.085281742234609e-07, ""3"": 3.5900543769847496e-07, ""30"": 2.0159259440730673e-06, ""31"": 2.8070411553045943e-07, ""32"": 1.1567205567444869e-07, ""33"": 0.007548557577047142, ""34"": 0.029120982907592248, ""35"": 2.311952949950023e-06, ""36"": 2.6005808518030125e-06, ""37"": 4.647809661502055e-06, ""38"": 5.617361586434364e-07, ""4"": 2.8924789647038044e-07, ""7"": 2.653212179488622e-07, ""8"": 2.6675630773953905e-07, ""9"": 2.260903133999443e-07}"
