case,epsilon,time_s,error_norm
INITIAL_STATE_PERTURBATION,0.01,0.005,0.004695269647077725
INITIAL_STATE_PERTURBATION,0.01,0.01,0.003814839066971938
INITIAL_STATE_PERTURBATION,0.01,0.015,0.003147303621407262
INITIAL_STATE_PERTURBATION,0.01,0.02,0.00263301336180816
INITIAL_STATE_PERTURBATION,0.01,0.025,0.0022351312264826803
INITIAL_STATE_PERTURBATION,0.01,0.030000000000000002,0.0019282838533632137
INITIAL_STATE_PERTURBATION,0.01,0.035,0.0016934858436624105
INITIAL_STATE_PERTURBATION,0.01,0.04,0.0015158453533752607
INITIAL_STATE_PERTURBATION,0.01,0.045,0.0013834269229401736
INITIAL_STATE_PERTURBATION,0.01,0.049999999999999996,0.0012866100051716204
INITIAL_STATE_PERTURBATION,0.01,0.05499999999999999,0.0012176476410157304
INITIAL_STATE_PERTURBATION,0.01,0.05999999999999999,0.0011703207880409123
INITIAL_STATE_PERTURBATION,0.01,0.06499999999999999,0.0011396570495908964
INITIAL_STATE_PERTURBATION,0.01,0.06999999999999999,0.0011216938328042073
INITIAL_STATE_PERTURBATION,0.01,0.075,0.0011132819317889416
INITIAL_STATE_PERTURBATION,0.01,0.08,0.0011119242409687435
INITIAL_STATE_PERTURBATION,0.01,0.085,0.0011156441060274195
INITIAL_STATE_PERTURBATION,0.01,0.09000000000000001,0.001122887292736193
INITIAL_STATE_PERTURBATION,0.01,0.09500000000000001,0.001132404587709588
INITIAL_STATE_PERTURBATION,0.01,0.10000000000000002,0.0011432310284266414
INITIAL_STATE_PERTURBATION,0.01,0.10500000000000002,0.0011545971408435114
INITIAL_STATE_PERTURBATION,0.01,0.11000000000000003,0.0011659005295257669
INITIAL_STATE_PERTURBATION,0.01,0.11500000000000003,0.0011766675979808443
INITIAL_STATE_PERTURBATION,0.01,0.12000000000000004,0.0011865300784147873
INITIAL_STATE_PERTURBATION,0.01,0.12500000000000003,0.0011952014231215813
INITIAL_STATE_PERTURBATION,0.01,0.13000000000000003,0.001202459209707555
INITIAL_STATE_PERTURBATION,0.01,0.13500000000000004,0.0012081361695451436
INITIAL_STATE_PERTURBATION,0.01,0.14000000000000004,0.0012121079962824266
INITIAL_STATE_PERTURBATION,0.01,0.14500000000000005,0.001214285667116975
INITIAL_STATE_PERTURBATION,0.01,0.15000000000000005,0.0012146103838347924
INITIAL_STATE_PERTURBATION,0.01,0.15500000000000005,0.0012130480691075443
INITIAL_STATE_PERTURBATION,0.01,0.16000000000000006,0.0012095855349316563
INITIAL_STATE_PERTURBATION,0.01,0.16500000000000006,0.0012042258305731482
INITIAL_STATE_PERTURBATION,0.01,0.17000000000000007,0.0011969906412747052
INITIAL_STATE_PERTURBATION,0.01,0.17500000000000007,0.0011879132824857343
INITIAL_STATE_PERTURBATION,0.01,0.18000000000000008,0.001177038819983765
INITIAL_STATE_PERTURBATION,0.01,0.18500000000000008,0.0011644218456384888
INITIAL_STATE_PERTURBATION,0.01,0.19000000000000009,0.0011501266644865524
INITIAL_STATE_PERTURBATION,0.01,0.1950000000000001,0.0011342266462925229
INITIAL_STATE_PERTURBATION,0.01,0.2,0.0011168032742294887
INITIAL_STATE_PERTURBATION,0.003,0.005,0.0014174388546786254
INITIAL_STATE_PERTURBATION,0.003,0.01,0.0011495469747823037
INITIAL_STATE_PERTURBATION,0.003,0.015,0.0009463922175008266
INITIAL_STATE_PERTURBATION,0.003,0.02,0.0007898567424743542
INITIAL_STATE_PERTURBATION,0.003,0.025,0.0006687524581649758
INITIAL_STATE_PERTURBATION,0.003,0.030000000000000002,0.0005753405144388271
INITIAL_STATE_PERTURBATION,0.003,0.035,0.0005038468152331161
INITIAL_STATE_PERTURBATION,0.003,0.04,0.0004497448951760324
INITIAL_STATE_PERTURBATION,0.003,0.045,0.00040940771342163804
INITIAL_STATE_PERTURBATION,0.003,0.049999999999999996,0.00037990609487972306
INITIAL_STATE_PERTURBATION,0.003,0.05499999999999999,0.0003588754276894375
INITIAL_STATE_PERTURBATION,0.003,0.05999999999999999,0.0003444109670400658
INITIAL_STATE_PERTURBATION,0.003,0.06499999999999999,0.0003349934287835393
INITIAL_STATE_PERTURBATION,0.003,0.06999999999999999,0.00032940629209189464
INITIAL_STATE_PERTURBATION,0.003,0.075,0.00032668676235763787
INITIAL_STATE_PERTURBATION,0.003,0.08,0.0003260724654242411
INITIAL_STATE_PERTURBATION,0.003,0.085,0.00032696450384872545
INITIAL_STATE_PERTURBATION,0.003,0.09000000000000001,0.0003288901826924476
INITIAL_STATE_PERTURBATION,0.003,0.09500000000000001,0.000331480335103581
INITIAL_STATE_PERTURBATION,0.003,0.10000000000000002,0.0003344451042907978
INITIAL_STATE_PERTURBATION,0.003,0.10500000000000002,0.0003375579307199504
INITIAL_STATE_PERTURBATION,0.003,0.11000000000000003,0.0003406416768777843
INITIAL_STATE_PERTURBATION,0.003,0.11500000000000003,0.0003435595962733008
INITIAL_STATE_PERTURBATION,0.003,0.12000000000000004,0.0003462040454558524
INITIAL_STATE_PERTURBATION,0.003,0.12500000000000003,0.0003484928933800793
INITIAL_STATE_PERTURBATION,0.003,0.13000000000000003,0.00035036322082696004
INITIAL_STATE_PERTURBATION,0.003,0.13500000000000004,0.00035176936369820316
INITIAL_STATE_PERTURBATION,0.003,0.14000000000000004,0.0003526734254506251
INITIAL_STATE_PERTURBATION,0.003,0.14500000000000005,0.0003530528375945354
INITIAL_STATE_PERTURBATION,0.003,0.15000000000000005,0.00035289029271208587
INITIAL_STATE_PERTURBATION,0.003,0.15500000000000005,0.0003521756465033067
INITIAL_STATE_PERTURBATION,0.003,0.16000000000000006,0.0003509048511209514
INITIAL_STATE_PERTURBATION,0.003,0.16500000000000006,0.00034907824777726703
INITIAL_STATE_PERTURBATION,0.003,0.17000000000000007,0.0003467003523030349
INITIAL_STATE_PERTURBATION,0.003,0.17500000000000007,0.0003437784084097294
INITIAL_STATE_PERTURBATION,0.003,0.18000000000000008,0.0003403265601522872
INITIAL_STATE_PERTURBATION,0.003,0.18500000000000008,0.00033635271377996834
INITIAL_STATE_PERTURBATION,0.003,0.19000000000000009,0.00033187548773837733
INITIAL_STATE_PERTURBATION,0.003,0.1950000000000001,0.0003269131036061563
INITIAL_STATE_PERTURBATION,0.003,0.2,0.00032148586291934274
INITIAL_STATE_PERTURBATION,0.001,0.005,0.0004738208244627803
INITIAL_STATE_PERTURBATION,0.001,0.01,0.00038421397494971265
INITIAL_STATE_PERTURBATION,0.001,0.015,0.00031625416473906264
INITIAL_STATE_PERTURBATION,0.001,0.02,0.0002638950834071611
INITIAL_STATE_PERTURBATION,0.001,0.025,0.0002233866348247883
INITIAL_STATE_PERTURBATION,0.001,0.030000000000000002,0.00019213311399592315
INITIAL_STATE_PERTURBATION,0.001,0.035,0.00016820115893618714
INITIAL_STATE_PERTURBATION,0.001,0.04,0.00015007532153393416
INITIAL_STATE_PERTURBATION,0.001,0.045,0.00013654517557121093
INITIAL_STATE_PERTURBATION,0.001,0.049999999999999996,0.00012663061958328913
INITIAL_STATE_PERTURBATION,0.001,0.05499999999999999,0.00011954233863210115
INITIAL_STATE_PERTURBATION,0.001,0.05999999999999999,0.00011464684538926426
INITIAL_STATE_PERTURBATION,0.001,0.06499999999999999,0.00011143323578581202
INITIAL_STATE_PERTURBATION,0.001,0.06999999999999999,0.00010949841930502874
INITIAL_STATE_PERTURBATION,0.001,0.075,0.0001085216068844526
INITIAL_STATE_PERTURBATION,0.001,0.08,0.00010824808498795162
INITIAL_STATE_PERTURBATION,0.001,0.085,0.00010848079597323863
INITIAL_STATE_PERTURBATION,0.001,0.09000000000000001,0.00010906124369928507
INITIAL_STATE_PERTURBATION,0.001,0.09500000000000001,0.00010986622666136459
INITIAL_STATE_PERTURBATION,0.001,0.10000000000000002,0.00011080073411176814
INITIAL_STATE_PERTURBATION,0.001,0.10500000000000002,0.00011178759413456137
INITIAL_STATE_PERTURBATION,0.001,0.11000000000000003,0.00011276788491293659
INITIAL_STATE_PERTURBATION,0.001,0.11500000000000003,0.00011369539742156102
INITIAL_STATE_PERTURBATION,0.001,0.12000000000000004,0.00011453539241556173
INITIAL_STATE_PERTURBATION,0.001,0.12500000000000003,0.00011525958402226111
INITIAL_STATE_PERTURBATION,0.001,0.13000000000000003,0.00011584724783861304
INITIAL_STATE_PERTURBATION,0.001,0.13500000000000004,0.00011628088136736175
INITIAL_STATE_PERTURBATION,0.001,0.14000000000000004,0.00011655166021362688
INITIAL_STATE_PERTURBATION,0.001,0.14500000000000005,0.00011664987641659323
INITIAL_STATE_PERTURBATION,0.001,0.15000000000000005,0.00011656980729262606
INITIAL_STATE_PERTURBATION,0.001,0.15500000000000005,0.00011630801862184228
INITIAL_STATE_PERTURBATION,0.001,0.16000000000000006,0.00011586275302106625
INITIAL_STATE_PERTURBATION,0.001,0.16500000000000006,0.00011523387565755428
INITIAL_STATE_PERTURBATION,0.001,0.17000000000000007,0.00011442255846729554
INITIAL_STATE_PERTURBATION,0.001,0.17500000000000007,0.00011342865204434289
INITIAL_STATE_PERTURBATION,0.001,0.18000000000000008,0.00011226073874484523
INITIAL_STATE_PERTURBATION,0.001,0.18500000000000008,0.00011091916742021953
INITIAL_STATE_PERTURBATION,0.001,0.19000000000000009,0.00010941068132937569
INITIAL_STATE_PERTURBATION,0.001,0.1950000000000001,0.00010774015611582747
INITIAL_STATE_PERTURBATION,0.001,0.2,0.00010591396555213135
INITIAL_STATE_PERTURBATION,0.0003,0.005,0.0001423041993596458
INITIAL_STATE_PERTURBATION,0.0003,0.01,0.00011538848281185575
INITIAL_STATE_PERTURBATION,0.0003,0.015,9.497719232344844e-05
INITIAL_STATE_PERTURBATION,0.0003,0.02,7.925126824014265e-05
INITIAL_STATE_PERTURBATION,0.0003,0.025,6.708299436217758e-05
INITIAL_STATE_PERTURBATION,0.0003,0.030000000000000002,5.7694477695083766e-05
INITIAL_STATE_PERTURBATION,0.0003,0.035,5.0504279554546676e-05
INITIAL_STATE_PERTURBATION,0.0003,0.04,4.505729723682983e-05
INITIAL_STATE_PERTURBATION,0.0003,0.045,4.0988861494160576e-05
INITIAL_STATE_PERTURBATION,0.0003,0.049999999999999996,3.800511785517197e-05
INITIAL_STATE_PERTURBATION,0.0003,0.05499999999999999,3.586886500216788e-05
INITIAL_STATE_PERTURBATION,0.0003,0.05999999999999999,3.439044123054266e-05
INITIAL_STATE_PERTURBATION,0.0003,0.06499999999999999,3.341682208798399e-05
INITIAL_STATE_PERTURBATION,0.0003,0.06999999999999999,3.282697324763209e-05
INITIAL_STATE_PERTURBATION,0.0003,0.075,3.252499824175837e-05
INITIAL_STATE_PERTURBATION,0.0003,0.08,3.243472174873497e-05
INITIAL_STATE_PERTURBATION,0.0003,0.085,3.249632142720163e-05
INITIAL_STATE_PERTURBATION,0.0003,0.09000000000000001,3.266273237395501e-05
INITIAL_STATE_PERTURBATION,0.0003,0.09500000000000001,3.289699960862642e-05
INITIAL_STATE_PERTURBATION,0.0003,0.10000000000000002,3.317016305140584e-05
INITIAL_STATE_PERTURBATION,0.0003,0.10500000000000002,3.3459561088401014e-05
INITIAL_STATE_PERTURBATION,0.0003,0.11000000000000003,3.374749368952028e-05
INITIAL_STATE_PERTURBATION,0.0003,0.11500000000000003,3.402016243035457e-05
INITIAL_STATE_PERTURBATION,0.0003,0.12000000000000004,3.426687598039755e-05
INITIAL_STATE_PERTURBATION,0.0003,0.12500000000000003,3.447936546510826e-05
INITIAL_STATE_PERTURBATION,0.0003,0.13000000000000003,3.4651302522223354e-05
INITIAL_STATE_PERTURBATION,0.0003,0.13500000000000004,3.4777901158888e-05
INITIAL_STATE_PERTURBATION,0.0003,0.14000000000000004,3.4855610509485486e-05
INITIAL_STATE_PERTURBATION,0.0003,0.14500000000000005,3.4881875280614826e-05
INITIAL_STATE_PERTURBATION,0.0003,0.15000000000000005,3.48549487377651e-05
INITIAL_STATE_PERTURBATION,0.0003,0.15500000000000005,3.477374685450125e-05
INITIAL_STATE_PERTURBATION,0.0003,0.16000000000000006,3.463756867971332e-05
INITIAL_STATE_PERTURBATION,0.0003,0.16500000000000006,3.444656738100424e-05
INITIAL_STATE_PERTURBATION,0.0003,0.17000000000000007,3.420104489111748e-05
INITIAL_STATE_PERTURBATION,0.0003,0.17500000000000007,3.390164371397663e-05
INITIAL_STATE_PERTURBATION,0.0003,0.18000000000000008,3.354930378539039e-05
INITIAL_STATE_PERTURBATION,0.0003,0.18500000000000008,3.314522958985258e-05
INITIAL_STATE_PERTURBATION,0.0003,0.19000000000000009,3.2690864811484144e-05
INITIAL_STATE_PERTURBATION,0.0003,0.1950000000000001,3.218787344722966e-05
INITIAL_STATE_PERTURBATION,0.0003,0.2,3.16381263321985e-05
INITIAL_STATE_PERTURBATION,0.0001,0.005,4.7450560026646084e-05
INITIAL_STATE_PERTURBATION,0.0001,0.01,3.847448403011621e-05
INITIAL_STATE_PERTURBATION,0.0001,0.015,3.1668535191826446e-05
INITIAL_STATE_PERTURBATION,0.0001,0.02,2.6424910488736712e-05
INITIAL_STATE_PERTURBATION,0.0001,0.025,2.2367634294207738e-05
INITIAL_STATE_PERTURBATION,0.0001,0.030000000000000002,1.9236861482137203e-05
INITIAL_STATE_PERTURBATION,0.0001,0.035,1.6839246086390346e-05
INITIAL_STATE_PERTURBATION,0.0001,0.04,1.5022709061606531e-05
INITIAL_STATE_PERTURBATION,0.0001,0.045,1.3665698135007285e-05
INITIAL_STATE_PERTURBATION,0.0001,0.049999999999999996,1.2670219456131751e-05
INITIAL_STATE_PERTURBATION,0.0001,0.05499999999999999,1.195728490590576e-05
INITIAL_STATE_PERTURBATION,0.0001,0.05999999999999999,1.1463446996210918e-05
INITIAL_STATE_PERTURBATION,0.0001,0.06499999999999999,1.113812753369607e-05
INITIAL_STATE_PERTURBATION,0.0001,0.06999999999999999,1.0940578490929263e-05
INITIAL_STATE_PERTURBATION,0.0001,0.075,1.0838966356970456e-05
INITIAL_STATE_PERTURBATION,0.0001,0.08,1.0807978701836249e-05
INITIAL_STATE_PERTURBATION,0.0001,0.085,1.0827666199716664e-05
INITIAL_STATE_PERTURBATION,0.0001,0.09000000000000001,1.088234176804438e-05
INITIAL_STATE_PERTURBATION,0.0001,0.09500000000000001,1.095968893557519e-05
INITIAL_STATE_PERTURBATION,0.0001,0.10000000000000002,1.1050054426608493e-05
INITIAL_STATE_PERTURBATION,0.0001,0.10500000000000002,1.1145883436820345e-05
INITIAL_STATE_PERTURBATION,0.0001,0.11000000000000003,1.1241274472360943e-05
INITIAL_STATE_PERTURBATION,0.0001,0.11500000000000003,1.1331628978507738e-05
INITIAL_STATE_PERTURBATION,0.0001,0.12000000000000004,1.1413376741637201e-05
INITIAL_STATE_PERTURBATION,0.0001,0.12500000000000003,1.1483760804881498e-05
INITIAL_STATE_PERTURBATION,0.0001,0.13000000000000003,1.1540669454203992e-05
INITIAL_STATE_PERTURBATION,0.0001,0.13500000000000004,1.1582504946183553e-05
INITIAL_STATE_PERTURBATION,0.0001,0.14000000000000004,1.160834856157898e-05
INITIAL_STATE_PERTURBATION,0.0001,0.14500000000000005,1.1617052177837445e-05
INITIAL_STATE_PERTURBATION,0.0001,0.15000000000000005,1.1608035015652016e-05
INITIAL_STATE_PERTURBATION,0.0001,0.15500000000000005,1.1581046565820542e-05
INITIAL_STATE_PERTURBATION,0.0001,0.16000000000000006,1.1535765042070932e-05
INITIAL_STATE_PERTURBATION,0.0001,0.16500000000000006,1.1472174773253105e-05
INITIAL_STATE_PERTURBATION,0.0001,0.17000000000000007,1.13903857587992e-05
INITIAL_STATE_PERTURBATION,0.0001,0.17500000000000007,1.12906172113641e-05
INITIAL_STATE_PERTURBATION,0.0001,0.18000000000000008,1.1173184586132381e-05
INITIAL_STATE_PERTURBATION,0.0001,0.18500000000000008,1.1038495279205587e-05
INITIAL_STATE_PERTURBATION,0.0001,0.19000000000000009,1.0887017026336581e-05
INITIAL_STATE_PERTURBATION,0.0001,0.1950000000000001,1.0719308452759984e-05
INITIAL_STATE_PERTURBATION,0.0001,0.2,1.0535972793772456e-05
INITIAL_STATE_PERTURBATION,3e-05,0.005,1.4235947825184373e-05
INITIAL_STATE_PERTURBATION,3e-05,0.01,1.1543806802331764e-05
INITIAL_STATE_PERTURBATION,3e-05,0.015,9.501621373293325e-06
INITIAL_STATE_PERTURBATION,3e-05,0.02,7.928387682433153e-06
INITIAL_STATE_PERTURBATION,3e-05,0.025,6.710924732994629e-06
INITIAL_STATE_PERTURBATION,3e-05,0.030000000000000002,5.771473523559603e-06
INITIAL_STATE_PERTURBATION,3e-05,0.035,5.05189815353472e-06
INITIAL_STATE_PERTURBATION,3e-05,0.04,4.506656510169918e-06
INITIAL_STATE_PERTURBATION,3e-05,0.045,4.0994316105596e-06
INITIAL_STATE_PERTURBATION,3e-05,0.049999999999999996,3.8007536038883894e-06
INITIAL_STATE_PERTURBATION,3e-05,0.05499999999999999,3.58681738537899e-06
INITIAL_STATE_PERTURBATION,3e-05,0.05999999999999999,3.438675303963786e-06
INITIAL_STATE_PERTURBATION,3e-05,0.06499999999999999,3.340964207150642e-06
INITIAL_STATE_PERTURBATION,3e-05,0.06999999999999999,3.2816160644464743e-06
INITIAL_STATE_PERTURBATION,3e-05,0.075,3.2510491083263065e-06
INITIAL_STATE_PERTURBATION,3e-05,0.08,3.241670821674431e-06
INITIAL_STATE_PERTURBATION,3e-05,0.085,3.2474980226066993e-06
INITIAL_STATE_PERTURBATION,3e-05,0.09000000000000001,3.264182562332079e-06
INITIAL_STATE_PERTURBATION,3e-05,0.09500000000000001,3.2876393453878877e-06
INITIAL_STATE_PERTURBATION,3e-05,0.10000000000000002,3.314982477374114e-06
INITIAL_STATE_PERTURBATION,3e-05,0.10500000000000002,3.3439535684113406e-06
INITIAL_STATE_PERTURBATION,3e-05,0.11000000000000003,3.372784181749545e-06
INITIAL_STATE_PERTURBATION,3e-05,0.11500000000000003,3.400097101110684e-06
INITIAL_STATE_PERTURBATION,3e-05,0.12000000000000004,3.424822648954272e-06
INITIAL_STATE_PERTURBATION,3e-05,0.12500000000000003,3.446134367233217e-06
INITIAL_STATE_PERTURBATION,3e-05,0.13000000000000003,3.463282863890129e-06
INITIAL_STATE_PERTURBATION,3e-05,0.13500000000000004,3.4763634918128976e-06
INITIAL_STATE_PERTURBATION,3e-05,0.14000000000000004,3.484261354883621e-06
INITIAL_STATE_PERTURBATION,3e-05,0.14500000000000005,3.4867351357572886e-06
INITIAL_STATE_PERTURBATION,3e-05,0.15000000000000005,3.4851857202385893e-06
INITIAL_STATE_PERTURBATION,3e-05,0.15500000000000005,3.4780725693663372e-06
INITIAL_STATE_PERTURBATION,3e-05,0.16000000000000006,3.4658316573627206e-06
INITIAL_STATE_PERTURBATION,3e-05,0.16500000000000006,3.4480385258619455e-06
INITIAL_STATE_PERTURBATION,3e-05,0.17000000000000007,3.4247344396024425e-06
INITIAL_STATE_PERTURBATION,3e-05,0.17500000000000007,3.3959632053778584e-06
INITIAL_STATE_PERTURBATION,3e-05,0.18000000000000008,3.3618825503905707e-06
INITIAL_STATE_PERTURBATION,3e-05,0.18500000000000008,3.322581007248932e-06
INITIAL_STATE_PERTURBATION,3e-05,0.19000000000000009,3.2807626809717943e-06
INITIAL_STATE_PERTURBATION,3e-05,0.1950000000000001,3.2359674634106423e-06
INITIAL_STATE_PERTURBATION,3e-05,0.2,3.1877878089675463e-06
