pmu_id,bus,scale,branch_id,terminal,source_re,source_im,formula_re,formula_im,backend_re,backend_im,backend_terminal,ppc_branch_row,formula_backend_abs_error_pu,source_formula_abs_error_pu,formula_p_mw,formula_q_mvar,backend_p_mw,backend_q_mvar,power_abs_error_mva
PMU6,2,0.98,Line_1,to,-0.24450237209577708,0.42038540524085377,0.24919213336771584,0.349851465170282,0.24919213336771584,0.349851465170282,to,12,0.0,0.4987076312096315,19.119380932231724,-40.76370204907075,19.119380932231724,-40.76370204907075,0.0
PMU7,5,0.98,Line_7,to,1.8294147143938506,-1.778760153778137,1.6844591680654428,-1.658071073335563,1.684459168065441,-1.658071073335563,to,18,1.7763568394002505e-15,0.18862121977508595,214.19890208842588,135.7481007688886,214.1989020884257,135.74810076888863,1.7288250917028504e-13
PMU8,6,0.98,Line_9,to,4.351166803994602,-1.2666726850293344,4.40224842131795,-1.0754273001317074,4.40224842131795,-1.0754273001317074,to,20,0.0,0.19794981402620832,486.4700339757852,18.444644399097754,486.4700339757852,18.444644399097754,0.0
PMU3,10,0.98,Line_16,from,3.2793706274982064,-0.3639504098734392,3.420088542685331,-0.24404676271259973,3.420088542685331,-0.24404676271259973,from,27,0.0,0.1848740551215392,366.13090722488926,-34.71409144781214,366.13090722488926,-34.71409144781214,0.0
PMU5,19,0.98,Line_22,to,4.328353827829576,-1.1944478426697742,4.506081526989715,-0.984290147467128,4.506081526989715,-0.9842901474671208,to,33,7.105427357601002e-15,0.27523334082491735,487.99995474185823,55.752240601261214,487.9999547418581,55.75224060126046,7.617071152741003e-13
PMU4,22,0.98,Line_27,to,5.939650417090103,-1.4731519760722307,6.017492426121613,-1.184410146321781,6.017492426121612,-1.1844101463217669,to,38,1.432144669219779e-14,0.29905053522389713,644.161885868954,87.93330468452159,644.1618858689537,87.9333046845201,1.5093640406410734e-12
PMU2,29,0.98,Line_33,to,1.570922414967683,0.318609543898539,1.597080472262013,0.3907520178143038,1.597080472262013,0.3907520178143038,to,44,0.0,0.07673839002807041,164.28910903719063,-58.92828597627986,164.28910903719063,-58.92828597627986,0.0
PMU1,39,0.98,Line_2,to,0.5461634616107389,1.061061535629861,0.03156948996200537,1.135821047258375,0.03156948996200537,1.135821047258375,to,13,0.0,0.5199960963662627,-19.05013520395984,-115.47391313555771,-19.05013520395984,-115.47391313555771,0.0
PMU6,2,0.99,Line_1,to,-0.24450237209577708,0.42038540524085377,0.0023737072662415315,0.38268810642555806,0.0023737072662415315,0.38268810642555806,to,12,0.0,0.24973763212445857,-7.589385841430055,-39.382390015591625,-7.589385841430055,-39.382390015591625,0.0
PMU7,5,0.99,Line_7,to,1.8294147143938506,-1.778760153778137,1.7576087647794552,-1.7169955815274136,1.7576087647794534,-1.7169955815274136,to,18,1.7763568394002505e-15,0.09471513493280749,225.36622094637707,136.45829516373976,225.36622094637687,136.45829516373982,2.0691316789454157e-13
PMU8,6,0.99,Line_9,to,4.351166803994602,-1.2666726850293344,4.377805220318251,-1.170325955475846,4.377805220318251,-1.170325955475846,to,20,0.0,0.09996148018054303,486.08137847205813,20.86638533757177,486.08137847205813,20.86638533757177,0.0
PMU3,10,0.99,Line_16,from,3.2793706274982064,-0.3639504098734392,3.3503778825166144,-0.3044543503915804,3.3503778825166144,-0.3044543503915804,from,27,0.0,0.0926380664690175,359.12744301955917,-33.347994674197025,359.12744301955917,-33.347994674197025,0.0
PMU5,19,0.99,Line_22,to,4.328353827829576,-1.1944478426697742,4.418558167210656,-1.0904138630196556,4.418558167210656,-1.0904138630196556,to,33,0.0,0.13769492280043694,481.178414357697,57.109899477129645,481.178414357697,57.109899477129645,0.0
PMU4,22,0.99,Line_27,to,5.939650417090103,-1.4731519760722307,5.980342475534287,-1.328722469758219,5.980342475534284,-1.328722469758219,to,38,2.6645352591003757e-15,0.15005241055889113,643.0916594307165,89.36923937372056,643.0916594307163,89.36923937372057,2.278173318171838e-13
PMU2,29,0.99,Line_33,to,1.570922414967683,0.318609543898539,1.5844231590091493,0.35457300728824137,1.584423159009149,0.35457300728824137,to,44,2.220446049250313e-16,0.03841407019121573,162.0863202001806,-58.404239053142426,162.08632020018058,-58.404239053142426,2.842170943040401e-14
PMU1,39,0.99,Line_2,to,0.5461634616107389,1.061061535629861,0.28884220134977845,1.1009753292580626,0.28884220134977845,1.1009753292580626,to,13,0.0,0.2603984291505685,7.647989234879499,-116.98837238804347,7.647989234879499,-116.98837238804347,0.0
PMU6,2,1.0,Line_1,to,-0.24450237209577708,0.42038540524085377,-0.24450012289247125,0.42038388831084816,-0.24450012289247125,0.42038388831084816,to,12,0.0,2.7129305470011205e-06,-34.34350343920747,-37.63930629044577,-34.34350343920747,-37.63930629044577,0.0
PMU7,5,1.0,Line_7,to,1.8294147143938506,-1.778760153778137,1.8294144976865176,-1.778756892359425,1.829414497686514,-1.778756892359425,to,18,3.552713678800501e-15,3.2686104208142054e-06,236.53094465754845,137.13632607154173,236.5309446575481,137.13632607154182,3.515571301265078e-13
PMU8,6,1.0,Line_9,to,4.351166803994602,-1.2666726850293344,4.351154980484978,-1.266652618357739,4.351154980484992,-1.266652618357739,to,20,1.4210854715202004e-14,2.329091429603889e-05,485.6880221962293,23.46624272342559,485.68802219623086,23.466242723425236,1.575355130137589e-12
PMU3,10,1.0,Line_16,from,3.2793706274982064,-0.3639504098734392,3.279364498881904,-0.3639438700898552,3.279364498881904,-0.3639438700898552,from,27,0.0,8.962628359372235e-06,352.1181655879496,-31.84565885214884,352.1181655879496,-31.84565885214884,0.0
PMU5,19,1.0,Line_22,to,4.328353827829576,-1.1944478426697742,4.328352707571902,-1.1944439844917483,4.328352707571902,-1.1944439844917483,to,33,0.0,4.017525972098871e-06,474.35589061774516,58.577128528742485,474.35589061774516,58.577128528742485,0.0
PMU4,22,1.0,Line_27,to,5.939650417090103,-1.4731519760722307,5.939647899199292,-1.4731470294178592,5.939647899199288,-1.4731470294178592,to,38,3.552713678800501e-15,5.5506002926490115e-06,642.0214604039121,90.88352194186267,642.0214604039118,90.88352194186271,3.43714720612747e-13
PMU2,29,1.0,Line_33,to,1.570922414967683,0.318609543898539,1.5709220773143227,0.31861030061265794,1.5709220773143229,0.31861030061265794,to,44,2.220446049250313e-16,8.286290180488454e-07,159.8827985045774,-57.838644953561854,159.88279850457744,-57.838644953561854,2.842170943040401e-14
PMU1,39,1.0,Line_2,to,0.5461634616107389,1.061061535629861,0.5461607222669711,1.061062928738373,0.5461607222669711,1.061062928738373,to,13,0.0,3.0732321104660277e-06,34.44996549542133,-117.99137921432323,34.44996549542133,-117.99137921432323,0.0
PMU6,2,1.01,Line_1,to,-0.24450237209577708,0.42038540524085377,-0.4914363278310603,0.46298748138700674,-0.4914363278310603,0.4629874813870032,to,12,3.552713678800501e-15,0.25058195343447504,-61.14412600717578,-35.531034865931964,-61.14412600717569,-35.5310348659316,3.7227286206387293e-13
PMU7,5,1.01,Line_7,to,1.8294147143938506,-1.778760153778137,1.8997974796320243,-1.8433647347419821,1.8997974796320207,-1.8433647347419821,to,18,3.552713678800501e-15,0.09553787481457753,247.69247310852006,137.78185829374252,247.69247310851972,137.7818582937426,3.515571301265078e-13
PMU8,6,1.01,Line_9,to,4.351166803994602,-1.2666726850293344,4.322191155172945,-1.36441111928508,4.322191155172945,-1.36441111928508,to,20,0.0,0.1019430711495426,485.28970549523143,26.245933637997567,485.28970549523143,26.245933637997567,0.0
PMU3,10,1.01,Line_16,from,3.2793706274982064,-0.3639504098734392,3.207020226197425,-0.422512712154969,3.207020226197425,-0.422512712154969,from,27,0.0,0.09308127532913024,345.10297880694407,-30.205733612100417,345.10297880694407,-30.205733612100417,0.0
PMU5,19,1.01,Line_22,to,4.328353827829576,-1.1944478426697742,4.2354678227613745,-1.2963457563233476,4.235467822761374,-1.2963457563233476,to,33,8.881784197001252e-16,0.13788036388290073,467.53237018529734,60.15508235363185,467.5323701852973,60.15508235363186,5.859285502108464e-14
PMU4,22,1.01,Line_27,to,5.939650417090103,-1.4731519760722307,5.895341671842557,-1.6176566488425834,5.895341671842557,-1.6176566488425834,to,38,0.0,0.15114517973749175,640.9512811820027,92.47700261688124,640.9512811820027,92.47700261688124,0.0
PMU2,29,1.01,Line_33,to,1.570922414967683,0.318609543898539,1.5565706928587648,0.2828701860746037,1.5565706928587646,0.2828701860746037,to,44,2.220446049250313e-16,0.03851329153888174,157.67851786212654,-57.23106085439733,157.6785178621265,-57.23106085439733,2.842170943040401e-14
PMU1,39,1.01,Line_2,to,0.5461634616107389,1.061061535629861,0.8035322005228709,1.016033080126924,0.8035322005228709,1.016033080126924,to,13,0.0,0.261278069447478,61.3575105021707,-118.4779401075897,61.3575105021707,-118.4779401075897,0.0
PMU6,2,1.02,Line_1,to,-0.24450237209577708,0.42038540524085377,-0.7384420436460113,0.5105544469523231,-0.7384420436460117,0.5105544469523231,to,12,4.440892098500626e-16,0.5021024349814667,-87.99248134576985,-33.05364767791608,-87.99248134576989,-33.05364767791607,4.4938668397781776e-14
PMU7,5,1.02,Line_7,to,1.8294147143938506,-1.778760153778137,1.9686759350767034,-1.9108300400363163,1.9686759350767034,-1.9108300400363163,to,18,0.0,0.19192744056628958,258.8501822368241,138.39447272553338,258.8501822368241,138.39447272553338,0.0
PMU8,6,1.02,Line_9,to,4.351166803994602,-1.2666726850293344,4.290802401080299,-1.463604389575437,4.290802401080299,-1.463604389575437,to,20,0.0,0.20597562330196673,484.8861539844096,29.20739362074627,484.8861539844096,29.20739362074627,0.0
PMU3,10,1.02,Line_16,from,3.2793706274982064,-0.3639504098734392,3.13331450541466,-0.48015675772239774,3.13331450541466,-0.48015675772239774,from,27,0.0,0.18664486619909215,338.08178058417286,-28.426669175815377,338.08178058417286,-28.426669175815377,0.0
PMU5,19,1.02,Line_22,to,4.328353827829576,-1.1944478426697742,4.1399034958127245,-1.3960820649780885,4.139903495812724,-1.3960820649780885,to,33,8.881784197001252e-16,0.275988925942945,460.70783804019317,61.84505840861657,460.7078380401931,61.84505840861658,5.728578676879116e-14
PMU4,22,1.02,Line_27,to,5.939650417090103,-1.4731519760722307,5.8473520679190925,-1.7622221046758852,5.847352067919091,-1.7622221046758852,to,38,1.7763568394002505e-15,0.3034477294537351,639.8811132957111,94.15063360587018,639.8811132957109,94.1506336058702,2.278173318171838e-13
PMU2,29,1.02,Line_33,to,1.570922414967683,0.318609543898539,1.5413614688661408,0.2473593608275415,1.541361468866141,0.2473593608275415,to,44,2.220446049250313e-16,0.0771390829739954,155.4734507792762,-56.58099022132198,155.47345077927622,-56.58099022132198,2.842170943040401e-14
PMU1,39,1.02,Line_2,to,0.5461634616107389,1.061061535629861,1.0609639403718774,0.9658278332029369,1.0609639403718774,0.9658278332029369,to,13,0.0,0.5235350905246345,88.37249769463303,-118.44233810370275,88.37249769463303,-118.44233810370275,0.0
