state_index,symbol,mass,kind
1,"VIndex(1, :busbar₊u_r)",0,algebraic
2,"VIndex(1, :busbar₊u_i)",0,algebraic
3,"VIndex(2, :busbar₊u_r)",0,algebraic
4,"VIndex(2, :busbar₊u_i)",0,algebraic
5,"VIndex(5, :busbar₊u_r)",0,algebraic
6,"VIndex(5, :busbar₊u_i)",0,algebraic
7,"VIndex(6, :busbar₊u_r)",0,algebraic
8,"VIndex(6, :busbar₊u_i)",0,algebraic
9,"VIndex(9, :busbar₊u_r)",0,algebraic
10,"VIndex(9, :busbar₊u_i)",0,algebraic
11,"VIndex(10, :busbar₊u_r)",0,algebraic
12,"VIndex(10, :busbar₊u_i)",0,algebraic
13,"VIndex(11, :busbar₊u_r)",0,algebraic
14,"VIndex(11, :busbar₊u_i)",0,algebraic
15,"VIndex(13, :busbar₊u_r)",0,algebraic
16,"VIndex(13, :busbar₊u_i)",0,algebraic
17,"VIndex(14, :busbar₊u_r)",0,algebraic
18,"VIndex(14, :busbar₊u_i)",0,algebraic
19,"VIndex(17, :busbar₊u_r)",0,algebraic
20,"VIndex(17, :busbar₊u_i)",0,algebraic
21,"VIndex(19, :busbar₊u_r)",0,algebraic
22,"VIndex(19, :busbar₊u_i)",0,algebraic
23,"VIndex(22, :busbar₊u_r)",0,algebraic
24,"VIndex(22, :busbar₊u_i)",0,algebraic
25,"VIndex(3, :busbar₊u_r)",0,algebraic
26,"VIndex(3, :busbar₊u_i)",0,algebraic
27,"VIndex(4, :busbar₊u_r)",0,algebraic
28,"VIndex(4, :busbar₊u_i)",0,algebraic
29,"VIndex(7, :busbar₊u_r)",0,algebraic
30,"VIndex(7, :busbar₊u_i)",0,algebraic
31,"VIndex(8, :busbar₊u_r)",0,algebraic
32,"VIndex(8, :busbar₊u_i)",0,algebraic
33,"VIndex(12, :busbar₊u_r)",0,algebraic
34,"VIndex(12, :busbar₊u_i)",0,algebraic
35,"VIndex(15, :busbar₊u_r)",0,algebraic
36,"VIndex(15, :busbar₊u_i)",0,algebraic
37,"VIndex(16, :busbar₊u_r)",0,algebraic
38,"VIndex(16, :busbar₊u_i)",0,algebraic
39,"VIndex(18, :busbar₊u_r)",0,algebraic
40,"VIndex(18, :busbar₊u_i)",0,algebraic
41,"VIndex(20, :busbar₊u_r)",0,algebraic
42,"VIndex(20, :busbar₊u_i)",0,algebraic
43,"VIndex(21, :busbar₊u_r)",0,algebraic
44,"VIndex(21, :busbar₊u_i)",0,algebraic
45,"VIndex(23, :busbar₊u_r)",0,algebraic
46,"VIndex(23, :busbar₊u_i)",0,algebraic
47,"VIndex(24, :busbar₊u_r)",0,algebraic
48,"VIndex(24, :busbar₊u_i)",0,algebraic
49,"VIndex(25, :busbar₊u_r)",0,algebraic
50,"VIndex(25, :busbar₊u_i)",0,algebraic
51,"VIndex(26, :busbar₊u_r)",0,algebraic
52,"VIndex(26, :busbar₊u_i)",0,algebraic
53,"VIndex(27, :busbar₊u_r)",0,algebraic
54,"VIndex(27, :busbar₊u_i)",0,algebraic
55,"VIndex(28, :busbar₊u_r)",0,algebraic
56,"VIndex(28, :busbar₊u_i)",0,algebraic
57,"VIndex(29, :busbar₊u_r)",0,algebraic
58,"VIndex(29, :busbar₊u_i)",0,algebraic
59,"VIndex(30, :ctrld_gen₊gov₊xg2)",1,differential
60,"VIndex(30, :ctrld_gen₊gov₊xg1)",1,differential
61,"VIndex(30, :ctrld_gen₊avr₊v_fb)",1,differential
62,"VIndex(30, :ctrld_gen₊avr₊vfout)",1,differential
63,"VIndex(30, :ctrld_gen₊avr₊vr)",1,differential
64,"VIndex(30, :ctrld_gen₊avr₊vm)",1,differential
65,"VIndex(30, :ctrld_gen₊machine₊ψ″_q)",1,differential
66,"VIndex(30, :ctrld_gen₊machine₊ψ″_d)",1,differential
67,"VIndex(30, :ctrld_gen₊machine₊E′_d)",1,differential
68,"VIndex(30, :ctrld_gen₊machine₊E′_q)",1,differential
69,"VIndex(30, :ctrld_gen₊machine₊ω)",1,differential
70,"VIndex(30, :ctrld_gen₊machine₊δ)",1,differential
71,"VIndex(30, :busbar₊u_r)",0,algebraic
72,"VIndex(30, :busbar₊u_i)",0,algebraic
73,"VIndex(32, :ctrld_gen₊gov₊xg2)",1,differential
74,"VIndex(32, :ctrld_gen₊gov₊xg1)",1,differential
75,"VIndex(32, :ctrld_gen₊avr₊v_fb)",1,differential
76,"VIndex(32, :ctrld_gen₊avr₊vfout)",1,differential
77,"VIndex(32, :ctrld_gen₊avr₊vr)",1,differential
78,"VIndex(32, :ctrld_gen₊avr₊vm)",1,differential
79,"VIndex(32, :ctrld_gen₊machine₊ψ″_q)",1,differential
80,"VIndex(32, :ctrld_gen₊machine₊ψ″_d)",1,differential
81,"VIndex(32, :ctrld_gen₊machine₊E′_d)",1,differential
82,"VIndex(32, :ctrld_gen₊machine₊E′_q)",1,differential
83,"VIndex(32, :ctrld_gen₊machine₊ω)",1,differential
84,"VIndex(32, :ctrld_gen₊machine₊δ)",1,differential
85,"VIndex(32, :busbar₊u_r)",0,algebraic
86,"VIndex(32, :busbar₊u_i)",0,algebraic
87,"VIndex(33, :ctrld_gen₊gov₊xg2)",1,differential
88,"VIndex(33, :ctrld_gen₊gov₊xg1)",1,differential
89,"VIndex(33, :ctrld_gen₊avr₊v_fb)",1,differential
90,"VIndex(33, :ctrld_gen₊avr₊vfout)",1,differential
91,"VIndex(33, :ctrld_gen₊avr₊vr)",1,differential
92,"VIndex(33, :ctrld_gen₊avr₊vm)",1,differential
93,"VIndex(33, :ctrld_gen₊machine₊ψ″_q)",1,differential
94,"VIndex(33, :ctrld_gen₊machine₊ψ″_d)",1,differential
95,"VIndex(33, :ctrld_gen₊machine₊E′_d)",1,differential
96,"VIndex(33, :ctrld_gen₊machine₊E′_q)",1,differential
97,"VIndex(33, :ctrld_gen₊machine₊ω)",1,differential
98,"VIndex(33, :ctrld_gen₊machine₊δ)",1,differential
99,"VIndex(33, :busbar₊u_r)",0,algebraic
100,"VIndex(33, :busbar₊u_i)",0,algebraic
101,"VIndex(34, :ctrld_gen₊gov₊xg2)",1,differential
102,"VIndex(34, :ctrld_gen₊gov₊xg1)",1,differential
103,"VIndex(34, :ctrld_gen₊avr₊v_fb)",1,differential
104,"VIndex(34, :ctrld_gen₊avr₊vfout)",1,differential
105,"VIndex(34, :ctrld_gen₊avr₊vr)",1,differential
106,"VIndex(34, :ctrld_gen₊avr₊vm)",1,differential
107,"VIndex(34, :ctrld_gen₊machine₊ψ″_q)",1,differential
108,"VIndex(34, :ctrld_gen₊machine₊ψ″_d)",1,differential
109,"VIndex(34, :ctrld_gen₊machine₊E′_d)",1,differential
110,"VIndex(34, :ctrld_gen₊machine₊E′_q)",1,differential
111,"VIndex(34, :ctrld_gen₊machine₊ω)",1,differential
112,"VIndex(34, :ctrld_gen₊machine₊δ)",1,differential
113,"VIndex(34, :busbar₊u_r)",0,algebraic
114,"VIndex(34, :busbar₊u_i)",0,algebraic
115,"VIndex(35, :ctrld_gen₊gov₊xg2)",1,differential
116,"VIndex(35, :ctrld_gen₊gov₊xg1)",1,differential
117,"VIndex(35, :ctrld_gen₊avr₊v_fb)",1,differential
118,"VIndex(35, :ctrld_gen₊avr₊vfout)",1,differential
119,"VIndex(35, :ctrld_gen₊avr₊vr)",1,differential
120,"VIndex(35, :ctrld_gen₊avr₊vm)",1,differential
121,"VIndex(35, :ctrld_gen₊machine₊ψ″_q)",1,differential
122,"VIndex(35, :ctrld_gen₊machine₊ψ″_d)",1,differential
123,"VIndex(35, :ctrld_gen₊machine₊E′_d)",1,differential
124,"VIndex(35, :ctrld_gen₊machine₊E′_q)",1,differential
125,"VIndex(35, :ctrld_gen₊machine₊ω)",1,differential
126,"VIndex(35, :ctrld_gen₊machine₊δ)",1,differential
127,"VIndex(35, :busbar₊u_r)",0,algebraic
128,"VIndex(35, :busbar₊u_i)",0,algebraic
129,"VIndex(36, :ctrld_gen₊gov₊xg2)",1,differential
130,"VIndex(36, :ctrld_gen₊gov₊xg1)",1,differential
131,"VIndex(36, :ctrld_gen₊avr₊v_fb)",1,differential
132,"VIndex(36, :ctrld_gen₊avr₊vfout)",1,differential
133,"VIndex(36, :ctrld_gen₊avr₊vr)",1,differential
134,"VIndex(36, :ctrld_gen₊avr₊vm)",1,differential
135,"VIndex(36, :ctrld_gen₊machine₊ψ″_q)",1,differential
136,"VIndex(36, :ctrld_gen₊machine₊ψ″_d)",1,differential
137,"VIndex(36, :ctrld_gen₊machine₊E′_d)",1,differential
138,"VIndex(36, :ctrld_gen₊machine₊E′_q)",1,differential
139,"VIndex(36, :ctrld_gen₊machine₊ω)",1,differential
140,"VIndex(36, :ctrld_gen₊machine₊δ)",1,differential
141,"VIndex(36, :busbar₊u_r)",0,algebraic
142,"VIndex(36, :busbar₊u_i)",0,algebraic
143,"VIndex(37, :ctrld_gen₊gov₊xg2)",1,differential
144,"VIndex(37, :ctrld_gen₊gov₊xg1)",1,differential
145,"VIndex(37, :ctrld_gen₊avr₊v_fb)",1,differential
146,"VIndex(37, :ctrld_gen₊avr₊vfout)",1,differential
147,"VIndex(37, :ctrld_gen₊avr₊vr)",1,differential
148,"VIndex(37, :ctrld_gen₊avr₊vm)",1,differential
149,"VIndex(37, :ctrld_gen₊machine₊ψ″_q)",1,differential
150,"VIndex(37, :ctrld_gen₊machine₊ψ″_d)",1,differential
151,"VIndex(37, :ctrld_gen₊machine₊E′_d)",1,differential
152,"VIndex(37, :ctrld_gen₊machine₊E′_q)",1,differential
153,"VIndex(37, :ctrld_gen₊machine₊ω)",1,differential
154,"VIndex(37, :ctrld_gen₊machine₊δ)",1,differential
155,"VIndex(37, :busbar₊u_r)",0,algebraic
156,"VIndex(37, :busbar₊u_i)",0,algebraic
157,"VIndex(38, :ctrld_gen₊gov₊xg2)",1,differential
158,"VIndex(38, :ctrld_gen₊gov₊xg1)",1,differential
159,"VIndex(38, :ctrld_gen₊avr₊v_fb)",1,differential
160,"VIndex(38, :ctrld_gen₊avr₊vfout)",1,differential
161,"VIndex(38, :ctrld_gen₊avr₊vr)",1,differential
162,"VIndex(38, :ctrld_gen₊avr₊vm)",1,differential
163,"VIndex(38, :ctrld_gen₊machine₊ψ″_q)",1,differential
164,"VIndex(38, :ctrld_gen₊machine₊ψ″_d)",1,differential
165,"VIndex(38, :ctrld_gen₊machine₊E′_d)",1,differential
166,"VIndex(38, :ctrld_gen₊machine₊E′_q)",1,differential
167,"VIndex(38, :ctrld_gen₊machine₊ω)",1,differential
168,"VIndex(38, :ctrld_gen₊machine₊δ)",1,differential
169,"VIndex(38, :busbar₊u_r)",0,algebraic
170,"VIndex(38, :busbar₊u_i)",0,algebraic
171,"VIndex(31, :ctrld_gen₊gov₊xg2)",1,differential
172,"VIndex(31, :ctrld_gen₊gov₊xg1)",1,differential
173,"VIndex(31, :ctrld_gen₊avr₊v_fb)",1,differential
174,"VIndex(31, :ctrld_gen₊avr₊vfout)",1,differential
175,"VIndex(31, :ctrld_gen₊avr₊vr)",1,differential
176,"VIndex(31, :ctrld_gen₊avr₊vm)",1,differential
177,"VIndex(31, :ctrld_gen₊machine₊ψ″_q)",1,differential
178,"VIndex(31, :ctrld_gen₊machine₊ψ″_d)",1,differential
179,"VIndex(31, :ctrld_gen₊machine₊E′_d)",1,differential
180,"VIndex(31, :ctrld_gen₊machine₊E′_q)",1,differential
181,"VIndex(31, :ctrld_gen₊machine₊ω)",1,differential
182,"VIndex(31, :ctrld_gen₊machine₊δ)",1,differential
183,"VIndex(31, :busbar₊u_r)",0,algebraic
184,"VIndex(31, :busbar₊u_i)",0,algebraic
185,"VIndex(39, :machine₊ψ″_q)",1,differential
186,"VIndex(39, :machine₊ψ″_d)",1,differential
187,"VIndex(39, :machine₊E′_d)",1,differential
188,"VIndex(39, :machine₊E′_q)",1,differential
189,"VIndex(39, :machine₊ω)",1,differential
190,"VIndex(39, :machine₊δ)",1,differential
191,"VIndex(39, :busbar₊u_r)",0,algebraic
192,"VIndex(39, :busbar₊u_i)",0,algebraic
