target_case_id,op_tag,op_m,competitor_type,competitor_support,b1,b2,stencil_id
op_m035_12_20_ai0p01_aj0p025,op_m035,0.35,double,15-20,0.004127290166204828,0.022868863463956342,stageA_op_m035_15_20_ai0p004127290166204828_aj0p022868863463956342_p0
op_m035_12_20_ai0p01_aj0p025,op_m035,0.35,double,15-20,0.005627290166204828,0.022868863463956342,stageA_op_m035_15_20_ai0p004127290166204828_aj0p022868863463956342_p1
op_m035_12_20_ai0p01_aj0p025,op_m035,0.35,double,15-20,0.002627290166204828,0.022868863463956342,stageA_op_m035_15_20_ai0p004127290166204828_aj0p022868863463956342_p2
op_m035_12_20_ai0p01_aj0p025,op_m035,0.35,double,15-20,0.004127290166204828,0.024368863463956343,stageA_op_m035_15_20_ai0p004127290166204828_aj0p022868863463956342_p3
op_m035_12_20_ai0p01_aj0p025,op_m035,0.35,double,15-20,0.004127290166204828,0.02136886346395634,stageA_op_m035_15_20_ai0p004127290166204828_aj0p022868863463956342_p4
op_m035_12_20_ai0p01_aj0p025,op_m035,0.35,double,15-20,0.005627290166204828,0.024368863463956343,stageA_op_m035_15_20_ai0p004127290166204828_aj0p022868863463956342_p5
op_m035_12_20_ai0p01_aj0p025,op_m035,0.35,double,15-20,0.005627290166204828,0.02136886346395634,stageA_op_m035_15_20_ai0p004127290166204828_aj0p022868863463956342_p6
op_m035_12_20_ai0p01_aj0p025,op_m035,0.35,double,15-20,0.002627290166204828,0.024368863463956343,stageA_op_m035_15_20_ai0p004127290166204828_aj0p022868863463956342_p7
op_m035_12_20_ai0p01_aj0p025,op_m035,0.35,double,15-20,0.002627290166204828,0.02136886346395634,stageA_op_m035_15_20_ai0p004127290166204828_aj0p022868863463956342_p8
op_m035_12_20_ai0p01_ajm0p025,op_m035,0.35,double,15-20,0.003918405550863788,-0.027036261533711078,stageA_op_m035_15_20_ai0p003918405550863788_ajm0p027036261533711078_p0
op_m035_12_20_ai0p01_ajm0p025,op_m035,0.35,double,15-20,0.005418405550863788,-0.027036261533711078,stageA_op_m035_15_20_ai0p003918405550863788_ajm0p027036261533711078_p1
op_m035_12_20_ai0p01_ajm0p025,op_m035,0.35,double,15-20,0.0024184055508637884,-0.027036261533711078,stageA_op_m035_15_20_ai0p003918405550863788_ajm0p027036261533711078_p2
op_m035_12_20_ai0p01_ajm0p025,op_m035,0.35,double,15-20,0.003918405550863788,-0.025536261533711076,stageA_op_m035_15_20_ai0p003918405550863788_ajm0p027036261533711078_p3
op_m035_12_20_ai0p01_ajm0p025,op_m035,0.35,double,15-20,0.003918405550863788,-0.02853626153371108,stageA_op_m035_15_20_ai0p003918405550863788_ajm0p027036261533711078_p4
op_m035_12_20_ai0p01_ajm0p025,op_m035,0.35,double,15-20,0.005418405550863788,-0.025536261533711076,stageA_op_m035_15_20_ai0p003918405550863788_ajm0p027036261533711078_p5
op_m035_12_20_ai0p01_ajm0p025,op_m035,0.35,double,15-20,0.005418405550863788,-0.02853626153371108,stageA_op_m035_15_20_ai0p003918405550863788_ajm0p027036261533711078_p6
op_m035_12_20_ai0p01_ajm0p025,op_m035,0.35,double,15-20,0.0024184055508637884,-0.025536261533711076,stageA_op_m035_15_20_ai0p003918405550863788_ajm0p027036261533711078_p7
op_m035_12_20_ai0p01_ajm0p025,op_m035,0.35,double,15-20,0.0024184055508637884,-0.02853626153371108,stageA_op_m035_15_20_ai0p003918405550863788_ajm0p027036261533711078_p8
op_m035_12_20_aim0p01_aj0p025,op_m035,0.35,double,15-20,-0.004139579240389981,0.02713758483414963,stageA_op_m035_15_20_aim0p004139579240389981_aj0p02713758483414963_p0
op_m035_12_20_aim0p01_aj0p025,op_m035,0.35,double,15-20,-0.0026395792403899813,0.02713758483414963,stageA_op_m035_15_20_aim0p004139579240389981_aj0p02713758483414963_p1
op_m035_12_20_aim0p01_aj0p025,op_m035,0.35,double,15-20,-0.005639579240389981,0.02713758483414963,stageA_op_m035_15_20_aim0p004139579240389981_aj0p02713758483414963_p2
op_m035_12_20_aim0p01_aj0p025,op_m035,0.35,double,15-20,-0.004139579240389981,0.028637584834149632,stageA_op_m035_15_20_aim0p004139579240389981_aj0p02713758483414963_p3
op_m035_12_20_aim0p01_aj0p025,op_m035,0.35,double,15-20,-0.004139579240389981,0.02563758483414963,stageA_op_m035_15_20_aim0p004139579240389981_aj0p02713758483414963_p4
op_m035_12_20_aim0p01_aj0p025,op_m035,0.35,double,15-20,-0.0026395792403899813,0.028637584834149632,stageA_op_m035_15_20_aim0p004139579240389981_aj0p02713758483414963_p5
op_m035_12_20_aim0p01_aj0p025,op_m035,0.35,double,15-20,-0.0026395792403899813,0.02563758483414963,stageA_op_m035_15_20_aim0p004139579240389981_aj0p02713758483414963_p6
op_m035_12_20_aim0p01_aj0p025,op_m035,0.35,double,15-20,-0.005639579240389981,0.028637584834149632,stageA_op_m035_15_20_aim0p004139579240389981_aj0p02713758483414963_p7
op_m035_12_20_aim0p01_aj0p025,op_m035,0.35,double,15-20,-0.005639579240389981,0.02563758483414963,stageA_op_m035_15_20_aim0p004139579240389981_aj0p02713758483414963_p8
op_m035_12_20_aim0p01_ajm0p025,op_m035,0.35,double,15-20,-0.003931372824988454,-0.022957336920970545,stageA_op_m035_15_20_aim0p003931372824988454_ajm0p022957336920970545_p0
op_m035_12_20_aim0p01_ajm0p025,op_m035,0.35,double,15-20,-0.002431372824988454,-0.022957336920970545,stageA_op_m035_15_20_aim0p003931372824988454_ajm0p022957336920970545_p1
op_m035_12_20_aim0p01_ajm0p025,op_m035,0.35,double,15-20,-0.005431372824988455,-0.022957336920970545,stageA_op_m035_15_20_aim0p003931372824988454_ajm0p022957336920970545_p2
op_m035_12_20_aim0p01_ajm0p025,op_m035,0.35,double,15-20,-0.003931372824988454,-0.021457336920970543,stageA_op_m035_15_20_aim0p003931372824988454_ajm0p022957336920970545_p3
op_m035_12_20_aim0p01_ajm0p025,op_m035,0.35,double,15-20,-0.003931372824988454,-0.024457336920970546,stageA_op_m035_15_20_aim0p003931372824988454_ajm0p022957336920970545_p4
op_m035_12_20_aim0p01_ajm0p025,op_m035,0.35,double,15-20,-0.002431372824988454,-0.021457336920970543,stageA_op_m035_15_20_aim0p003931372824988454_ajm0p022957336920970545_p5
op_m035_12_20_aim0p01_ajm0p025,op_m035,0.35,double,15-20,-0.002431372824988454,-0.024457336920970546,stageA_op_m035_15_20_aim0p003931372824988454_ajm0p022957336920970545_p6
op_m035_12_20_aim0p01_ajm0p025,op_m035,0.35,double,15-20,-0.005431372824988455,-0.021457336920970543,stageA_op_m035_15_20_aim0p003931372824988454_ajm0p022957336920970545_p7
op_m035_12_20_aim0p01_ajm0p025,op_m035,0.35,double,15-20,-0.005431372824988455,-0.024457336920970546,stageA_op_m035_15_20_aim0p003931372824988454_ajm0p022957336920970545_p8
op_m035_7_20_ai0p01_aj0p025,op_m035,0.35,double,8-20,0.003907587584922911,0.025293163144614907,stageA_op_m035_8_20_ai0p003907587584922911_aj0p025293163144614907_p0
op_m035_7_20_ai0p01_aj0p025,op_m035,0.35,double,8-20,0.005407587584922911,0.025293163144614907,stageA_op_m035_8_20_ai0p003907587584922911_aj0p025293163144614907_p1
op_m035_7_20_ai0p01_aj0p025,op_m035,0.35,double,8-20,0.002407587584922911,0.025293163144614907,stageA_op_m035_8_20_ai0p003907587584922911_aj0p025293163144614907_p2
op_m035_7_20_ai0p01_aj0p025,op_m035,0.35,double,8-20,0.003907587584922911,0.02679316314461491,stageA_op_m035_8_20_ai0p003907587584922911_aj0p025293163144614907_p3
op_m035_7_20_ai0p01_aj0p025,op_m035,0.35,double,8-20,0.003907587584922911,0.023793163144614906,stageA_op_m035_8_20_ai0p003907587584922911_aj0p025293163144614907_p4
op_m035_7_20_ai0p01_aj0p025,op_m035,0.35,double,8-20,0.005407587584922911,0.02679316314461491,stageA_op_m035_8_20_ai0p003907587584922911_aj0p025293163144614907_p5
op_m035_7_20_ai0p01_aj0p025,op_m035,0.35,double,8-20,0.005407587584922911,0.023793163144614906,stageA_op_m035_8_20_ai0p003907587584922911_aj0p025293163144614907_p6
op_m035_7_20_ai0p01_aj0p025,op_m035,0.35,double,8-20,0.002407587584922911,0.02679316314461491,stageA_op_m035_8_20_ai0p003907587584922911_aj0p025293163144614907_p7
op_m035_7_20_ai0p01_aj0p025,op_m035,0.35,double,8-20,0.002407587584922911,0.023793163144614906,stageA_op_m035_8_20_ai0p003907587584922911_aj0p025293163144614907_p8
op_m035_7_20_aim0p01_ajm0p025,op_m035,0.35,double,8-20,-0.003917718787124595,-0.02528392375543615,stageA_op_m035_8_20_aim0p003917718787124595_ajm0p02528392375543615_p0
op_m035_7_20_aim0p01_ajm0p025,op_m035,0.35,double,8-20,-0.0024177187871245952,-0.02528392375543615,stageA_op_m035_8_20_aim0p003917718787124595_ajm0p02528392375543615_p1
op_m035_7_20_aim0p01_ajm0p025,op_m035,0.35,double,8-20,-0.005417718787124595,-0.02528392375543615,stageA_op_m035_8_20_aim0p003917718787124595_ajm0p02528392375543615_p2
op_m035_7_20_aim0p01_ajm0p025,op_m035,0.35,double,8-20,-0.003917718787124595,-0.02378392375543615,stageA_op_m035_8_20_aim0p003917718787124595_ajm0p02528392375543615_p3
op_m035_7_20_aim0p01_ajm0p025,op_m035,0.35,double,8-20,-0.003917718787124595,-0.026783923755436152,stageA_op_m035_8_20_aim0p003917718787124595_ajm0p02528392375543615_p4
op_m035_7_20_aim0p01_ajm0p025,op_m035,0.35,double,8-20,-0.0024177187871245952,-0.02378392375543615,stageA_op_m035_8_20_aim0p003917718787124595_ajm0p02528392375543615_p5
op_m035_7_20_aim0p01_ajm0p025,op_m035,0.35,double,8-20,-0.0024177187871245952,-0.026783923755436152,stageA_op_m035_8_20_aim0p003917718787124595_ajm0p02528392375543615_p6
op_m035_7_20_aim0p01_ajm0p025,op_m035,0.35,double,8-20,-0.005417718787124595,-0.02378392375543615,stageA_op_m035_8_20_aim0p003917718787124595_ajm0p02528392375543615_p7
op_m035_7_20_aim0p01_ajm0p025,op_m035,0.35,double,8-20,-0.005417718787124595,-0.026783923755436152,stageA_op_m035_8_20_aim0p003917718787124595_ajm0p02528392375543615_p8
op_m085_12_20_ai0p01_aj0p025,op_m085,0.85,double,15-20,0.004133413859724028,0.022865859658988012,stageA_op_m085_15_20_ai0p004133413859724028_aj0p022865859658988012_p0
op_m085_12_20_ai0p01_aj0p025,op_m085,0.85,double,15-20,0.005633413859724028,0.022865859658988012,stageA_op_m085_15_20_ai0p004133413859724028_aj0p022865859658988012_p1
op_m085_12_20_ai0p01_aj0p025,op_m085,0.85,double,15-20,0.002633413859724028,0.022865859658988012,stageA_op_m085_15_20_ai0p004133413859724028_aj0p022865859658988012_p2
op_m085_12_20_ai0p01_aj0p025,op_m085,0.85,double,15-20,0.004133413859724028,0.024365859658988014,stageA_op_m085_15_20_ai0p004133413859724028_aj0p022865859658988012_p3
op_m085_12_20_ai0p01_aj0p025,op_m085,0.85,double,15-20,0.004133413859724028,0.02136585965898801,stageA_op_m085_15_20_ai0p004133413859724028_aj0p022865859658988012_p4
op_m085_12_20_ai0p01_aj0p025,op_m085,0.85,double,15-20,0.005633413859724028,0.024365859658988014,stageA_op_m085_15_20_ai0p004133413859724028_aj0p022865859658988012_p5
op_m085_12_20_ai0p01_aj0p025,op_m085,0.85,double,15-20,0.005633413859724028,0.02136585965898801,stageA_op_m085_15_20_ai0p004133413859724028_aj0p022865859658988012_p6
op_m085_12_20_ai0p01_aj0p025,op_m085,0.85,double,15-20,0.002633413859724028,0.024365859658988014,stageA_op_m085_15_20_ai0p004133413859724028_aj0p022865859658988012_p7
op_m085_12_20_ai0p01_aj0p025,op_m085,0.85,double,15-20,0.002633413859724028,0.02136585965898801,stageA_op_m085_15_20_ai0p004133413859724028_aj0p022865859658988012_p8
op_m085_12_20_ai0p01_ajm0p025,op_m085,0.85,double,15-20,0.003924122160558355,-0.027039125719912193,stageA_op_m085_15_20_ai0p003924122160558355_ajm0p027039125719912193_p0
op_m085_12_20_ai0p01_ajm0p025,op_m085,0.85,double,15-20,0.005424122160558355,-0.027039125719912193,stageA_op_m085_15_20_ai0p003924122160558355_ajm0p027039125719912193_p1
op_m085_12_20_ai0p01_ajm0p025,op_m085,0.85,double,15-20,0.002424122160558355,-0.027039125719912193,stageA_op_m085_15_20_ai0p003924122160558355_ajm0p027039125719912193_p2
op_m085_12_20_ai0p01_ajm0p025,op_m085,0.85,double,15-20,0.003924122160558355,-0.02553912571991219,stageA_op_m085_15_20_ai0p003924122160558355_ajm0p027039125719912193_p3
op_m085_12_20_ai0p01_ajm0p025,op_m085,0.85,double,15-20,0.003924122160558355,-0.028539125719912194,stageA_op_m085_15_20_ai0p003924122160558355_ajm0p027039125719912193_p4
op_m085_12_20_ai0p01_ajm0p025,op_m085,0.85,double,15-20,0.005424122160558355,-0.02553912571991219,stageA_op_m085_15_20_ai0p003924122160558355_ajm0p027039125719912193_p5
op_m085_12_20_ai0p01_ajm0p025,op_m085,0.85,double,15-20,0.005424122160558355,-0.028539125719912194,stageA_op_m085_15_20_ai0p003924122160558355_ajm0p027039125719912193_p6
op_m085_12_20_ai0p01_ajm0p025,op_m085,0.85,double,15-20,0.002424122160558355,-0.02553912571991219,stageA_op_m085_15_20_ai0p003924122160558355_ajm0p027039125719912193_p7
op_m085_12_20_ai0p01_ajm0p025,op_m085,0.85,double,15-20,0.002424122160558355,-0.028539125719912194,stageA_op_m085_15_20_ai0p003924122160558355_ajm0p027039125719912193_p8
op_m085_12_20_aim0p01_aj0p025,op_m085,0.85,double,15-20,-0.0041457342690378865,0.027140603910820123,stageA_op_m085_15_20_aim0p0041457342690378865_aj0p027140603910820123_p0
op_m085_12_20_aim0p01_aj0p025,op_m085,0.85,double,15-20,-0.0026457342690378864,0.027140603910820123,stageA_op_m085_15_20_aim0p0041457342690378865_aj0p027140603910820123_p1
op_m085_12_20_aim0p01_aj0p025,op_m085,0.85,double,15-20,-0.005645734269037887,0.027140603910820123,stageA_op_m085_15_20_aim0p0041457342690378865_aj0p027140603910820123_p2
op_m085_12_20_aim0p01_aj0p025,op_m085,0.85,double,15-20,-0.0041457342690378865,0.028640603910820125,stageA_op_m085_15_20_aim0p0041457342690378865_aj0p027140603910820123_p3
op_m085_12_20_aim0p01_aj0p025,op_m085,0.85,double,15-20,-0.0041457342690378865,0.025640603910820122,stageA_op_m085_15_20_aim0p0041457342690378865_aj0p027140603910820123_p4
op_m085_12_20_aim0p01_aj0p025,op_m085,0.85,double,15-20,-0.0026457342690378864,0.028640603910820125,stageA_op_m085_15_20_aim0p0041457342690378865_aj0p027140603910820123_p5
op_m085_12_20_aim0p01_aj0p025,op_m085,0.85,double,15-20,-0.0026457342690378864,0.025640603910820122,stageA_op_m085_15_20_aim0p0041457342690378865_aj0p027140603910820123_p6
op_m085_12_20_aim0p01_aj0p025,op_m085,0.85,double,15-20,-0.005645734269037887,0.028640603910820125,stageA_op_m085_15_20_aim0p0041457342690378865_aj0p027140603910820123_p7
op_m085_12_20_aim0p01_aj0p025,op_m085,0.85,double,15-20,-0.005645734269037887,0.025640603910820122,stageA_op_m085_15_20_aim0p0041457342690378865_aj0p027140603910820123_p8
op_m085_12_20_aim0p01_ajm0p025,op_m085,0.85,double,15-20,-0.003937125597913428,-0.022954457319329706,stageA_op_m085_15_20_aim0p003937125597913428_ajm0p022954457319329706_p0
op_m085_12_20_aim0p01_ajm0p025,op_m085,0.85,double,15-20,-0.0024371255979134276,-0.022954457319329706,stageA_op_m085_15_20_aim0p003937125597913428_ajm0p022954457319329706_p1
op_m085_12_20_aim0p01_ajm0p025,op_m085,0.85,double,15-20,-0.005437125597913428,-0.022954457319329706,stageA_op_m085_15_20_aim0p003937125597913428_ajm0p022954457319329706_p2
op_m085_12_20_aim0p01_ajm0p025,op_m085,0.85,double,15-20,-0.003937125597913428,-0.021454457319329705,stageA_op_m085_15_20_aim0p003937125597913428_ajm0p022954457319329706_p3
op_m085_12_20_aim0p01_ajm0p025,op_m085,0.85,double,15-20,-0.003937125597913428,-0.024454457319329707,stageA_op_m085_15_20_aim0p003937125597913428_ajm0p022954457319329706_p4
op_m085_12_20_aim0p01_ajm0p025,op_m085,0.85,double,15-20,-0.0024371255979134276,-0.021454457319329705,stageA_op_m085_15_20_aim0p003937125597913428_ajm0p022954457319329706_p5
op_m085_12_20_aim0p01_ajm0p025,op_m085,0.85,double,15-20,-0.0024371255979134276,-0.024454457319329707,stageA_op_m085_15_20_aim0p003937125597913428_ajm0p022954457319329706_p6
op_m085_12_20_aim0p01_ajm0p025,op_m085,0.85,double,15-20,-0.005437125597913428,-0.021454457319329705,stageA_op_m085_15_20_aim0p003937125597913428_ajm0p022954457319329706_p7
op_m085_12_20_aim0p01_ajm0p025,op_m085,0.85,double,15-20,-0.005437125597913428,-0.024454457319329707,stageA_op_m085_15_20_aim0p003937125597913428_ajm0p022954457319329706_p8
op_m085_7_20_ai0p01_aj0p025,op_m085,0.85,double,8-20,0.0039072843081614265,0.02529325835900163,stageA_op_m085_8_20_ai0p0039072843081614265_aj0p02529325835900163_p0
op_m085_7_20_ai0p01_aj0p025,op_m085,0.85,double,8-20,0.005407284308161427,0.02529325835900163,stageA_op_m085_8_20_ai0p0039072843081614265_aj0p02529325835900163_p1
op_m085_7_20_ai0p01_aj0p025,op_m085,0.85,double,8-20,0.0024072843081614265,0.02529325835900163,stageA_op_m085_8_20_ai0p0039072843081614265_aj0p02529325835900163_p2
op_m085_7_20_ai0p01_aj0p025,op_m085,0.85,double,8-20,0.0039072843081614265,0.02679325835900163,stageA_op_m085_8_20_ai0p0039072843081614265_aj0p02529325835900163_p3
op_m085_7_20_ai0p01_aj0p025,op_m085,0.85,double,8-20,0.0039072843081614265,0.023793258359001628,stageA_op_m085_8_20_ai0p0039072843081614265_aj0p02529325835900163_p4
op_m085_7_20_ai0p01_aj0p025,op_m085,0.85,double,8-20,0.005407284308161427,0.02679325835900163,stageA_op_m085_8_20_ai0p0039072843081614265_aj0p02529325835900163_p5
op_m085_7_20_ai0p01_aj0p025,op_m085,0.85,double,8-20,0.005407284308161427,0.023793258359001628,stageA_op_m085_8_20_ai0p0039072843081614265_aj0p02529325835900163_p6
op_m085_7_20_ai0p01_aj0p025,op_m085,0.85,double,8-20,0.0024072843081614265,0.02679325835900163,stageA_op_m085_8_20_ai0p0039072843081614265_aj0p02529325835900163_p7
op_m085_7_20_ai0p01_aj0p025,op_m085,0.85,double,8-20,0.0024072843081614265,0.023793258359001628,stageA_op_m085_8_20_ai0p0039072843081614265_aj0p02529325835900163_p8
op_m085_7_20_aim0p01_ajm0p025,op_m085,0.85,double,8-20,-0.003917419398210134,-0.02528401492329445,stageA_op_m085_8_20_aim0p003917419398210134_ajm0p02528401492329445_p0
op_m085_7_20_aim0p01_ajm0p025,op_m085,0.85,double,8-20,-0.002417419398210134,-0.02528401492329445,stageA_op_m085_8_20_aim0p003917419398210134_ajm0p02528401492329445_p1
op_m085_7_20_aim0p01_ajm0p025,op_m085,0.85,double,8-20,-0.005417419398210135,-0.02528401492329445,stageA_op_m085_8_20_aim0p003917419398210134_ajm0p02528401492329445_p2
op_m085_7_20_aim0p01_ajm0p025,op_m085,0.85,double,8-20,-0.003917419398210134,-0.023784014923294447,stageA_op_m085_8_20_aim0p003917419398210134_ajm0p02528401492329445_p3
op_m085_7_20_aim0p01_ajm0p025,op_m085,0.85,double,8-20,-0.003917419398210134,-0.02678401492329445,stageA_op_m085_8_20_aim0p003917419398210134_ajm0p02528401492329445_p4
op_m085_7_20_aim0p01_ajm0p025,op_m085,0.85,double,8-20,-0.002417419398210134,-0.023784014923294447,stageA_op_m085_8_20_aim0p003917419398210134_ajm0p02528401492329445_p5
op_m085_7_20_aim0p01_ajm0p025,op_m085,0.85,double,8-20,-0.002417419398210134,-0.02678401492329445,stageA_op_m085_8_20_aim0p003917419398210134_ajm0p02528401492329445_p6
op_m085_7_20_aim0p01_ajm0p025,op_m085,0.85,double,8-20,-0.005417419398210135,-0.023784014923294447,stageA_op_m085_8_20_aim0p003917419398210134_ajm0p02528401492329445_p7
op_m085_7_20_aim0p01_ajm0p025,op_m085,0.85,double,8-20,-0.005417419398210135,-0.02678401492329445,stageA_op_m085_8_20_aim0p003917419398210134_ajm0p02528401492329445_p8
op_m125_12_20_ai0p01_aj0p025,op_m125,1.25,double,15-20,0.004138350528988724,0.02286344088228987,stageA_op_m125_15_20_ai0p004138350528988724_aj0p02286344088228987_p0
op_m125_12_20_ai0p01_aj0p025,op_m125,1.25,double,15-20,0.005638350528988725,0.02286344088228987,stageA_op_m125_15_20_ai0p004138350528988724_aj0p02286344088228987_p1
op_m125_12_20_ai0p01_aj0p025,op_m125,1.25,double,15-20,0.002638350528988724,0.02286344088228987,stageA_op_m125_15_20_ai0p004138350528988724_aj0p02286344088228987_p2
op_m125_12_20_ai0p01_aj0p025,op_m125,1.25,double,15-20,0.004138350528988724,0.02436344088228987,stageA_op_m125_15_20_ai0p004138350528988724_aj0p02286344088228987_p3
op_m125_12_20_ai0p01_aj0p025,op_m125,1.25,double,15-20,0.004138350528988724,0.021363440882289867,stageA_op_m125_15_20_ai0p004138350528988724_aj0p02286344088228987_p4
op_m125_12_20_ai0p01_aj0p025,op_m125,1.25,double,15-20,0.005638350528988725,0.02436344088228987,stageA_op_m125_15_20_ai0p004138350528988724_aj0p02286344088228987_p5
op_m125_12_20_ai0p01_aj0p025,op_m125,1.25,double,15-20,0.005638350528988725,0.021363440882289867,stageA_op_m125_15_20_ai0p004138350528988724_aj0p02286344088228987_p6
op_m125_12_20_ai0p01_aj0p025,op_m125,1.25,double,15-20,0.002638350528988724,0.02436344088228987,stageA_op_m125_15_20_ai0p004138350528988724_aj0p02286344088228987_p7
op_m125_12_20_ai0p01_aj0p025,op_m125,1.25,double,15-20,0.002638350528988724,0.021363440882289867,stageA_op_m125_15_20_ai0p004138350528988724_aj0p02286344088228987_p8
op_m125_12_20_ai0p01_ajm0p025,op_m125,1.25,double,15-20,0.003928733004818814,-0.02704143265173945,stageA_op_m125_15_20_ai0p003928733004818814_ajm0p02704143265173945_p0
op_m125_12_20_ai0p01_ajm0p025,op_m125,1.25,double,15-20,0.005428733004818814,-0.02704143265173945,stageA_op_m125_15_20_ai0p003928733004818814_ajm0p02704143265173945_p1
op_m125_12_20_ai0p01_ajm0p025,op_m125,1.25,double,15-20,0.002428733004818814,-0.02704143265173945,stageA_op_m125_15_20_ai0p003928733004818814_ajm0p02704143265173945_p2
op_m125_12_20_ai0p01_ajm0p025,op_m125,1.25,double,15-20,0.003928733004818814,-0.02554143265173945,stageA_op_m125_15_20_ai0p003928733004818814_ajm0p02704143265173945_p3
op_m125_12_20_ai0p01_ajm0p025,op_m125,1.25,double,15-20,0.003928733004818814,-0.028541432651739453,stageA_op_m125_15_20_ai0p003928733004818814_ajm0p02704143265173945_p4
op_m125_12_20_ai0p01_ajm0p025,op_m125,1.25,double,15-20,0.005428733004818814,-0.02554143265173945,stageA_op_m125_15_20_ai0p003928733004818814_ajm0p02704143265173945_p5
op_m125_12_20_ai0p01_ajm0p025,op_m125,1.25,double,15-20,0.005428733004818814,-0.028541432651739453,stageA_op_m125_15_20_ai0p003928733004818814_ajm0p02704143265173945_p6
op_m125_12_20_ai0p01_ajm0p025,op_m125,1.25,double,15-20,0.002428733004818814,-0.02554143265173945,stageA_op_m125_15_20_ai0p003928733004818814_ajm0p02704143265173945_p7
op_m125_12_20_ai0p01_ajm0p025,op_m125,1.25,double,15-20,0.002428733004818814,-0.028541432651739453,stageA_op_m125_15_20_ai0p003928733004818814_ajm0p02704143265173945_p8
op_m125_12_20_aim0p01_aj0p025,op_m125,1.25,double,15-20,-0.004150697144672912,0.027143035319480535,stageA_op_m125_15_20_aim0p004150697144672912_aj0p027143035319480535_p0
op_m125_12_20_aim0p01_aj0p025,op_m125,1.25,double,15-20,-0.0026506971446729117,0.027143035319480535,stageA_op_m125_15_20_aim0p004150697144672912_aj0p027143035319480535_p1
op_m125_12_20_aim0p01_aj0p025,op_m125,1.25,double,15-20,-0.005650697144672912,0.027143035319480535,stageA_op_m125_15_20_aim0p004150697144672912_aj0p027143035319480535_p2
op_m125_12_20_aim0p01_aj0p025,op_m125,1.25,double,15-20,-0.004150697144672912,0.028643035319480536,stageA_op_m125_15_20_aim0p004150697144672912_aj0p027143035319480535_p3
op_m125_12_20_aim0p01_aj0p025,op_m125,1.25,double,15-20,-0.004150697144672912,0.025643035319480534,stageA_op_m125_15_20_aim0p004150697144672912_aj0p027143035319480535_p4
op_m125_12_20_aim0p01_aj0p025,op_m125,1.25,double,15-20,-0.0026506971446729117,0.028643035319480536,stageA_op_m125_15_20_aim0p004150697144672912_aj0p027143035319480535_p5
op_m125_12_20_aim0p01_aj0p025,op_m125,1.25,double,15-20,-0.0026506971446729117,0.025643035319480534,stageA_op_m125_15_20_aim0p004150697144672912_aj0p027143035319480535_p6
op_m125_12_20_aim0p01_aj0p025,op_m125,1.25,double,15-20,-0.005650697144672912,0.028643035319480536,stageA_op_m125_15_20_aim0p004150697144672912_aj0p027143035319480535_p7
op_m125_12_20_aim0p01_aj0p025,op_m125,1.25,double,15-20,-0.005650697144672912,0.025643035319480534,stageA_op_m125_15_20_aim0p004150697144672912_aj0p027143035319480535_p8
op_m125_12_20_aim0p01_ajm0p025,op_m125,1.25,double,15-20,-0.0039417644510618055,-0.022952138210012712,stageA_op_m125_15_20_aim0p0039417644510618055_ajm0p022952138210012712_p0
op_m125_12_20_aim0p01_ajm0p025,op_m125,1.25,double,15-20,-0.0024417644510618054,-0.022952138210012712,stageA_op_m125_15_20_aim0p0039417644510618055_ajm0p022952138210012712_p1
op_m125_12_20_aim0p01_ajm0p025,op_m125,1.25,double,15-20,-0.005441764451061806,-0.022952138210012712,stageA_op_m125_15_20_aim0p0039417644510618055_ajm0p022952138210012712_p2
op_m125_12_20_aim0p01_ajm0p025,op_m125,1.25,double,15-20,-0.0039417644510618055,-0.02145213821001271,stageA_op_m125_15_20_aim0p0039417644510618055_ajm0p022952138210012712_p3
op_m125_12_20_aim0p01_ajm0p025,op_m125,1.25,double,15-20,-0.0039417644510618055,-0.024452138210012714,stageA_op_m125_15_20_aim0p0039417644510618055_ajm0p022952138210012712_p4
op_m125_12_20_aim0p01_ajm0p025,op_m125,1.25,double,15-20,-0.0024417644510618054,-0.02145213821001271,stageA_op_m125_15_20_aim0p0039417644510618055_ajm0p022952138210012712_p5
op_m125_12_20_aim0p01_ajm0p025,op_m125,1.25,double,15-20,-0.0024417644510618054,-0.024452138210012714,stageA_op_m125_15_20_aim0p0039417644510618055_ajm0p022952138210012712_p6
op_m125_12_20_aim0p01_ajm0p025,op_m125,1.25,double,15-20,-0.005441764451061806,-0.02145213821001271,stageA_op_m125_15_20_aim0p0039417644510618055_ajm0p022952138210012712_p7
op_m125_12_20_aim0p01_ajm0p025,op_m125,1.25,double,15-20,-0.005441764451061806,-0.024452138210012714,stageA_op_m125_15_20_aim0p0039417644510618055_ajm0p022952138210012712_p8
op_m125_7_20_ai0p01_aj0p025,op_m125,1.25,double,8-20,0.003907043116328999,0.025293332636665115,stageA_op_m125_8_20_ai0p003907043116328999_aj0p025293332636665115_p0
op_m125_7_20_ai0p01_aj0p025,op_m125,1.25,double,8-20,0.005407043116328999,0.025293332636665115,stageA_op_m125_8_20_ai0p003907043116328999_aj0p025293332636665115_p1
op_m125_7_20_ai0p01_aj0p025,op_m125,1.25,double,8-20,0.002407043116328999,0.025293332636665115,stageA_op_m125_8_20_ai0p003907043116328999_aj0p025293332636665115_p2
op_m125_7_20_ai0p01_aj0p025,op_m125,1.25,double,8-20,0.003907043116328999,0.026793332636665116,stageA_op_m125_8_20_ai0p003907043116328999_aj0p025293332636665115_p3
op_m125_7_20_ai0p01_aj0p025,op_m125,1.25,double,8-20,0.003907043116328999,0.023793332636665113,stageA_op_m125_8_20_ai0p003907043116328999_aj0p025293332636665115_p4
op_m125_7_20_ai0p01_aj0p025,op_m125,1.25,double,8-20,0.005407043116328999,0.026793332636665116,stageA_op_m125_8_20_ai0p003907043116328999_aj0p025293332636665115_p5
op_m125_7_20_ai0p01_aj0p025,op_m125,1.25,double,8-20,0.005407043116328999,0.023793332636665113,stageA_op_m125_8_20_ai0p003907043116328999_aj0p025293332636665115_p6
op_m125_7_20_ai0p01_aj0p025,op_m125,1.25,double,8-20,0.002407043116328999,0.026793332636665116,stageA_op_m125_8_20_ai0p003907043116328999_aj0p025293332636665115_p7
op_m125_7_20_ai0p01_aj0p025,op_m125,1.25,double,8-20,0.002407043116328999,0.023793332636665113,stageA_op_m125_8_20_ai0p003907043116328999_aj0p025293332636665115_p8
op_m125_7_20_aim0p01_ajm0p025,op_m125,1.25,double,8-20,-0.0039171815177909556,-0.02528408604305707,stageA_op_m125_8_20_aim0p0039171815177909556_ajm0p02528408604305707_p0
op_m125_7_20_aim0p01_ajm0p025,op_m125,1.25,double,8-20,-0.0024171815177909555,-0.02528408604305707,stageA_op_m125_8_20_aim0p0039171815177909556_ajm0p02528408604305707_p1
op_m125_7_20_aim0p01_ajm0p025,op_m125,1.25,double,8-20,-0.005417181517790956,-0.02528408604305707,stageA_op_m125_8_20_aim0p0039171815177909556_ajm0p02528408604305707_p2
op_m125_7_20_aim0p01_ajm0p025,op_m125,1.25,double,8-20,-0.0039171815177909556,-0.023784086043057068,stageA_op_m125_8_20_aim0p0039171815177909556_ajm0p02528408604305707_p3
op_m125_7_20_aim0p01_ajm0p025,op_m125,1.25,double,8-20,-0.0039171815177909556,-0.02678408604305707,stageA_op_m125_8_20_aim0p0039171815177909556_ajm0p02528408604305707_p4
op_m125_7_20_aim0p01_ajm0p025,op_m125,1.25,double,8-20,-0.0024171815177909555,-0.023784086043057068,stageA_op_m125_8_20_aim0p0039171815177909556_ajm0p02528408604305707_p5
op_m125_7_20_aim0p01_ajm0p025,op_m125,1.25,double,8-20,-0.0024171815177909555,-0.02678408604305707,stageA_op_m125_8_20_aim0p0039171815177909556_ajm0p02528408604305707_p6
op_m125_7_20_aim0p01_ajm0p025,op_m125,1.25,double,8-20,-0.005417181517790956,-0.023784086043057068,stageA_op_m125_8_20_aim0p0039171815177909556_ajm0p02528408604305707_p7
op_m125_7_20_aim0p01_ajm0p025,op_m125,1.25,double,8-20,-0.005417181517790956,-0.02678408604305707,stageA_op_m125_8_20_aim0p0039171815177909556_ajm0p02528408604305707_p8
op_m035_7_20_ai0p01_ajm0p025,op_m035,0.35,double,8-20,0.003917674825655769,-0.024717284870375576,stageA_op_m035_8_20_ai0p003917674825655769_ajm0p024717284870375576_p0
op_m035_7_20_ai0p01_ajm0p025,op_m035,0.35,double,8-20,0.0054176748256557685,-0.024717284870375576,stageA_op_m035_8_20_ai0p003917674825655769_ajm0p024717284870375576_p1
op_m035_7_20_ai0p01_ajm0p025,op_m035,0.35,double,8-20,0.002417674825655769,-0.024717284870375576,stageA_op_m035_8_20_ai0p003917674825655769_ajm0p024717284870375576_p2
op_m035_7_20_ai0p01_ajm0p025,op_m035,0.35,double,8-20,0.003917674825655769,-0.023217284870375575,stageA_op_m035_8_20_ai0p003917674825655769_ajm0p024717284870375576_p3
op_m035_7_20_ai0p01_ajm0p025,op_m035,0.35,double,8-20,0.003917674825655769,-0.026217284870375578,stageA_op_m035_8_20_ai0p003917674825655769_ajm0p024717284870375576_p4
op_m035_7_20_ai0p01_ajm0p025,op_m035,0.35,double,8-20,0.0054176748256557685,-0.023217284870375575,stageA_op_m035_8_20_ai0p003917674825655769_ajm0p024717284870375576_p5
op_m035_7_20_ai0p01_ajm0p025,op_m035,0.35,double,8-20,0.0054176748256557685,-0.026217284870375578,stageA_op_m035_8_20_ai0p003917674825655769_ajm0p024717284870375576_p6
op_m035_7_20_ai0p01_ajm0p025,op_m035,0.35,double,8-20,0.002417674825655769,-0.023217284870375575,stageA_op_m035_8_20_ai0p003917674825655769_ajm0p024717284870375576_p7
op_m035_7_20_ai0p01_ajm0p025,op_m035,0.35,double,8-20,0.002417674825655769,-0.026217284870375578,stageA_op_m035_8_20_ai0p003917674825655769_ajm0p024717284870375576_p8
op_m035_7_20_aim0p01_aj0p025,op_m035,0.35,double,8-20,-0.003907841691486324,0.024705844653228993,stageA_op_m035_8_20_aim0p003907841691486324_aj0p024705844653228993_p0
op_m035_7_20_aim0p01_aj0p025,op_m035,0.35,double,8-20,-0.0024078416914863243,0.024705844653228993,stageA_op_m035_8_20_aim0p003907841691486324_aj0p024705844653228993_p1
op_m035_7_20_aim0p01_aj0p025,op_m035,0.35,double,8-20,-0.005407841691486325,0.024705844653228993,stageA_op_m035_8_20_aim0p003907841691486324_aj0p024705844653228993_p2
op_m035_7_20_aim0p01_aj0p025,op_m035,0.35,double,8-20,-0.003907841691486324,0.026205844653228994,stageA_op_m035_8_20_aim0p003907841691486324_aj0p024705844653228993_p3
op_m035_7_20_aim0p01_aj0p025,op_m035,0.35,double,8-20,-0.003907841691486324,0.02320584465322899,stageA_op_m035_8_20_aim0p003907841691486324_aj0p024705844653228993_p4
op_m035_7_20_aim0p01_aj0p025,op_m035,0.35,double,8-20,-0.0024078416914863243,0.026205844653228994,stageA_op_m035_8_20_aim0p003907841691486324_aj0p024705844653228993_p5
op_m035_7_20_aim0p01_aj0p025,op_m035,0.35,double,8-20,-0.0024078416914863243,0.02320584465322899,stageA_op_m035_8_20_aim0p003907841691486324_aj0p024705844653228993_p6
op_m035_7_20_aim0p01_aj0p025,op_m035,0.35,double,8-20,-0.005407841691486325,0.026205844653228994,stageA_op_m035_8_20_aim0p003907841691486324_aj0p024705844653228993_p7
op_m035_7_20_aim0p01_aj0p025,op_m035,0.35,double,8-20,-0.005407841691486325,0.02320584465322899,stageA_op_m035_8_20_aim0p003907841691486324_aj0p024705844653228993_p8
op_m085_7_20_ai0p01_ajm0p025,op_m085,0.85,double,8-20,0.003917372980027006,-0.024717193778691443,stageA_op_m085_8_20_ai0p003917372980027006_ajm0p024717193778691443_p0
op_m085_7_20_ai0p01_ajm0p025,op_m085,0.85,double,8-20,0.005417372980027006,-0.024717193778691443,stageA_op_m085_8_20_ai0p003917372980027006_ajm0p024717193778691443_p1
op_m085_7_20_ai0p01_ajm0p025,op_m085,0.85,double,8-20,0.0024173729800270063,-0.024717193778691443,stageA_op_m085_8_20_ai0p003917372980027006_ajm0p024717193778691443_p2
op_m085_7_20_ai0p01_ajm0p025,op_m085,0.85,double,8-20,0.003917372980027006,-0.023217193778691442,stageA_op_m085_8_20_ai0p003917372980027006_ajm0p024717193778691443_p3
op_m085_7_20_ai0p01_ajm0p025,op_m085,0.85,double,8-20,0.003917372980027006,-0.026217193778691444,stageA_op_m085_8_20_ai0p003917372980027006_ajm0p024717193778691443_p4
op_m085_7_20_ai0p01_ajm0p025,op_m085,0.85,double,8-20,0.005417372980027006,-0.023217193778691442,stageA_op_m085_8_20_ai0p003917372980027006_ajm0p024717193778691443_p5
op_m085_7_20_ai0p01_ajm0p025,op_m085,0.85,double,8-20,0.005417372980027006,-0.026217193778691444,stageA_op_m085_8_20_ai0p003917372980027006_ajm0p024717193778691443_p6
op_m085_7_20_ai0p01_ajm0p025,op_m085,0.85,double,8-20,0.0024173729800270063,-0.023217193778691442,stageA_op_m085_8_20_ai0p003917372980027006_ajm0p024717193778691443_p7
op_m085_7_20_ai0p01_ajm0p025,op_m085,0.85,double,8-20,0.0024173729800270063,-0.026217193778691444,stageA_op_m085_8_20_ai0p003917372980027006_ajm0p024717193778691443_p8
op_m085_7_20_aim0p01_aj0p025,op_m085,0.85,double,8-20,-0.003907537821667858,0.0247057476825784,stageA_op_m085_8_20_aim0p003907537821667858_aj0p0247057476825784_p0
op_m085_7_20_aim0p01_aj0p025,op_m085,0.85,double,8-20,-0.002407537821667858,0.0247057476825784,stageA_op_m085_8_20_aim0p003907537821667858_aj0p0247057476825784_p1
op_m085_7_20_aim0p01_aj0p025,op_m085,0.85,double,8-20,-0.0054075378216678575,0.0247057476825784,stageA_op_m085_8_20_aim0p003907537821667858_aj0p0247057476825784_p2
op_m085_7_20_aim0p01_aj0p025,op_m085,0.85,double,8-20,-0.003907537821667858,0.0262057476825784,stageA_op_m085_8_20_aim0p003907537821667858_aj0p0247057476825784_p3
op_m085_7_20_aim0p01_aj0p025,op_m085,0.85,double,8-20,-0.003907537821667858,0.0232057476825784,stageA_op_m085_8_20_aim0p003907537821667858_aj0p0247057476825784_p4
op_m085_7_20_aim0p01_aj0p025,op_m085,0.85,double,8-20,-0.002407537821667858,0.0262057476825784,stageA_op_m085_8_20_aim0p003907537821667858_aj0p0247057476825784_p5
op_m085_7_20_aim0p01_aj0p025,op_m085,0.85,double,8-20,-0.002407537821667858,0.0232057476825784,stageA_op_m085_8_20_aim0p003907537821667858_aj0p0247057476825784_p6
op_m085_7_20_aim0p01_aj0p025,op_m085,0.85,double,8-20,-0.0054075378216678575,0.0262057476825784,stageA_op_m085_8_20_aim0p003907537821667858_aj0p0247057476825784_p7
op_m085_7_20_aim0p01_aj0p025,op_m085,0.85,double,8-20,-0.0054075378216678575,0.0232057476825784,stageA_op_m085_8_20_aim0p003907537821667858_aj0p0247057476825784_p8
op_m125_7_20_ai0p01_ajm0p025,op_m125,1.25,double,8-20,0.003917133331023226,-0.024717122855585198,stageA_op_m125_8_20_ai0p003917133331023226_ajm0p024717122855585198_p0
op_m125_7_20_ai0p01_ajm0p025,op_m125,1.25,double,8-20,0.0054171333310232255,-0.024717122855585198,stageA_op_m125_8_20_ai0p003917133331023226_ajm0p024717122855585198_p1
op_m125_7_20_ai0p01_ajm0p025,op_m125,1.25,double,8-20,0.002417133331023226,-0.024717122855585198,stageA_op_m125_8_20_ai0p003917133331023226_ajm0p024717122855585198_p2
op_m125_7_20_ai0p01_ajm0p025,op_m125,1.25,double,8-20,0.003917133331023226,-0.023217122855585196,stageA_op_m125_8_20_ai0p003917133331023226_ajm0p024717122855585198_p3
op_m125_7_20_ai0p01_ajm0p025,op_m125,1.25,double,8-20,0.003917133331023226,-0.0262171228555852,stageA_op_m125_8_20_ai0p003917133331023226_ajm0p024717122855585198_p4
op_m125_7_20_ai0p01_ajm0p025,op_m125,1.25,double,8-20,0.0054171333310232255,-0.023217122855585196,stageA_op_m125_8_20_ai0p003917133331023226_ajm0p024717122855585198_p5
op_m125_7_20_ai0p01_ajm0p025,op_m125,1.25,double,8-20,0.0054171333310232255,-0.0262171228555852,stageA_op_m125_8_20_ai0p003917133331023226_ajm0p024717122855585198_p6
op_m125_7_20_ai0p01_ajm0p025,op_m125,1.25,double,8-20,0.002417133331023226,-0.023217122855585196,stageA_op_m125_8_20_ai0p003917133331023226_ajm0p024717122855585198_p7
op_m125_7_20_ai0p01_ajm0p025,op_m125,1.25,double,8-20,0.002417133331023226,-0.0262171228555852,stageA_op_m125_8_20_ai0p003917133331023226_ajm0p024717122855585198_p8
op_m125_7_20_aim0p01_aj0p025,op_m125,1.25,double,8-20,-0.003907295515633514,0.02470567145066094,stageA_op_m125_8_20_aim0p003907295515633514_aj0p02470567145066094_p0
op_m125_7_20_aim0p01_aj0p025,op_m125,1.25,double,8-20,-0.002407295515633514,0.02470567145066094,stageA_op_m125_8_20_aim0p003907295515633514_aj0p02470567145066094_p1
op_m125_7_20_aim0p01_aj0p025,op_m125,1.25,double,8-20,-0.0054072955156335145,0.02470567145066094,stageA_op_m125_8_20_aim0p003907295515633514_aj0p02470567145066094_p2
op_m125_7_20_aim0p01_aj0p025,op_m125,1.25,double,8-20,-0.003907295515633514,0.026205671450660942,stageA_op_m125_8_20_aim0p003907295515633514_aj0p02470567145066094_p3
op_m125_7_20_aim0p01_aj0p025,op_m125,1.25,double,8-20,-0.003907295515633514,0.02320567145066094,stageA_op_m125_8_20_aim0p003907295515633514_aj0p02470567145066094_p4
op_m125_7_20_aim0p01_aj0p025,op_m125,1.25,double,8-20,-0.002407295515633514,0.026205671450660942,stageA_op_m125_8_20_aim0p003907295515633514_aj0p02470567145066094_p5
op_m125_7_20_aim0p01_aj0p025,op_m125,1.25,double,8-20,-0.002407295515633514,0.02320567145066094,stageA_op_m125_8_20_aim0p003907295515633514_aj0p02470567145066094_p6
op_m125_7_20_aim0p01_aj0p025,op_m125,1.25,double,8-20,-0.0054072955156335145,0.026205671450660942,stageA_op_m125_8_20_aim0p003907295515633514_aj0p02470567145066094_p7
op_m125_7_20_aim0p01_aj0p025,op_m125,1.25,double,8-20,-0.0054072955156335145,0.02320567145066094,stageA_op_m125_8_20_aim0p003907295515633514_aj0p02470567145066094_p8
op_m035_16_18_ai0p01_aj0p025,op_m035,0.35,double,18-20,0.03,0.003845725405001412,stageA_op_m035_18_20_ai0p03_aj0p003845725405001412_p0
op_m035_16_18_ai0p01_aj0p025,op_m035,0.35,double,18-20,0.028499999999999998,0.003845725405001412,stageA_op_m035_18_20_ai0p03_aj0p003845725405001412_p2
op_m035_16_18_ai0p01_aj0p025,op_m035,0.35,double,18-20,0.03,0.005345725405001412,stageA_op_m035_18_20_ai0p03_aj0p003845725405001412_p3
op_m035_16_18_ai0p01_aj0p025,op_m035,0.35,double,18-20,0.03,0.002345725405001412,stageA_op_m035_18_20_ai0p03_aj0p003845725405001412_p4
op_m035_16_18_ai0p01_aj0p025,op_m035,0.35,double,18-20,0.028499999999999998,0.005345725405001412,stageA_op_m035_18_20_ai0p03_aj0p003845725405001412_p7
op_m035_16_18_ai0p01_aj0p025,op_m035,0.35,double,18-20,0.028499999999999998,0.002345725405001412,stageA_op_m035_18_20_ai0p03_aj0p003845725405001412_p8
op_m035_26_28_ai0p01_aj0p025,op_m035,0.35,double,27-28,0.001393987254132557,0.029826590223558776,stageA_op_m035_27_28_ai0p001393987254132557_aj0p029826590223558776_p0
op_m035_26_28_ai0p01_aj0p025,op_m035,0.35,double,27-28,0.002893987254132557,0.029826590223558776,stageA_op_m035_27_28_ai0p001393987254132557_aj0p029826590223558776_p1
op_m035_26_28_ai0p01_aj0p025,op_m035,0.35,double,27-28,-0.00010601274586744306,0.029826590223558776,stageA_op_m035_27_28_ai0p001393987254132557_aj0p029826590223558776_p2
op_m035_26_28_ai0p01_aj0p025,op_m035,0.35,double,27-28,0.001393987254132557,0.028326590223558774,stageA_op_m035_27_28_ai0p001393987254132557_aj0p029826590223558776_p4
op_m035_26_28_ai0p01_aj0p025,op_m035,0.35,double,27-28,0.002893987254132557,0.028326590223558774,stageA_op_m035_27_28_ai0p001393987254132557_aj0p029826590223558776_p6
op_m035_26_28_ai0p01_aj0p025,op_m035,0.35,double,27-28,-0.00010601274586744306,0.028326590223558774,stageA_op_m035_27_28_ai0p001393987254132557_aj0p029826590223558776_p8
op_m125_3_18_ai0p01_aj0p025,op_m125,1.25,double,3-15,0.01707866748913114,0.005160351379519204,stageA_op_m125_3_15_ai0p01707866748913114_aj0p005160351379519204_p0
op_m125_3_18_ai0p01_aj0p025,op_m125,1.25,double,3-15,0.018578667489131142,0.005160351379519204,stageA_op_m125_3_15_ai0p01707866748913114_aj0p005160351379519204_p1
op_m125_3_18_ai0p01_aj0p025,op_m125,1.25,double,3-15,0.015578667489131141,0.005160351379519204,stageA_op_m125_3_15_ai0p01707866748913114_aj0p005160351379519204_p2
op_m125_3_18_ai0p01_aj0p025,op_m125,1.25,double,3-15,0.01707866748913114,0.006660351379519204,stageA_op_m125_3_15_ai0p01707866748913114_aj0p005160351379519204_p3
op_m125_3_18_ai0p01_aj0p025,op_m125,1.25,double,3-15,0.01707866748913114,0.003660351379519204,stageA_op_m125_3_15_ai0p01707866748913114_aj0p005160351379519204_p4
op_m125_3_18_ai0p01_aj0p025,op_m125,1.25,double,3-15,0.018578667489131142,0.006660351379519204,stageA_op_m125_3_15_ai0p01707866748913114_aj0p005160351379519204_p5
op_m125_3_18_ai0p01_aj0p025,op_m125,1.25,double,3-15,0.018578667489131142,0.003660351379519204,stageA_op_m125_3_15_ai0p01707866748913114_aj0p005160351379519204_p6
op_m125_3_18_ai0p01_aj0p025,op_m125,1.25,double,3-15,0.015578667489131141,0.006660351379519204,stageA_op_m125_3_15_ai0p01707866748913114_aj0p005160351379519204_p7
op_m125_3_18_ai0p01_aj0p025,op_m125,1.25,double,3-15,0.015578667489131141,0.003660351379519204,stageA_op_m125_3_15_ai0p01707866748913114_aj0p005160351379519204_p8
op_m035_12_24_ai0p01_ajm0p025,op_m035,0.35,double,15-24,0.002289012770732368,-0.02758324168375241,stageA_op_m035_15_24_ai0p002289012770732368_ajm0p02758324168375241_p0
op_m035_12_24_ai0p01_ajm0p025,op_m035,0.35,double,15-24,0.003789012770732368,-0.02758324168375241,stageA_op_m035_15_24_ai0p002289012770732368_ajm0p02758324168375241_p1
op_m035_12_24_ai0p01_ajm0p025,op_m035,0.35,double,15-24,0.0007890127707323681,-0.02758324168375241,stageA_op_m035_15_24_ai0p002289012770732368_ajm0p02758324168375241_p2
op_m035_12_24_ai0p01_ajm0p025,op_m035,0.35,double,15-24,0.002289012770732368,-0.02608324168375241,stageA_op_m035_15_24_ai0p002289012770732368_ajm0p02758324168375241_p3
op_m035_12_24_ai0p01_ajm0p025,op_m035,0.35,double,15-24,0.002289012770732368,-0.02908324168375241,stageA_op_m035_15_24_ai0p002289012770732368_ajm0p02758324168375241_p4
op_m035_12_24_ai0p01_ajm0p025,op_m035,0.35,double,15-24,0.003789012770732368,-0.02608324168375241,stageA_op_m035_15_24_ai0p002289012770732368_ajm0p02758324168375241_p5
op_m035_12_24_ai0p01_ajm0p025,op_m035,0.35,double,15-24,0.003789012770732368,-0.02908324168375241,stageA_op_m035_15_24_ai0p002289012770732368_ajm0p02758324168375241_p6
op_m035_12_24_ai0p01_ajm0p025,op_m035,0.35,double,15-24,0.0007890127707323681,-0.02608324168375241,stageA_op_m035_15_24_ai0p002289012770732368_ajm0p02758324168375241_p7
op_m035_12_24_ai0p01_ajm0p025,op_m035,0.35,double,15-24,0.0007890127707323681,-0.02908324168375241,stageA_op_m035_15_24_ai0p002289012770732368_ajm0p02758324168375241_p8
op_m035_16_18_aim0p01_ajm0p025,op_m035,0.35,double,18-20,-0.03,-0.0038448146839853326,stageA_op_m035_18_20_aim0p03_ajm0p0038448146839853326_p0
op_m035_16_18_aim0p01_ajm0p025,op_m035,0.35,double,18-20,-0.028499999999999998,-0.0038448146839853326,stageA_op_m035_18_20_aim0p03_ajm0p0038448146839853326_p1
op_m035_16_18_aim0p01_ajm0p025,op_m035,0.35,double,18-20,-0.03,-0.0023448146839853325,stageA_op_m035_18_20_aim0p03_ajm0p0038448146839853326_p3
op_m035_16_18_aim0p01_ajm0p025,op_m035,0.35,double,18-20,-0.03,-0.005344814683985333,stageA_op_m035_18_20_aim0p03_ajm0p0038448146839853326_p4
op_m035_16_18_aim0p01_ajm0p025,op_m035,0.35,double,18-20,-0.028499999999999998,-0.0023448146839853325,stageA_op_m035_18_20_aim0p03_ajm0p0038448146839853326_p5
op_m035_16_18_aim0p01_ajm0p025,op_m035,0.35,double,18-20,-0.028499999999999998,-0.005344814683985333,stageA_op_m035_18_20_aim0p03_ajm0p0038448146839853326_p6
op_m035_26_28_aim0p01_ajm0p025,op_m035,0.35,double,27-28,-0.001432681920698726,-0.02976710857590274,stageA_op_m035_27_28_aim0p001432681920698726_ajm0p02976710857590274_p0
op_m035_26_28_aim0p01_ajm0p025,op_m035,0.35,double,27-28,6.731807930127412e-05,-0.02976710857590274,stageA_op_m035_27_28_aim0p001432681920698726_ajm0p02976710857590274_p1
op_m035_26_28_aim0p01_ajm0p025,op_m035,0.35,double,27-28,-0.002932681920698726,-0.02976710857590274,stageA_op_m035_27_28_aim0p001432681920698726_ajm0p02976710857590274_p2
op_m035_26_28_aim0p01_ajm0p025,op_m035,0.35,double,27-28,-0.001432681920698726,-0.028267108575902738,stageA_op_m035_27_28_aim0p001432681920698726_ajm0p02976710857590274_p3
op_m035_26_28_aim0p01_ajm0p025,op_m035,0.35,double,27-28,6.731807930127412e-05,-0.028267108575902738,stageA_op_m035_27_28_aim0p001432681920698726_ajm0p02976710857590274_p5
op_m035_26_28_aim0p01_ajm0p025,op_m035,0.35,double,27-28,-0.002932681920698726,-0.028267108575902738,stageA_op_m035_27_28_aim0p001432681920698726_ajm0p02976710857590274_p7
op_m035_3_18_ai0p01_aj0p025,op_m035,0.35,double,3-15,0.017270464587059046,0.005158201005997898,stageA_op_m035_3_15_ai0p017270464587059046_aj0p005158201005997898_p0
op_m035_3_18_ai0p01_aj0p025,op_m035,0.35,double,3-15,0.018770464587059048,0.005158201005997898,stageA_op_m035_3_15_ai0p017270464587059046_aj0p005158201005997898_p1
op_m035_3_18_ai0p01_aj0p025,op_m035,0.35,double,3-15,0.015770464587059045,0.005158201005997898,stageA_op_m035_3_15_ai0p017270464587059046_aj0p005158201005997898_p2
op_m035_3_18_ai0p01_aj0p025,op_m035,0.35,double,3-15,0.017270464587059046,0.006658201005997897,stageA_op_m035_3_15_ai0p017270464587059046_aj0p005158201005997898_p3
op_m035_3_18_ai0p01_aj0p025,op_m035,0.35,double,3-15,0.017270464587059046,0.0036582010059978977,stageA_op_m035_3_15_ai0p017270464587059046_aj0p005158201005997898_p4
op_m035_3_18_ai0p01_aj0p025,op_m035,0.35,double,3-15,0.018770464587059048,0.006658201005997897,stageA_op_m035_3_15_ai0p017270464587059046_aj0p005158201005997898_p5
op_m035_3_18_ai0p01_aj0p025,op_m035,0.35,double,3-15,0.018770464587059048,0.0036582010059978977,stageA_op_m035_3_15_ai0p017270464587059046_aj0p005158201005997898_p6
op_m035_3_18_ai0p01_aj0p025,op_m035,0.35,double,3-15,0.015770464587059045,0.006658201005997897,stageA_op_m035_3_15_ai0p017270464587059046_aj0p005158201005997898_p7
op_m035_3_18_ai0p01_aj0p025,op_m035,0.35,double,3-15,0.015770464587059045,0.0036582010059978977,stageA_op_m035_3_15_ai0p017270464587059046_aj0p005158201005997898_p8
op_m035_3_4_aim0p01_ajm0p025,op_m035,0.35,double,4-24,-0.02865086344332752,-0.005029558943821409,stageA_op_m035_4_24_aim0p02865086344332752_ajm0p005029558943821409_p0
op_m035_3_4_aim0p01_ajm0p025,op_m035,0.35,double,4-24,-0.027150863443327518,-0.005029558943821409,stageA_op_m035_4_24_aim0p02865086344332752_ajm0p005029558943821409_p1
op_m035_3_4_aim0p01_ajm0p025,op_m035,0.35,double,4-24,-0.02865086344332752,-0.003529558943821409,stageA_op_m035_4_24_aim0p02865086344332752_ajm0p005029558943821409_p3
op_m035_3_4_aim0p01_ajm0p025,op_m035,0.35,double,4-24,-0.02865086344332752,-0.0065295589438214095,stageA_op_m035_4_24_aim0p02865086344332752_ajm0p005029558943821409_p4
op_m035_3_4_aim0p01_ajm0p025,op_m035,0.35,double,4-24,-0.027150863443327518,-0.003529558943821409,stageA_op_m035_4_24_aim0p02865086344332752_ajm0p005029558943821409_p5
op_m035_3_4_aim0p01_ajm0p025,op_m035,0.35,double,4-24,-0.027150863443327518,-0.0065295589438214095,stageA_op_m035_4_24_aim0p02865086344332752_ajm0p005029558943821409_p6
op_m085_12_24_ai0p01_ajm0p025,op_m085,0.85,double,15-24,0.0022918345181043307,-0.027586940862943516,stageA_op_m085_15_24_ai0p0022918345181043307_ajm0p027586940862943516_p0
op_m085_12_24_ai0p01_ajm0p025,op_m085,0.85,double,15-24,0.0037918345181043307,-0.027586940862943516,stageA_op_m085_15_24_ai0p0022918345181043307_ajm0p027586940862943516_p1
op_m085_12_24_ai0p01_ajm0p025,op_m085,0.85,double,15-24,0.0007918345181043306,-0.027586940862943516,stageA_op_m085_15_24_ai0p0022918345181043307_ajm0p027586940862943516_p2
op_m085_12_24_ai0p01_ajm0p025,op_m085,0.85,double,15-24,0.0022918345181043307,-0.026086940862943515,stageA_op_m085_15_24_ai0p0022918345181043307_ajm0p027586940862943516_p3
op_m085_12_24_ai0p01_ajm0p025,op_m085,0.85,double,15-24,0.0022918345181043307,-0.029086940862943517,stageA_op_m085_15_24_ai0p0022918345181043307_ajm0p027586940862943516_p4
op_m085_12_24_ai0p01_ajm0p025,op_m085,0.85,double,15-24,0.0037918345181043307,-0.026086940862943515,stageA_op_m085_15_24_ai0p0022918345181043307_ajm0p027586940862943516_p5
op_m085_12_24_ai0p01_ajm0p025,op_m085,0.85,double,15-24,0.0037918345181043307,-0.029086940862943517,stageA_op_m085_15_24_ai0p0022918345181043307_ajm0p027586940862943516_p6
op_m085_12_24_ai0p01_ajm0p025,op_m085,0.85,double,15-24,0.0007918345181043306,-0.026086940862943515,stageA_op_m085_15_24_ai0p0022918345181043307_ajm0p027586940862943516_p7
op_m085_12_24_ai0p01_ajm0p025,op_m085,0.85,double,15-24,0.0007918345181043306,-0.029086940862943517,stageA_op_m085_15_24_ai0p0022918345181043307_ajm0p027586940862943516_p8
op_m085_16_18_ai0p01_aj0p025,op_m085,0.85,double,18-20,0.03,0.0038456648369039033,stageA_op_m085_18_20_ai0p03_aj0p0038456648369039033_p0
op_m085_16_18_ai0p01_aj0p025,op_m085,0.85,double,18-20,0.028499999999999998,0.0038456648369039033,stageA_op_m085_18_20_ai0p03_aj0p0038456648369039033_p2
op_m085_16_18_ai0p01_aj0p025,op_m085,0.85,double,18-20,0.03,0.005345664836903904,stageA_op_m085_18_20_ai0p03_aj0p0038456648369039033_p3
op_m085_16_18_ai0p01_aj0p025,op_m085,0.85,double,18-20,0.03,0.0023456648369039033,stageA_op_m085_18_20_ai0p03_aj0p0038456648369039033_p4
op_m085_16_18_ai0p01_aj0p025,op_m085,0.85,double,18-20,0.028499999999999998,0.005345664836903904,stageA_op_m085_18_20_ai0p03_aj0p0038456648369039033_p7
op_m085_16_18_ai0p01_aj0p025,op_m085,0.85,double,18-20,0.028499999999999998,0.0023456648369039033,stageA_op_m085_18_20_ai0p03_aj0p0038456648369039033_p8
op_m085_26_28_ai0p01_aj0p025,op_m085,0.85,double,27-28,0.0013940530819699052,0.02982627384196677,stageA_op_m085_27_28_ai0p0013940530819699052_aj0p02982627384196677_p0
op_m085_26_28_ai0p01_aj0p025,op_m085,0.85,double,27-28,0.0028940530819699054,0.02982627384196677,stageA_op_m085_27_28_ai0p0013940530819699052_aj0p02982627384196677_p1
op_m085_26_28_ai0p01_aj0p025,op_m085,0.85,double,27-28,-0.00010594691803009486,0.02982627384196677,stageA_op_m085_27_28_ai0p0013940530819699052_aj0p02982627384196677_p2
op_m085_26_28_ai0p01_aj0p025,op_m085,0.85,double,27-28,0.0013940530819699052,0.02832627384196677,stageA_op_m085_27_28_ai0p0013940530819699052_aj0p02982627384196677_p4
op_m085_26_28_ai0p01_aj0p025,op_m085,0.85,double,27-28,0.0028940530819699054,0.02832627384196677,stageA_op_m085_27_28_ai0p0013940530819699052_aj0p02982627384196677_p6
op_m085_26_28_ai0p01_aj0p025,op_m085,0.85,double,27-28,-0.00010594691803009486,0.02832627384196677,stageA_op_m085_27_28_ai0p0013940530819699052_aj0p02982627384196677_p8
op_m085_3_18_ai0p01_aj0p025,op_m085,0.85,double,3-15,0.017162660099361668,0.0051593991962685356,stageA_op_m085_3_15_ai0p017162660099361668_aj0p0051593991962685356_p0
op_m085_3_18_ai0p01_aj0p025,op_m085,0.85,double,3-15,0.01866266009936167,0.0051593991962685356,stageA_op_m085_3_15_ai0p017162660099361668_aj0p0051593991962685356_p1
op_m085_3_18_ai0p01_aj0p025,op_m085,0.85,double,3-15,0.015662660099361667,0.0051593991962685356,stageA_op_m085_3_15_ai0p017162660099361668_aj0p0051593991962685356_p2
op_m085_3_18_ai0p01_aj0p025,op_m085,0.85,double,3-15,0.017162660099361668,0.006659399196268536,stageA_op_m085_3_15_ai0p017162660099361668_aj0p0051593991962685356_p3
op_m085_3_18_ai0p01_aj0p025,op_m085,0.85,double,3-15,0.017162660099361668,0.0036593991962685355,stageA_op_m085_3_15_ai0p017162660099361668_aj0p0051593991962685356_p4
op_m085_3_18_ai0p01_aj0p025,op_m085,0.85,double,3-15,0.01866266009936167,0.006659399196268536,stageA_op_m085_3_15_ai0p017162660099361668_aj0p0051593991962685356_p5
op_m085_3_18_ai0p01_aj0p025,op_m085,0.85,double,3-15,0.01866266009936167,0.0036593991962685355,stageA_op_m085_3_15_ai0p017162660099361668_aj0p0051593991962685356_p6
op_m085_3_18_ai0p01_aj0p025,op_m085,0.85,double,3-15,0.015662660099361667,0.006659399196268536,stageA_op_m085_3_15_ai0p017162660099361668_aj0p0051593991962685356_p7
op_m085_3_18_ai0p01_aj0p025,op_m085,0.85,double,3-15,0.015662660099361667,0.0036593991962685355,stageA_op_m085_3_15_ai0p017162660099361668_aj0p0051593991962685356_p8
op_m125_16_18_aim0p002_aj0p004,op_m125,1.25,double,3-24,0.0006651435937785179,-0.0008078813929021675,stageA_op_m125_3_24_ai0p0006651435937785179_ajm0p0008078813929021675_p0
op_m125_16_18_aim0p002_aj0p004,op_m125,1.25,double,3-24,0.002165143593778518,-0.0008078813929021675,stageA_op_m125_3_24_ai0p0006651435937785179_ajm0p0008078813929021675_p1
op_m125_16_18_aim0p002_aj0p004,op_m125,1.25,double,3-24,-0.0008348564062214822,-0.0008078813929021675,stageA_op_m125_3_24_ai0p0006651435937785179_ajm0p0008078813929021675_p2
op_m125_16_18_aim0p002_aj0p004,op_m125,1.25,double,3-24,0.0006651435937785179,0.0006921186070978325,stageA_op_m125_3_24_ai0p0006651435937785179_ajm0p0008078813929021675_p3
op_m125_16_18_aim0p002_aj0p004,op_m125,1.25,double,3-24,0.0006651435937785179,-0.0023078813929021677,stageA_op_m125_3_24_ai0p0006651435937785179_ajm0p0008078813929021675_p4
op_m125_16_18_aim0p002_aj0p004,op_m125,1.25,double,3-24,0.002165143593778518,0.0006921186070978325,stageA_op_m125_3_24_ai0p0006651435937785179_ajm0p0008078813929021675_p5
op_m125_16_18_aim0p002_aj0p004,op_m125,1.25,double,3-24,0.002165143593778518,-0.0023078813929021677,stageA_op_m125_3_24_ai0p0006651435937785179_ajm0p0008078813929021675_p6
op_m125_16_18_aim0p002_aj0p004,op_m125,1.25,double,3-24,-0.0008348564062214822,0.0006921186070978325,stageA_op_m125_3_24_ai0p0006651435937785179_ajm0p0008078813929021675_p7
op_m125_16_18_aim0p002_aj0p004,op_m125,1.25,double,3-24,-0.0008348564062214822,-0.0023078813929021677,stageA_op_m125_3_24_ai0p0006651435937785179_ajm0p0008078813929021675_p8
op_m085_26_28_ai0p0005_ajm0p001,op_m085,0.85,double,27-28,7.07105174637335e-05,-0.0007602373671583975,stageA_op_m085_27_28_ai7p07105174637335em05_ajm0p0007602373671583975_p0
op_m085_26_28_ai0p0005_ajm0p001,op_m085,0.85,double,27-28,0.0015707105174637334,-0.0007602373671583975,stageA_op_m085_27_28_ai7p07105174637335em05_ajm0p0007602373671583975_p1
op_m085_26_28_ai0p0005_ajm0p001,op_m085,0.85,double,27-28,-0.0014292894825362666,-0.0007602373671583975,stageA_op_m085_27_28_ai7p07105174637335em05_ajm0p0007602373671583975_p2
op_m085_26_28_ai0p0005_ajm0p001,op_m085,0.85,double,27-28,7.07105174637335e-05,0.0007397626328416025,stageA_op_m085_27_28_ai7p07105174637335em05_ajm0p0007602373671583975_p3
op_m085_26_28_ai0p0005_ajm0p001,op_m085,0.85,double,27-28,7.07105174637335e-05,-0.0022602373671583974,stageA_op_m085_27_28_ai7p07105174637335em05_ajm0p0007602373671583975_p4
op_m085_26_28_ai0p0005_ajm0p001,op_m085,0.85,double,27-28,0.0015707105174637334,0.0007397626328416025,stageA_op_m085_27_28_ai7p07105174637335em05_ajm0p0007602373671583975_p5
op_m085_26_28_ai0p0005_ajm0p001,op_m085,0.85,double,27-28,0.0015707105174637334,-0.0022602373671583974,stageA_op_m085_27_28_ai7p07105174637335em05_ajm0p0007602373671583975_p6
op_m085_26_28_ai0p0005_ajm0p001,op_m085,0.85,double,27-28,-0.0014292894825362666,0.0007397626328416025,stageA_op_m085_27_28_ai7p07105174637335em05_ajm0p0007602373671583975_p7
op_m085_26_28_ai0p0005_ajm0p001,op_m085,0.85,double,27-28,-0.0014292894825362666,-0.0022602373671583974,stageA_op_m085_27_28_ai7p07105174637335em05_ajm0p0007602373671583975_p8
op_m035_3_18_ai0p002_ajm0p004,op_m035,0.35,double,3-15,0.0008357333297895946,-0.0008245800073483899,stageA_op_m035_3_15_ai0p0008357333297895946_ajm0p0008245800073483899_p0
op_m035_3_18_ai0p002_ajm0p004,op_m035,0.35,double,3-15,0.0023357333297895945,-0.0008245800073483899,stageA_op_m035_3_15_ai0p0008357333297895946_ajm0p0008245800073483899_p1
op_m035_3_18_ai0p002_ajm0p004,op_m035,0.35,double,3-15,-0.0006642666702104055,-0.0008245800073483899,stageA_op_m035_3_15_ai0p0008357333297895946_ajm0p0008245800073483899_p2
op_m035_3_18_ai0p002_ajm0p004,op_m035,0.35,double,3-15,0.0008357333297895946,0.0006754199926516101,stageA_op_m035_3_15_ai0p0008357333297895946_ajm0p0008245800073483899_p3
op_m035_3_18_ai0p002_ajm0p004,op_m035,0.35,double,3-15,0.0008357333297895946,-0.00232458000734839,stageA_op_m035_3_15_ai0p0008357333297895946_ajm0p0008245800073483899_p4
op_m035_3_18_ai0p002_ajm0p004,op_m035,0.35,double,3-15,0.0023357333297895945,0.0006754199926516101,stageA_op_m035_3_15_ai0p0008357333297895946_ajm0p0008245800073483899_p5
op_m035_3_18_ai0p002_ajm0p004,op_m035,0.35,double,3-15,0.0023357333297895945,-0.00232458000734839,stageA_op_m035_3_15_ai0p0008357333297895946_ajm0p0008245800073483899_p6
op_m035_3_18_ai0p002_ajm0p004,op_m035,0.35,double,3-15,-0.0006642666702104055,0.0006754199926516101,stageA_op_m035_3_15_ai0p0008357333297895946_ajm0p0008245800073483899_p7
op_m035_3_18_ai0p002_ajm0p004,op_m035,0.35,double,3-15,-0.0006642666702104055,-0.00232458000734839,stageA_op_m035_3_15_ai0p0008357333297895946_ajm0p0008245800073483899_p8
op_m035_7_12_ai0p0005_ajm0p001,op_m035,0.35,double,8-12,0.00021464962826177886,-0.0010433548050153428,stageA_op_m035_8_12_ai0p00021464962826177886_ajm0p0010433548050153428_p0
op_m035_7_12_ai0p0005_ajm0p001,op_m035,0.35,double,8-12,0.001714649628261779,-0.0010433548050153428,stageA_op_m035_8_12_ai0p00021464962826177886_ajm0p0010433548050153428_p1
op_m035_7_12_ai0p0005_ajm0p001,op_m035,0.35,double,8-12,-0.0012853503717382211,-0.0010433548050153428,stageA_op_m035_8_12_ai0p00021464962826177886_ajm0p0010433548050153428_p2
op_m035_7_12_ai0p0005_ajm0p001,op_m035,0.35,double,8-12,0.00021464962826177886,0.0004566451949846572,stageA_op_m035_8_12_ai0p00021464962826177886_ajm0p0010433548050153428_p3
op_m035_7_12_ai0p0005_ajm0p001,op_m035,0.35,double,8-12,0.00021464962826177886,-0.002543354805015343,stageA_op_m035_8_12_ai0p00021464962826177886_ajm0p0010433548050153428_p4
op_m035_7_12_ai0p0005_ajm0p001,op_m035,0.35,double,8-12,0.001714649628261779,0.0004566451949846572,stageA_op_m035_8_12_ai0p00021464962826177886_ajm0p0010433548050153428_p5
op_m035_7_12_ai0p0005_ajm0p001,op_m035,0.35,double,8-12,0.001714649628261779,-0.002543354805015343,stageA_op_m035_8_12_ai0p00021464962826177886_ajm0p0010433548050153428_p6
op_m035_7_12_ai0p0005_ajm0p001,op_m035,0.35,double,8-12,-0.0012853503717382211,0.0004566451949846572,stageA_op_m035_8_12_ai0p00021464962826177886_ajm0p0010433548050153428_p7
op_m035_7_12_ai0p0005_ajm0p001,op_m035,0.35,double,8-12,-0.0012853503717382211,-0.002543354805015343,stageA_op_m035_8_12_ai0p00021464962826177886_ajm0p0010433548050153428_p8
op_m035_12_20_aim0p0001_ajm0p0002,op_m035,0.35,double,15-20,-4.02727948816818e-05,-0.00017913978534160274,stageA_op_m035_15_20_aim4p02727948816818em05_ajm0p00017913978534160274_p0
op_m035_12_20_aim0p0001_ajm0p0002,op_m035,0.35,double,15-20,0.0014597272051183182,-0.00017913978534160274,stageA_op_m035_15_20_aim4p02727948816818em05_ajm0p00017913978534160274_p1
op_m035_12_20_aim0p0001_ajm0p0002,op_m035,0.35,double,15-20,-0.0015402727948816818,-0.00017913978534160274,stageA_op_m035_15_20_aim4p02727948816818em05_ajm0p00017913978534160274_p2
op_m035_12_20_aim0p0001_ajm0p0002,op_m035,0.35,double,15-20,-4.02727948816818e-05,0.0013208602146583973,stageA_op_m035_15_20_aim4p02727948816818em05_ajm0p00017913978534160274_p3
op_m035_12_20_aim0p0001_ajm0p0002,op_m035,0.35,double,15-20,-4.02727948816818e-05,-0.0016791397853416028,stageA_op_m035_15_20_aim4p02727948816818em05_ajm0p00017913978534160274_p4
op_m035_12_20_aim0p0001_ajm0p0002,op_m035,0.35,double,15-20,0.0014597272051183182,0.0013208602146583973,stageA_op_m035_15_20_aim4p02727948816818em05_ajm0p00017913978534160274_p5
op_m035_12_20_aim0p0001_ajm0p0002,op_m035,0.35,double,15-20,0.0014597272051183182,-0.0016791397853416028,stageA_op_m035_15_20_aim4p02727948816818em05_ajm0p00017913978534160274_p6
op_m035_12_20_aim0p0001_ajm0p0002,op_m035,0.35,double,15-20,-0.0015402727948816818,0.0013208602146583973,stageA_op_m035_15_20_aim4p02727948816818em05_ajm0p00017913978534160274_p7
op_m035_12_20_aim0p0001_ajm0p0002,op_m035,0.35,double,15-20,-0.0015402727948816818,-0.0016791397853416028,stageA_op_m035_15_20_aim4p02727948816818em05_ajm0p00017913978534160274_p8
op_m035_12_24_aim0p0001_ajm0p0002,op_m035,0.35,double,15-24,-2.2968128632758122e-05,-0.00017411655225117994,stageA_op_m035_15_24_aim2p2968128632758122em05_ajm0p00017411655225117994_p0
op_m035_12_24_aim0p0001_ajm0p0002,op_m035,0.35,double,15-24,0.001477031871367242,-0.00017411655225117994,stageA_op_m035_15_24_aim2p2968128632758122em05_ajm0p00017411655225117994_p1
op_m035_12_24_aim0p0001_ajm0p0002,op_m035,0.35,double,15-24,-0.001522968128632758,-0.00017411655225117994,stageA_op_m035_15_24_aim2p2968128632758122em05_ajm0p00017411655225117994_p2
op_m035_12_24_aim0p0001_ajm0p0002,op_m035,0.35,double,15-24,-2.2968128632758122e-05,0.0013258834477488201,stageA_op_m035_15_24_aim2p2968128632758122em05_ajm0p00017411655225117994_p3
op_m035_12_24_aim0p0001_ajm0p0002,op_m035,0.35,double,15-24,-2.2968128632758122e-05,-0.00167411655225118,stageA_op_m035_15_24_aim2p2968128632758122em05_ajm0p00017411655225117994_p4
op_m035_12_24_aim0p0001_ajm0p0002,op_m035,0.35,double,15-24,0.001477031871367242,0.0013258834477488201,stageA_op_m035_15_24_aim2p2968128632758122em05_ajm0p00017411655225117994_p5
op_m035_12_24_aim0p0001_ajm0p0002,op_m035,0.35,double,15-24,0.001477031871367242,-0.00167411655225118,stageA_op_m035_15_24_aim2p2968128632758122em05_ajm0p00017411655225117994_p6
op_m035_12_24_aim0p0001_ajm0p0002,op_m035,0.35,double,15-24,-0.001522968128632758,0.0013258834477488201,stageA_op_m035_15_24_aim2p2968128632758122em05_ajm0p00017411655225117994_p7
op_m035_12_24_aim0p0001_ajm0p0002,op_m035,0.35,double,15-24,-0.001522968128632758,-0.00167411655225118,stageA_op_m035_15_24_aim2p2968128632758122em05_ajm0p00017411655225117994_p8
op_m035_16_18_ai0p002_ajm0p004,op_m035,0.35,double,3-24,-0.0006821193368026427,0.0008064060261975065,stageA_op_m035_3_24_aim0p0006821193368026427_aj0p0008064060261975065_p0
op_m035_16_18_ai0p002_ajm0p004,op_m035,0.35,double,3-24,0.0008178806631973574,0.0008064060261975065,stageA_op_m035_3_24_aim0p0006821193368026427_aj0p0008064060261975065_p1
op_m035_16_18_ai0p002_ajm0p004,op_m035,0.35,double,3-24,-0.002182119336802643,0.0008064060261975065,stageA_op_m035_3_24_aim0p0006821193368026427_aj0p0008064060261975065_p2
op_m035_16_18_ai0p002_ajm0p004,op_m035,0.35,double,3-24,-0.0006821193368026427,0.0023064060261975064,stageA_op_m035_3_24_aim0p0006821193368026427_aj0p0008064060261975065_p3
op_m035_16_18_ai0p002_ajm0p004,op_m035,0.35,double,3-24,-0.0006821193368026427,-0.0006935939738024936,stageA_op_m035_3_24_aim0p0006821193368026427_aj0p0008064060261975065_p4
op_m035_16_18_ai0p002_ajm0p004,op_m035,0.35,double,3-24,0.0008178806631973574,0.0023064060261975064,stageA_op_m035_3_24_aim0p0006821193368026427_aj0p0008064060261975065_p5
op_m035_16_18_ai0p002_ajm0p004,op_m035,0.35,double,3-24,0.0008178806631973574,-0.0006935939738024936,stageA_op_m035_3_24_aim0p0006821193368026427_aj0p0008064060261975065_p6
op_m035_16_18_ai0p002_ajm0p004,op_m035,0.35,double,3-24,-0.002182119336802643,0.0023064060261975064,stageA_op_m035_3_24_aim0p0006821193368026427_aj0p0008064060261975065_p7
op_m035_16_18_ai0p002_ajm0p004,op_m035,0.35,double,3-24,-0.002182119336802643,-0.0006935939738024936,stageA_op_m035_3_24_aim0p0006821193368026427_aj0p0008064060261975065_p8
op_m035_26_28_ai0p0005_ajm0p001,op_m035,0.35,double,27-28,7.070722591362156e-05,-0.0007602217088935033,stageA_op_m035_27_28_ai7p070722591362156em05_ajm0p0007602217088935033_p0
op_m035_26_28_ai0p0005_ajm0p001,op_m035,0.35,double,27-28,0.0015707072259136215,-0.0007602217088935033,stageA_op_m035_27_28_ai7p070722591362156em05_ajm0p0007602217088935033_p1
op_m035_26_28_ai0p0005_ajm0p001,op_m035,0.35,double,27-28,-0.0014292927740863785,-0.0007602217088935033,stageA_op_m035_27_28_ai7p070722591362156em05_ajm0p0007602217088935033_p2
op_m035_26_28_ai0p0005_ajm0p001,op_m035,0.35,double,27-28,7.070722591362156e-05,0.0007397782911064967,stageA_op_m035_27_28_ai7p070722591362156em05_ajm0p0007602217088935033_p3
op_m035_26_28_ai0p0005_ajm0p001,op_m035,0.35,double,27-28,7.070722591362156e-05,-0.0022602217088935036,stageA_op_m035_27_28_ai7p070722591362156em05_ajm0p0007602217088935033_p4
op_m035_26_28_ai0p0005_ajm0p001,op_m035,0.35,double,27-28,0.0015707072259136215,0.0007397782911064967,stageA_op_m035_27_28_ai7p070722591362156em05_ajm0p0007602217088935033_p5
op_m035_26_28_ai0p0005_ajm0p001,op_m035,0.35,double,27-28,0.0015707072259136215,-0.0022602217088935036,stageA_op_m035_27_28_ai7p070722591362156em05_ajm0p0007602217088935033_p6
op_m035_26_28_ai0p0005_ajm0p001,op_m035,0.35,double,27-28,-0.0014292927740863785,0.0007397782911064967,stageA_op_m035_27_28_ai7p070722591362156em05_ajm0p0007602217088935033_p7
op_m035_26_28_ai0p0005_ajm0p001,op_m035,0.35,double,27-28,-0.0014292927740863785,-0.0022602217088935036,stageA_op_m035_27_28_ai7p070722591362156em05_ajm0p0007602217088935033_p8
op_m035_3_12_aim0p0005_ajm0p001,op_m035,0.35,double,12-18,-0.0006168191848500738,-0.001034377083363474,stageA_op_m035_12_18_aim0p0006168191848500738_ajm0p001034377083363474_p0
op_m035_3_12_aim0p0005_ajm0p001,op_m035,0.35,double,12-18,0.0008831808151499262,-0.001034377083363474,stageA_op_m035_12_18_aim0p0006168191848500738_ajm0p001034377083363474_p1
op_m035_3_12_aim0p0005_ajm0p001,op_m035,0.35,double,12-18,-0.002116819184850074,-0.001034377083363474,stageA_op_m035_12_18_aim0p0006168191848500738_ajm0p001034377083363474_p2
op_m035_3_12_aim0p0005_ajm0p001,op_m035,0.35,double,12-18,-0.0006168191848500738,0.00046562291663652597,stageA_op_m035_12_18_aim0p0006168191848500738_ajm0p001034377083363474_p3
op_m035_3_12_aim0p0005_ajm0p001,op_m035,0.35,double,12-18,-0.0006168191848500738,-0.002534377083363474,stageA_op_m035_12_18_aim0p0006168191848500738_ajm0p001034377083363474_p4
op_m035_3_12_aim0p0005_ajm0p001,op_m035,0.35,double,12-18,0.0008831808151499262,0.00046562291663652597,stageA_op_m035_12_18_aim0p0006168191848500738_ajm0p001034377083363474_p5
op_m035_3_12_aim0p0005_ajm0p001,op_m035,0.35,double,12-18,0.0008831808151499262,-0.002534377083363474,stageA_op_m035_12_18_aim0p0006168191848500738_ajm0p001034377083363474_p6
op_m035_3_12_aim0p0005_ajm0p001,op_m035,0.35,double,12-18,-0.002116819184850074,0.00046562291663652597,stageA_op_m035_12_18_aim0p0006168191848500738_ajm0p001034377083363474_p7
op_m035_3_12_aim0p0005_ajm0p001,op_m035,0.35,double,12-18,-0.002116819184850074,-0.002534377083363474,stageA_op_m035_12_18_aim0p0006168191848500738_ajm0p001034377083363474_p8
op_m035_3_18_aim0p002_aj0p004,op_m035,0.35,double,3-15,-0.0008360384521374847,0.0008248513700712738,stageA_op_m035_3_15_aim0p0008360384521374847_aj0p0008248513700712738_p0
op_m035_3_18_aim0p002_aj0p004,op_m035,0.35,double,3-15,0.0006639615478625154,0.0008248513700712738,stageA_op_m035_3_15_aim0p0008360384521374847_aj0p0008248513700712738_p1
op_m035_3_18_aim0p002_aj0p004,op_m035,0.35,double,3-15,-0.002336038452137485,0.0008248513700712738,stageA_op_m035_3_15_aim0p0008360384521374847_aj0p0008248513700712738_p2
op_m035_3_18_aim0p002_aj0p004,op_m035,0.35,double,3-15,-0.0008360384521374847,0.0023248513700712737,stageA_op_m035_3_15_aim0p0008360384521374847_aj0p0008248513700712738_p3
op_m035_3_18_aim0p002_aj0p004,op_m035,0.35,double,3-15,-0.0008360384521374847,-0.0006751486299287262,stageA_op_m035_3_15_aim0p0008360384521374847_aj0p0008248513700712738_p4
op_m035_3_18_aim0p002_aj0p004,op_m035,0.35,double,3-15,0.0006639615478625154,0.0023248513700712737,stageA_op_m035_3_15_aim0p0008360384521374847_aj0p0008248513700712738_p5
op_m035_3_18_aim0p002_aj0p004,op_m035,0.35,double,3-15,0.0006639615478625154,-0.0006751486299287262,stageA_op_m035_3_15_aim0p0008360384521374847_aj0p0008248513700712738_p6
op_m035_3_18_aim0p002_aj0p004,op_m035,0.35,double,3-15,-0.002336038452137485,0.0023248513700712737,stageA_op_m035_3_15_aim0p0008360384521374847_aj0p0008248513700712738_p7
op_m035_3_18_aim0p002_aj0p004,op_m035,0.35,double,3-15,-0.002336038452137485,-0.0006751486299287262,stageA_op_m035_3_15_aim0p0008360384521374847_aj0p0008248513700712738_p8
op_m035_3_4_ai0p0005_ajm0p001,op_m035,0.35,double,4-24,-0.000817191414021874,0.00025171117960583346,stageA_op_m035_4_24_aim0p000817191414021874_aj0p00025171117960583346_p0
op_m035_3_4_ai0p0005_ajm0p001,op_m035,0.35,double,4-24,0.0006828085859781261,0.00025171117960583346,stageA_op_m035_4_24_aim0p000817191414021874_aj0p00025171117960583346_p1
op_m035_3_4_ai0p0005_ajm0p001,op_m035,0.35,double,4-24,-0.0023171914140218738,0.00025171117960583346,stageA_op_m035_4_24_aim0p000817191414021874_aj0p00025171117960583346_p2
op_m035_3_4_ai0p0005_ajm0p001,op_m035,0.35,double,4-24,-0.000817191414021874,0.0017517111796058334,stageA_op_m035_4_24_aim0p000817191414021874_aj0p00025171117960583346_p3
op_m035_3_4_ai0p0005_ajm0p001,op_m035,0.35,double,4-24,-0.000817191414021874,-0.0012482888203941666,stageA_op_m035_4_24_aim0p000817191414021874_aj0p00025171117960583346_p4
op_m035_3_4_ai0p0005_ajm0p001,op_m035,0.35,double,4-24,0.0006828085859781261,0.0017517111796058334,stageA_op_m035_4_24_aim0p000817191414021874_aj0p00025171117960583346_p5
op_m035_3_4_ai0p0005_ajm0p001,op_m035,0.35,double,4-24,0.0006828085859781261,-0.0012482888203941666,stageA_op_m035_4_24_aim0p000817191414021874_aj0p00025171117960583346_p6
op_m035_3_4_ai0p0005_ajm0p001,op_m035,0.35,double,4-24,-0.0023171914140218738,0.0017517111796058334,stageA_op_m035_4_24_aim0p000817191414021874_aj0p00025171117960583346_p7
op_m035_3_4_ai0p0005_ajm0p001,op_m035,0.35,double,4-24,-0.0023171914140218738,-0.0012482888203941666,stageA_op_m035_4_24_aim0p000817191414021874_aj0p00025171117960583346_p8
op_m035_3_7_ai0p0005_ajm0p001,op_m035,0.35,double,7-16,-0.0009685146374318456,0.0004895844370416291,stageA_op_m035_7_16_aim0p0009685146374318456_aj0p0004895844370416291_p0
op_m035_3_7_ai0p0005_ajm0p001,op_m035,0.35,double,7-16,0.0005314853625681545,0.0004895844370416291,stageA_op_m035_7_16_aim0p0009685146374318456_aj0p0004895844370416291_p1
op_m035_3_7_ai0p0005_ajm0p001,op_m035,0.35,double,7-16,-0.002468514637431846,0.0004895844370416291,stageA_op_m035_7_16_aim0p0009685146374318456_aj0p0004895844370416291_p2
op_m035_3_7_ai0p0005_ajm0p001,op_m035,0.35,double,7-16,-0.0009685146374318456,0.001989584437041629,stageA_op_m035_7_16_aim0p0009685146374318456_aj0p0004895844370416291_p3
op_m035_3_7_ai0p0005_ajm0p001,op_m035,0.35,double,7-16,-0.0009685146374318456,-0.001010415562958371,stageA_op_m035_7_16_aim0p0009685146374318456_aj0p0004895844370416291_p4
op_m035_3_7_ai0p0005_ajm0p001,op_m035,0.35,double,7-16,0.0005314853625681545,0.001989584437041629,stageA_op_m035_7_16_aim0p0009685146374318456_aj0p0004895844370416291_p5
op_m035_3_7_ai0p0005_ajm0p001,op_m035,0.35,double,7-16,0.0005314853625681545,-0.001010415562958371,stageA_op_m035_7_16_aim0p0009685146374318456_aj0p0004895844370416291_p6
op_m035_3_7_ai0p0005_ajm0p001,op_m035,0.35,double,7-16,-0.002468514637431846,0.001989584437041629,stageA_op_m035_7_16_aim0p0009685146374318456_aj0p0004895844370416291_p7
op_m035_3_7_ai0p0005_ajm0p001,op_m035,0.35,double,7-16,-0.002468514637431846,-0.001010415562958371,stageA_op_m035_7_16_aim0p0009685146374318456_aj0p0004895844370416291_p8
