method,state_index,state_name,kind,scale,rmse,nrmse
BMA,184,"VIndex(31, :busbar₊u_i)",algebraic,0.001,3.1738023195526463e-06,0.0031738023195526464
BMA,190,"VIndex(39, :machine₊δ)",differential,0.0040603482255738,3.1524305386787657e-06,0.0007763941326074984
BMA,46,"VIndex(23, :busbar₊u_i)",algebraic,0.004917301737046,3.3212400684574826e-06,0.0006754192128247698
BMA,24,"VIndex(22, :busbar₊u_i)",algebraic,0.0085737526985334,3.3373510832761528e-06,0.0003892520813957032
BMA,58,"VIndex(29, :busbar₊u_i)",algebraic,0.0097181322446271,3.329245028377272e-06,0.0003425807495280715
BMA,22,"VIndex(19, :busbar₊u_i)",algebraic,0.0224120525171237,3.3359077311049913e-06,0.00014884436526088922
BMA,156,"VIndex(37, :busbar₊u_i)",algebraic,0.0395119286361682,3.2667626971825164e-06,8.26778851334583e-05
BMA,42,"VIndex(20, :busbar₊u_i)",algebraic,0.0383114286512332,3.144149253178066e-06,8.206818079797345e-05
BMA,56,"VIndex(28, :busbar₊u_i)",algebraic,0.0408415428835298,3.3303589529204987e-06,8.154341677095493e-05
BMA,86,"VIndex(32, :busbar₊u_i)",algebraic,0.0415642473632409,3.1613193510495e-06,7.605862132957438e-05
MAP,184,"VIndex(31, :busbar₊u_i)",algebraic,0.001,3.168075389948262e-06,0.003168075389948262
MAP,190,"VIndex(39, :machine₊δ)",differential,0.0040603482255738,3.138495751503627e-06,0.0007729622133727462
MAP,46,"VIndex(23, :busbar₊u_i)",algebraic,0.004917301737046,3.2957361416360897e-06,0.0006702326434041358
MAP,24,"VIndex(22, :busbar₊u_i)",algebraic,0.0085737526985334,3.3119522481253768e-06,0.00038628968720918545
MAP,58,"VIndex(29, :busbar₊u_i)",algebraic,0.0097181322446271,3.300606547051344e-06,0.0003396338374460959
MAP,22,"VIndex(19, :busbar₊u_i)",algebraic,0.0224120525171237,3.3108062511659228e-06,0.000147724366103298
MAP,156,"VIndex(37, :busbar₊u_i)",algebraic,0.0395119286361682,3.2439787495528966e-06,8.210125047106513e-05
MAP,42,"VIndex(20, :busbar₊u_i)",algebraic,0.0383114286512332,3.1197599114725814e-06,8.143157332693622e-05
MAP,56,"VIndex(28, :busbar₊u_i)",algebraic,0.0408415428835298,3.3014097508779148e-06,8.083459922884737e-05
MAP,86,"VIndex(32, :busbar₊u_i)",algebraic,0.0415642473632409,3.1514385148577057e-06,7.58208969193272e-05
ORACLE,184,"VIndex(31, :busbar₊u_i)",algebraic,0.001,1.2695947222741283e-08,1.2695947222741283e-05
ORACLE,46,"VIndex(23, :busbar₊u_i)",algebraic,0.004917301737046,1.300927541327563e-08,2.6456125958808395e-06
ORACLE,24,"VIndex(22, :busbar₊u_i)",algebraic,0.0085737526985334,1.3089220426910271e-08,1.5266617649409544e-06
ORACLE,58,"VIndex(29, :busbar₊u_i)",algebraic,0.0097181322446271,1.2949903896543225e-08,1.3325506970439599e-06
ORACLE,22,"VIndex(19, :busbar₊u_i)",algebraic,0.0224120525171237,1.2974439357095202e-08,5.789045580355576e-07
ORACLE,190,"VIndex(39, :machine₊δ)",differential,0.0040603482255738,1.954564025567184e-09,4.813784229777408e-07
ORACLE,156,"VIndex(37, :busbar₊u_i)",algebraic,0.0395119286361682,1.2926591281068323e-08,3.2715667716699746e-07
ORACLE,42,"VIndex(20, :busbar₊u_i)",algebraic,0.0383114286512332,1.2157677662064455e-08,3.1733814399722507e-07
ORACLE,56,"VIndex(28, :busbar₊u_i)",algebraic,0.0408415428835298,1.278461364466076e-08,3.130296443775247e-07
ORACLE,86,"VIndex(32, :busbar₊u_i)",algebraic,0.0415642473632409,1.270949632267377e-08,3.0577953719700815e-07
