TIMESTAMP,BUS2_VA_ANG,BUS2_VA_MAG,BUS2_VB_ANG,BUS2_VB_MAG,BUS2_VC_ANG,BUS2_VC_MAG,BUS2_IA_ANG,BUS2_IA_MAG,BUS2_IB_ANG,BUS2_IB_MAG,BUS2_IC_ANG,BUS2_IC_MAG,BUS2_Freq,BUS2_ROCOF,DATA_PRESENT,Event
0.000000,-60.209942,209301.451212,179.765786,209291.748039,59.652916,207993.310525,97.847333,588.312804,-22.297428,585.932346,-142.195134,591.132240,59.954649,0.007898,1,0
0.033000,-60.229449,209940.719564,179.821204,207649.182022,59.683526,209174.894121,97.823425,586.988368,-22.135216,587.567575,-142.432613,585.345474,59.950996,0.001063,1,0
0.067000,-60.123057,208804.662816,179.771601,208387.503935,59.913626,207809.061750,97.966689,596.515723,-22.160490,588.957975,-141.967425,593.761608,59.954058,0.005049,1,0
0.100000,-60.247977,208292.465345,179.772694,206600.708487,59.847969,207814.399624,97.657968,591.207395,-22.383709,584.571806,-142.306837,591.538087,59.959959,0.009115,1,0
0.133000,-60.258585,209853.973646,179.931689,208013.268307,59.798967,208265.063878,97.497469,583.289969,-22.066772,593.138754,-142.245598,586.830795,59.959935,-0.009511,1,0
0.167000,-60.385358,208413.327459,179.771572,209164.545504,59.769482,209338.257802,97.584723,591.443151,-22.184976,593.921892,-142.071143,591.382818,59.954090,-0.014514,1,0
0.200000,-60.139678,207404.413333,179.771315,207088.892811,59.694256,209488.038277,98.089183,596.841005,-22.044730,592.670113,-142.445761,589.786813,59.958522,-0.003519,1,0
0.233000,-60.245489,210467.070337,179.851305,207871.557995,59.774782,211068.689331,98.009727,586.769630,-22.133263,589.450408,-142.060186,596.138027,59.959695,-0.009104,1,0
0.267000,-60.177031,207563.712754,179.751396,209064.722565,59.572299,210869.892146,97.862025,588.758650,-22.225542,594.510472,-142.075859,590.876409,59.948245,0.003272,1,0
0.300000,-60.224883,209950.348904,179.809862,209609.746086,59.840982,208598.038660,97.712922,592.085980,-22.083122,584.600624,-142.089851,588.374344,59.957482,0.004515,1,0
0.333000,-60.205570,209768.540940,179.793181,206927.844691,59.774468,208042.752578,97.844902,585.048088,-22.285510,593.060915,-142.262179,585.363940,59.956671,0.002081,1,0
0.367000,-60.210528,207497.805715,179.670943,208252.059607,59.942892,208192.964582,97.766477,592.644143,-22.355848,586.060569,-142.077130,586.999419,59.958747,0.004183,1,0
0.400000,-60.177622,209479.254088,179.687096,207513.244418,59.692748,208989.178538,97.886685,588.566008,-22.319726,590.514511,-142.296313,590.219325,59.952806,-0.004665,1,0
0.433000,-60.055396,208821.898926,179.545940,207375.011525,59.765180,209930.077722,97.877659,588.690604,-22.441211,594.030630,-141.997324,586.651813,59.956037,0.007746,1,0
0.467000,-60.197094,209170.590944,179.929260,209166.746472,59.940650,208486.571422,97.766551,593.183321,-22.419199,590.116727,-142.233760,589.075003,59.962147,-0.000860,1,0
0.500000,-60.177853,208286.745087,179.770224,208897.306103,59.893913,207908.202616,97.900853,591.409371,-22.355814,598.099180,-142.036338,591.343352,59.957259,-0.001873,1,0
0.533000,-60.130168,208679.087583,179.762108,207348.698660,59.931496,207953.937285,97.806126,581.786030,-22.317752,587.941188,-141.780393,585.522649,59.963097,0.001330,1,0
0.567000,-60.005549,208961.067880,179.732146,208598.068842,59.644481,208836.640216,97.781161,592.049426,-22.176086,588.160003,-142.407302,590.994083,59.955291,0.004248,1,0
0.600000,-60.179030,208953.142604,179.855977,206923.155141,59.944086,208490.768693,97.871182,587.952097,-22.350480,591.727951,-142.265853,587.140858,59.959467,0.011276,1,0
0.633000,-60.138706,207802.937827,179.752065,208542.321817,59.851664,207019.682209,97.963937,586.282111,-22.216955,588.732515,-141.891926,586.745269,59.952958,0.007888,1,0
0.667000,-60.079859,207448.772632,179.863891,207704.251826,59.879897,209151.619804,97.777285,589.213298,-22.205312,583.439266,-142.147518,583.239390,59.958361,0.005002,1,0
0.700000,-60.239542,209506.508739,179.778086,208413.656715,59.971710,209702.143525,97.779349,587.178141,-22.321768,587.270104,-142.094524,586.725843,59.959181,0.004290,1,0
0.733000,-60.048111,208400.077670,179.922918,207492.866414,59.828512,207298.664163,98.152599,591.289619,-22.050828,584.790083,-142.337602,587.602829,59.959381,0.002619,1,0
0.767000,-60.193950,210815.927485,179.834437,209334.465651,60.134561,207891.667465,97.402340,577.600714,-22.277639,584.420977,-141.599759,584.690906,59.961312,-0.004052,1,0
0.800000,-60.315408,207858.853818,179.888139,207351.733829,59.921771,208347.917660,97.798601,587.610749,-21.821607,591.035746,-142.025496,588.962182,59.962743,-0.000927,1,0
0.833000,-60.174630,208928.181353,179.793827,211020.462278,59.856771,211478.241011,98.013973,588.096285,-22.389439,580.328255,-142.165549,587.828715,59.958967,-0.008006,1,0
0.867000,-60.451264,210282.984974,179.635020,208088.554981,59.650371,209398.485837,97.259820,586.977557,-22.487532,588.351759,-141.969701,584.284560,59.951618,-0.004875,1,0
0.900000,-60.234816,208204.139744,179.811455,209069.035525,59.696371,207923.969738,97.873248,583.650214,-22.097731,590.959282,-142.188128,578.957913,59.960066,0.013113,1,0
0.933000,-60.250887,208467.376714,179.721552,209106.326388,59.928163,207961.693640,98.060271,586.699492,-22.280293,589.727395,-141.983338,587.772558,59.956251,-0.000722,1,0
0.967000,-60.185954,208908.758331,179.640621,208579.377257,59.760325,207945.187505,97.588182,589.279110,-22.524075,585.961608,-142.268230,584.354694,59.955530,0.002772,1,0
1.000000,-60.288675,207479.333299,179.789388,210273.474956,59.679660,208978.274762,97.891152,585.895848,-22.243055,584.503179,-142.641702,586.681977,59.952748,0.006827,1,0
1.033000,-60.181963,207733.179610,179.881771,208050.921711,59.662310,208831.105216,97.828343,595.260560,-22.110854,586.820665,-142.436730,587.627378,59.953496,0.003041,1,0
1.067000,-60.263025,208430.841110,179.845933,208116.640911,59.888370,208199.220357,97.639282,591.109807,-22.129683,591.065870,-142.436200,589.932565,59.961005,-0.003533,1,0
1.100000,-60.122046,209579.978657,179.882927,209305.343702,59.851963,209308.768749,97.899733,590.059409,-22.197189,598.372722,-142.165473,591.568866,59.951711,0.007698,1,0
1.133000,-60.243577,209666.310299,179.836885,207616.390945,59.887345,209380.879914,97.591681,586.450831,-22.084277,591.082750,-142.133192,595.251074,59.956007,-0.007580,1,0
1.167000,-60.221992,209461.351813,179.708254,207236.072246,59.917994,210963.288721,97.681772,584.085726,-22.130396,583.350909,-141.922377,592.803384,59.956644,0.000919,1,0
1.200000,-60.062765,208695.518036,179.784380,208403.006703,59.854569,209199.379776,98.103849,591.080763,-22.269184,591.718597,-142.128566,589.420859,59.957361,-0.000854,1,0
1.233000,-60.166540,209987.688187,-179.952296,208605.297053,59.778189,209087.227628,97.713318,585.626970,-21.930352,590.597483,-142.519264,590.894256,59.961667,0.004876,1,0
1.267000,-60.015118,208981.030539,179.890973,208456.779066,59.813861,209171.085556,97.810737,593.014596,-22.291919,588.869413,-141.886460,586.045861,59.952916,0.008334,1,0
1.300000,-60.239966,208815.543099,179.927785,208987.932187,59.845259,210002.412277,97.995858,586.051497,-21.870214,583.222311,-142.216557,586.340846,59.952343,0.004225,1,0
1.333000,-60.076574,209897.619352,179.801129,207091.673350,59.933044,210397.330372,98.117741,584.869436,-21.896858,594.336461,-142.065132,585.107000,59.957172,0.015083,1,0
1.367000,-60.184593,209466.761318,179.926823,207722.141145,59.924216,209167.864170,97.590109,593.011120,-22.321586,589.279406,-142.306638,591.901629,59.950688,0.005869,1,0
1.400000,-60.037393,208803.395378,179.712823,207725.314861,59.837793,209090.363761,98.286671,587.595819,-22.569069,584.743510,-141.872449,592.229401,59.962097,0.006791,1,0
1.433000,-60.183689,209113.767307,179.904455,207571.938498,60.053485,210453.964827,97.605424,583.777430,-22.096942,590.323423,-141.465547,588.490173,59.953382,-0.002014,1,0
1.467000,-60.148332,206495.434648,179.906039,208377.988828,59.776560,207535.673552,97.696245,587.875977,-22.061744,588.402817,-142.364790,591.497176,59.954997,-0.004849,1,0
1.500000,-60.111507,209308.060802,179.966872,211432.944278,59.937652,210877.093834,97.619442,588.464490,-22.049701,587.518233,-141.831006,589.880858,59.958643,-0.009438,1,0
1.533000,-60.207430,209193.767932,179.958593,209078.412894,59.892335,209454.420032,97.716155,587.386292,-21.950700,590.719973,-142.067390,585.874132,59.956205,0.000769,1,0
1.567000,-60.271678,209488.625969,179.897585,208800.966048,59.650196,210695.961293,97.667512,589.771834,-22.237879,584.343104,-142.331931,587.053293,59.958295,0.003189,1,0
1.600000,-60.348991,209302.422555,179.944388,209159.743320,59.936206,208273.941084,97.640457,592.201464,-21.895053,587.609012,-142.176157,589.609108,59.958093,-0.003402,1,0
1.633000,-59.951744,208608.275879,179.942857,207330.253969,59.996311,211122.150900,98.312529,588.551869,-22.311460,590.310614,-142.284931,581.960307,59.949215,-0.015066,1,0
1.667000,-60.175234,210345.493840,179.813109,208894.893289,59.968567,208543.884419,97.933294,588.334920,-22.494713,585.493474,-141.690164,585.516877,59.963301,-0.000460,1,0
1.700000,-60.046658,207317.253874,179.785618,209007.540539,59.892991,209046.733197,98.062493,587.214033,-22.208199,588.907732,-141.862167,585.115090,59.957453,0.000266,1,0
1.733000,-60.168543,207875.663436,-179.959891,209374.999136,59.992118,208459.439956,97.654569,591.154748,-22.051814,587.441445,-141.777184,588.330602,59.955544,-0.007408,1,0
1.767000,-59.898786,208974.189446,179.878945,208074.534599,59.837718,208862.825745,98.189958,587.412988,-22.262725,587.805809,-141.963448,587.883487,59.950879,0.000181,1,0
1.800000,-59.979729,207437.204258,179.839735,208532.307483,60.020816,207367.038058,97.945733,585.359858,-22.182004,584.513927,-141.914983,586.483564,59.951513,0.005986,1,0
1.833000,-60.076094,209536.365009,179.831246,208704.773693,59.950181,209726.127665,97.886797,586.910879,-22.022672,589.110047,-142.011499,589.983329,59.960535,0.005426,1,0
1.867000,-59.791905,208515.122822,179.841992,209317.788315,60.056861,207552.157053,98.261317,588.600096,-21.988893,588.464766,-141.865176,589.022334,59.947269,-0.006777,1,0
1.900000,-60.222484,207348.881793,-179.986932,209767.518424,60.044649,210321.442067,97.729630,589.441146,-21.736557,588.153096,-141.826114,587.461048,59.949578,0.002616,1,0
1.933000,-60.217546,208506.665014,179.812806,209773.236986,59.886857,207750.555681,97.765598,589.527032,-22.187888,588.767882,-142.081831,590.776708,59.954625,-0.000466,1,0
1.967000,-60.282147,209395.467648,179.967242,209758.555750,60.031270,209996.095633,97.998082,594.054622,-21.923439,589.988166,-141.796718,587.853517,59.949835,0.008433,1,0
2.000000,-60.043710,207898.207503,-179.973683,208946.578042,59.924581,209113.197977,97.959546,588.401341,-22.024288,586.959277,-142.425264,588.007818,59.953427,-0.001717,1,0
2.033000,-60.087721,208809.254359,-179.845078,209384.428586,59.876376,210595.881800,97.907854,591.825318,-22.012869,588.177889,-142.148386,592.041233,59.947870,0.003528,1,0
2.067000,-60.128985,208418.159906,179.696117,208871.889976,59.823239,208849.407366,97.691610,585.878533,-22.374889,591.439183,-142.052663,584.112167,59.958153,0.000747,1,0
2.100000,-60.075056,208275.272831,179.873561,207137.499125,59.897993,208216.299100,98.285522,583.841240,-22.174850,577.900324,-142.205424,584.601961,59.952045,-0.000020,1,0
2.133000,-59.957612,208590.875586,179.979318,208291.667544,59.953655,209721.469506,98.292794,581.123945,-21.801897,582.786315,-141.672339,583.616294,59.945613,-0.008405,1,0
2.167000,-60.016432,209066.954555,179.704698,208034.388606,59.784667,209998.511392,97.851158,589.372645,-22.497554,587.555115,-142.457834,586.143508,59.958221,-0.004239,1,0
2.200000,-60.125257,209290.954504,-179.912612,209725.344718,59.999665,208253.669836,97.676518,588.309133,-21.599160,589.092603,-142.058497,585.719429,59.950526,0.012411,1,0
2.233000,-60.245819,209018.089628,179.847388,209829.359650,59.598967,208200.451462,97.795375,589.609481,-22.296030,586.385248,-142.467817,584.613431,59.955311,-0.017015,1,0
2.267000,-60.064074,209195.976126,179.712586,207280.385368,59.824252,210554.589084,98.086738,587.943831,-22.202782,585.084994,-141.953943,589.225870,59.955642,-0.001775,1,0
2.300000,-60.017266,209330.309262,179.897687,209879.755403,59.772948,207864.215106,97.807953,590.993430,-22.016214,585.174380,-142.361286,589.125434,59.960583,-0.002376,1,0
2.333000,-60.095118,209652.012012,179.869056,208349.320938,60.060596,208760.710286,97.851721,590.722731,-22.171632,587.942008,-141.850638,585.956004,59.955671,0.004621,1,0
2.367000,-60.041770,208700.011274,-179.997115,210772.308380,59.904236,207911.631030,97.757487,586.228893,-21.932229,588.052383,-142.236814,590.177091,59.949044,-0.001270,1,0
2.400000,-60.089540,210298.123280,179.917358,206366.270418,59.941670,209307.863547,97.975470,581.284004,-22.042430,593.352614,-142.295332,584.903848,59.951103,0.007676,1,0
2.433000,-60.051263,209426.944741,179.803898,209532.113024,59.819312,209402.983942,98.145853,589.980890,-22.008289,588.206686,-142.164145,582.844294,59.953114,0.013487,1,0
2.467000,-60.138623,208276.495188,-179.946068,209087.521402,59.908008,210519.510641,97.863556,586.820063,-21.809890,591.433016,-141.948752,587.792615,59.956124,0.003549,1,0
2.500000,-60.042135,211011.192200,179.791078,209798.830802,59.887235,208663.122908,97.838595,584.260371,-22.279144,588.199815,-142.247507,583.736408,59.955483,-0.003398,1,0
2.533000,-60.028679,207929.149679,179.897882,208043.795403,60.057171,210473.826792,97.912510,586.208384,-21.983145,587.107316,-141.967475,586.022870,59.956606,0.000065,1,0
2.567000,-60.092480,209556.904113,-179.937198,207816.237614,59.609666,209202.517359,97.713450,588.014856,-21.953798,585.670474,-142.478459,583.217398,59.961107,-0.004595,1,0
2.600000,-59.881858,209667.001458,179.855835,210048.739371,60.030866,208624.078222,98.148923,577.486138,-22.072254,590.546200,-141.978482,586.330652,59.952052,0.009117,1,0
2.633000,-60.062050,210031.390900,179.981178,208459.220676,60.094769,210226.515453,97.923327,587.338631,-22.075416,581.614151,-141.899969,586.712203,59.960536,0.004896,1,0
2.667000,-60.108277,209217.266695,-179.873956,208563.335765,60.027543,208523.631722,97.885370,587.899204,-21.840086,589.145636,-141.761840,587.351079,59.956228,0.001586,1,0
2.700000,-60.054056,208815.007041,179.867642,211435.690234,59.935113,211408.282423,97.753403,587.011163,-22.179049,581.183491,-141.977519,585.132774,59.962981,-0.005859,1,0
2.733000,-60.029592,208990.956924,179.982092,209372.540687,59.998786,210669.041663,98.219286,583.866639,-21.877063,584.133506,-142.109486,586.699419,59.960428,-0.003747,1,0
2.767000,-60.216030,208481.373938,-179.987116,210866.380386,60.079044,211456.348509,97.719791,585.382066,-21.750931,595.272253,-141.888340,589.029166,59.962858,0.009279,1,0
2.800000,-59.989891,209697.098453,179.961884,209310.202058,59.988321,209669.470461,98.017854,590.976918,-22.123816,590.819812,-141.735560,588.017363,59.950808,0.000517,1,0
2.833000,-60.020047,209617.677833,179.953793,209257.530840,60.294885,209515.779451,98.124771,584.078113,-22.266961,591.203546,-141.261873,591.772570,59.965336,-0.005636,1,0
2.867000,-59.989993,207590.419577,-179.990669,209432.197743,59.967941,207648.802164,97.600282,597.298503,-22.005804,586.966908,-141.841538,596.658052,59.961005,-0.001982,1,0
2.900000,-60.034956,209955.502108,179.992098,208385.262274,59.976255,209810.018440,97.942748,593.526139,-22.132490,594.460603,-142.087638,585.853498,59.958947,0.003290,1,0
2.933000,-60.034132,208516.660304,-179.862007,208585.211493,59.866621,208568.628462,97.913645,593.036267,-21.868919,594.868172,-141.753320,597.489605,59.956409,0.006728,1,0
2.967000,-60.077515,208919.620960,-179.961426,209355.392502,59.996641,207765.654676,97.884899,597.968332,-21.739889,595.228428,-142.061238,584.076368,59.957141,0.007487,1,0
3.000000,-60.138847,207966.649452,179.875987,209209.486675,60.056779,209218.072021,98.391064,588.134729,-22.320309,589.191072,-141.889148,595.909904,59.957668,0.003138,1,0
3.033000,-59.946143,208508.299159,179.980713,208448.959322,59.967090,209897.475594,98.092431,590.570079,-22.123313,594.331031,-142.009308,588.232681,59.953169,-0.006821,1,0
3.067000,-60.196477,209187.296508,179.831988,208067.806728,59.995858,209161.017396,97.556504,591.712978,-21.859291,597.556499,-141.961899,591.072364,59.956417,0.008479,1,0
3.100000,-59.956500,208732.828433,179.784786,209024.307203,59.812459,210322.702503,97.768975,590.302173,-22.093547,599.952693,-142.470245,595.859846,59.963034,0.000029,1,0
3.133000,-60.084357,206906.410694,179.888947,208121.816073,59.790403,209762.028767,98.050697,588.996559,-22.166566,588.966475,-142.165822,585.921875,59.960325,0.000162,1,0
3.167000,-60.118703,209227.430995,-179.938477,209143.612489,59.871451,211610.449948,98.030152,584.441233,-21.912230,591.813512,-141.807454,588.350169,59.961684,-0.012057,1,0
3.200000,-60.005650,208784.859744,179.822526,208432.987113,59.890922,209634.501730,98.057958,587.151959,-22.058755,586.195164,-141.730682,587.226049,59.960045,0.004335,1,0
3.233000,-59.892635,209750.217104,179.991189,208077.141529,59.988948,208920.559168,97.796405,591.306820,-22.459438,585.020039,-142.294057,587.261939,59.954706,-0.002815,1,0
3.267000,-60.061951,207820.880072,-179.971775,207971.260598,59.781978,209029.210022,98.031002,588.574453,-22.210778,588.891268,-142.372311,584.571019,59.957752,0.000236,1,0
3.300000,-60.052525,207611.650273,-179.818661,208846.121374,59.802155,208576.948527,97.740069,587.717471,-21.877324,590.660818,-142.276106,592.238619,59.959630,-0.001096,1,0
3.333000,-59.974395,208427.732086,-179.964481,209316.341472,60.035744,209092.306439,98.283619,589.969345,-22.169176,588.759283,-142.052381,591.154261,59.956424,-0.001847,1,0
3.367000,-60.110304,209148.921436,179.889711,208899.619968,59.881727,209636.247362,98.188986,589.785792,-22.229203,589.213096,-141.754597,587.239902,59.955190,-0.003511,1,0
3.400000,-60.009915,207735.103613,179.852864,209026.422124,60.075798,207631.817392,98.063811,588.693403,-22.139144,587.113931,-141.960765,584.560111,59.956957,-0.013758,1,0
3.433000,-60.100906,208578.034122,-179.944849,208461.441535,60.062445,208451.502180,97.783822,585.787499,-21.693155,589.291049,-141.951553,581.858346,59.950684,-0.002857,1,0
3.467000,-60.029090,206445.350324,179.829343,208584.960685,59.968426,209272.552380,98.139399,585.504444,-22.301693,581.898716,-142.140471,581.493910,59.954079,-0.002741,1,0
3.500000,-60.203890,207649.786170,179.924550,208458.676810,59.990540,208742.332154,97.765916,586.892922,-22.066151,584.482323,-142.262914,582.922636,59.949048,0.000738,1,0
3.533000,-60.139869,206945.843451,179.894216,207597.785041,59.999761,209769.602973,97.901488,582.098787,-22.150293,587.598340,-141.920877,580.747399,59.950262,0.010055,1,0
3.567000,-60.071628,207679.221419,-179.937128,207640.645373,59.773497,209068.563531,97.923854,585.435604,-21.781297,585.273211,-142.390984,587.776020,59.951648,-0.000716,1,0
3.600000,-60.176924,207840.421823,179.837324,208952.657607,59.941766,206631.492777,97.493295,590.902869,-22.358850,583.856617,-141.902031,578.667164,59.951581,0.007441,1,0
3.633000,-60.212931,208910.524995,179.977979,208330.941484,59.797561,211322.192341,97.782327,585.423170,-22.322656,591.998817,-142.282758,583.143036,59.950208,-0.004925,1,0
3.667000,-60.072533,209827.515225,179.895164,210488.602761,59.916745,210230.238864,97.806426,590.053022,-22.092786,586.915953,-142.117695,579.354903,59.947221,-0.013522,1,0
3.700000,-60.310830,208954.310635,179.908890,208001.847855,59.695990,208938.858593,97.891658,583.762169,-22.037268,582.890443,-142.150123,586.400875,59.945302,-0.010575,1,0
3.733000,-60.106264,207093.451193,179.964758,209633.914729,59.749331,208910.698541,97.561898,587.412984,-22.216469,581.218889,-142.173630,585.787073,59.945776,-0.007610,1,0
3.767000,-60.093599,208862.936355,179.948288,208338.047108,59.845393,208872.517443,98.133538,588.711898,-22.283991,585.671137,-142.121898,580.449560,59.948944,0.001044,1,0
3.800000,-59.998859,206917.188799,179.807483,208157.830101,59.833144,208497.213422,98.141262,583.550610,-22.018724,581.320627,-141.894949,587.364063,59.941200,0.004061,1,0
3.833000,-60.230124,207790.636890,179.809997,206663.469403,59.904736,208979.406393,97.522726,579.490682,-21.975796,584.618874,-141.799104,588.441926,59.947687,0.000238,1,0
3.867000,-60.040162,207477.226623,179.935650,208461.371204,59.986626,208928.119897,97.964176,581.453137,-22.352855,586.450136,-142.140034,587.817487,59.950020,0.004048,1,0
3.900000,-59.989894,208605.446905,-179.888116,207909.679058,60.018221,206386.781865,97.910379,583.178344,-22.013879,583.178237,-142.253585,587.101619,59.947781,0.017748,1,0
3.933000,-59.948638,208793.535012,179.809015,207771.974222,59.992832,209604.570744,98.013897,582.805110,-22.155276,581.252620,-141.907435,590.589701,59.954993,-0.002309,1,0
3.967000,-60.191115,208665.576318,179.916594,208889.432574,59.954203,210291.950370,98.022197,589.191467,-21.907159,582.753505,-141.916318,586.794386,59.955244,0.005329,1,0
4.000000,-60.009289,208222.010325,-179.996088,206882.348281,59.900542,209453.958395,98.008341,578.456806,-22.002602,584.099980,-142.117334,587.321666,59.952507,-0.007391,1,0
4.033000,-59.879735,209024.613117,179.942837,208580.130542,59.969667,208244.858285,98.111716,583.890133,-22.001573,586.103855,-142.227607,586.492718,59.954602,-0.002691,1,0
4.067000,-60.058517,209521.204448,-179.979695,208095.070164,60.006542,209394.013853,98.069938,585.345942,-21.867735,580.059169,-141.965914,582.391871,59.957825,-0.013606,1,0
4.100000,-60.123213,208495.701245,179.986093,209152.787991,60.104920,209183.222295,97.775032,586.886228,-22.029253,583.369910,-141.830994,585.372572,59.954549,0.001703,1,0
4.133000,-59.912632,207408.439387,179.986633,208895.194555,59.952637,209210.496362,98.188719,577.211663,-22.089844,593.467156,-142.054997,579.213894,59.958514,0.006377,1,0
4.167000,-59.966156,209056.221413,179.866114,209238.056284,60.092916,209397.658977,97.590794,586.654658,-22.081914,588.619483,-141.896124,582.267421,59.958159,-0.003095,1,0
4.200000,-59.930577,208692.596989,-179.953403,208711.165056,60.050458,208041.432208,98.111231,585.107779,-22.310645,578.682176,-141.725376,578.973497,59.952115,-0.012610,1,0
4.233000,-60.007928,207731.834879,-179.934558,209714.789818,60.040213,209896.506134,97.855287,580.922744,-21.795412,576.518115,-141.944533,577.026067,59.961854,-0.002543,1,0
4.267000,-59.961132,209070.340685,179.910509,207761.405531,60.045059,209655.418168,97.822086,578.885936,-22.207966,577.786138,-141.712707,582.141739,59.954881,-0.005032,1,0
4.300000,-60.017534,207981.957198,179.839276,208809.762206,60.065346,208395.832522,97.545212,580.417425,-22.136714,579.672054,-141.886923,579.595918,59.951358,0.007333,1,0
4.333000,-60.012636,207261.118637,-179.829734,207959.697365,60.264800,208750.524833,98.072458,581.242497,-21.709140,585.664476,-141.557276,582.116755,59.956722,-0.009557,1,0
4.367000,-59.878204,209330.708725,-179.806353,208433.982090,60.248805,208913.957201,98.114401,582.482887,-21.345833,576.385101,-141.564382,578.982501,59.956986,-0.000698,1,0
4.400000,-60.129529,209335.903289,-179.960813,208492.526844,59.998730,209065.957008,98.362230,578.435395,-21.782282,578.489186,-142.002218,578.759441,59.952729,0.001746,1,0
4.433000,-59.904710,208322.450029,-179.956902,208640.077507,60.104201,208277.539117,97.986478,573.940766,-22.050364,579.305037,-141.940705,572.890464,59.949762,-0.000679,1,0
4.467000,,,,,,,,,,,,,,,0,5
4.500000,,,,,,,,,,,,,,,0,5
4.533000,,,,,,,,,,,,,,,0,5
4.567000,,,,,,,,,,,,,,,0,5
4.600000,,,,,,,,,,,,,,,0,5
4.633000,,,,,,,,,,,,,,,0,5
4.667000,,,,,,,,,,,,,,,0,5
4.700000,,,,,,,,,,,,,,,0,5
4.733000,,,,,,,,,,,,,,,0,5
4.767000,,,,,,,,,,,,,,,0,5
4.800000,,,,,,,,,,,,,,,0,5
4.833000,,,,,,,,,,,,,,,0,5
4.867000,,,,,,,,,,,,,,,0,5
4.900000,,,,,,,,,,,,,,,0,5
4.933000,,,,,,,,,,,,,,,0,5
4.967000,,,,,,,,,,,,,,,0,5
5.000000,,,,,,,,,,,,,,,0,5
5.033000,,,,,,,,,,,,,,,0,5
5.067000,,,,,,,,,,,,,,,0,5
5.100000,,,,,,,,,,,,,,,0,5
5.133000,,,,,,,,,,,,,,,0,5
5.167000,,,,,,,,,,,,,,,0,5
5.200000,,,,,,,,,,,,,,,0,5
5.233000,,,,,,,,,,,,,,,0,5
5.267000,,,,,,,,,,,,,,,0,5
5.300000,,,,,,,,,,,,,,,0,5
5.333000,,,,,,,,,,,,,,,0,5
5.367000,,,,,,,,,,,,,,,0,5
5.400000,,,,,,,,,,,,,,,0,5
5.433000,,,,,,,,,,,,,,,0,5
5.467000,,,,,,,,,,,,,,,0,5
5.500000,,,,,,,,,,,,,,,0,5
5.533000,,,,,,,,,,,,,,,0,5
5.567000,,,,,,,,,,,,,,,0,5
5.600000,,,,,,,,,,,,,,,0,5
5.633000,,,,,,,,,,,,,,,0,5
5.667000,,,,,,,,,,,,,,,0,5
5.700000,,,,,,,,,,,,,,,0,5
5.733000,,,,,,,,,,,,,,,0,5
5.767000,,,,,,,,,,,,,,,0,5
5.800000,,,,,,,,,,,,,,,0,5
5.833000,,,,,,,,,,,,,,,0,5
5.867000,,,,,,,,,,,,,,,0,5
5.900000,,,,,,,,,,,,,,,0,5
5.933000,,,,,,,,,,,,,,,0,5
5.967000,,,,,,,,,,,,,,,0,5
6.000000,,,,,,,,,,,,,,,0,5
6.033000,,,,,,,,,,,,,,,0,5
6.067000,,,,,,,,,,,,,,,0,5
6.100000,,,,,,,,,,,,,,,0,5
6.133000,,,,,,,,,,,,,,,0,5
6.167000,,,,,,,,,,,,,,,0,5
6.200000,,,,,,,,,,,,,,,0,5
6.233000,,,,,,,,,,,,,,,0,5
6.267000,,,,,,,,,,,,,,,0,5
6.300000,,,,,,,,,,,,,,,0,5
6.333000,,,,,,,,,,,,,,,0,5
6.367000,,,,,,,,,,,,,,,0,5
6.400000,,,,,,,,,,,,,,,0,5
6.433000,,,,,,,,,,,,,,,0,5
6.467000,,,,,,,,,,,,,,,0,5
6.500000,,,,,,,,,,,,,,,0,5
6.533000,,,,,,,,,,,,,,,0,5
6.567000,,,,,,,,,,,,,,,0,5
6.600000,,,,,,,,,,,,,,,0,5
6.633000,,,,,,,,,,,,,,,0,5
6.667000,,,,,,,,,,,,,,,0,5
6.700000,,,,,,,,,,,,,,,0,5
6.733000,,,,,,,,,,,,,,,0,5
6.767000,,,,,,,,,,,,,,,0,5
6.800000,,,,,,,,,,,,,,,0,5
6.833000,,,,,,,,,,,,,,,0,5
6.867000,,,,,,,,,,,,,,,0,5
6.900000,,,,,,,,,,,,,,,0,5
6.933000,,,,,,,,,,,,,,,0,5
6.967000,,,,,,,,,,,,,,,0,5
7.000000,,,,,,,,,,,,,,,0,5
7.033000,,,,,,,,,,,,,,,0,5
7.067000,,,,,,,,,,,,,,,0,5
7.100000,,,,,,,,,,,,,,,0,5
7.133000,,,,,,,,,,,,,,,0,5
7.167000,,,,,,,,,,,,,,,0,5
7.200000,,,,,,,,,,,,,,,0,5
7.233000,,,,,,,,,,,,,,,0,5
7.267000,,,,,,,,,,,,,,,0,5
7.300000,,,,,,,,,,,,,,,0,5
7.333000,,,,,,,,,,,,,,,0,5
7.367000,,,,,,,,,,,,,,,0,5
7.400000,,,,,,,,,,,,,,,0,5
7.433000,,,,,,,,,,,,,,,0,5
7.467000,,,,,,,,,,,,,,,0,5
7.500000,,,,,,,,,,,,,,,0,5
7.533000,,,,,,,,,,,,,,,0,5
7.567000,,,,,,,,,,,,,,,0,5
7.600000,,,,,,,,,,,,,,,0,5
7.633000,,,,,,,,,,,,,,,0,5
7.667000,,,,,,,,,,,,,,,0,5
7.700000,,,,,,,,,,,,,,,0,5
7.733000,,,,,,,,,,,,,,,0,5
7.767000,,,,,,,,,,,,,,,0,5
7.800000,,,,,,,,,,,,,,,0,5
7.833000,,,,,,,,,,,,,,,0,5
7.867000,,,,,,,,,,,,,,,0,5
7.900000,,,,,,,,,,,,,,,0,5
7.933000,,,,,,,,,,,,,,,0,5
7.967000,,,,,,,,,,,,,,,0,5
8.000000,,,,,,,,,,,,,,,0,5
8.033000,,,,,,,,,,,,,,,0,5
8.067000,,,,,,,,,,,,,,,0,5
8.100000,,,,,,,,,,,,,,,0,5
8.133000,,,,,,,,,,,,,,,0,5
8.167000,,,,,,,,,,,,,,,0,5
8.200000,,,,,,,,,,,,,,,0,5
8.233000,,,,,,,,,,,,,,,0,5
8.267000,,,,,,,,,,,,,,,0,5
8.300000,,,,,,,,,,,,,,,0,5
8.333000,,,,,,,,,,,,,,,0,5
8.367000,,,,,,,,,,,,,,,0,5
8.400000,,,,,,,,,,,,,,,0,5
8.433000,,,,,,,,,,,,,,,0,5
8.467000,,,,,,,,,,,,,,,0,5
8.500000,,,,,,,,,,,,,,,0,5
8.533000,,,,,,,,,,,,,,,0,5
8.567000,,,,,,,,,,,,,,,0,5
8.600000,,,,,,,,,,,,,,,0,5
8.633000,,,,,,,,,,,,,,,0,5
8.667000,,,,,,,,,,,,,,,0,5
8.700000,,,,,,,,,,,,,,,0,5
8.733000,,,,,,,,,,,,,,,0,5
8.767000,,,,,,,,,,,,,,,0,5
8.800000,,,,,,,,,,,,,,,0,5
8.833000,,,,,,,,,,,,,,,0,5
8.867000,,,,,,,,,,,,,,,0,5
8.900000,,,,,,,,,,,,,,,0,5
8.933000,,,,,,,,,,,,,,,0,5
8.967000,,,,,,,,,,,,,,,0,5
9.000000,,,,,,,,,,,,,,,0,5
9.033000,,,,,,,,,,,,,,,0,5
9.067000,,,,,,,,,,,,,,,0,5
9.100000,,,,,,,,,,,,,,,0,5
9.133000,,,,,,,,,,,,,,,0,5
9.167000,,,,,,,,,,,,,,,0,5
9.200000,,,,,,,,,,,,,,,0,5
9.233000,,,,,,,,,,,,,,,0,5
9.267000,,,,,,,,,,,,,,,0,5
9.300000,,,,,,,,,,,,,,,0,5
9.333000,,,,,,,,,,,,,,,0,5
9.367000,,,,,,,,,,,,,,,0,5
9.400000,,,,,,,,,,,,,,,0,5
9.433000,,,,,,,,,,,,,,,0,5
9.467000,,,,,,,,,,,,,,,0,5
9.500000,,,,,,,,,,,,,,,0,5
9.533000,,,,,,,,,,,,,,,0,5
9.567000,,,,,,,,,,,,,,,0,5
9.600000,,,,,,,,,,,,,,,0,5
9.633000,,,,,,,,,,,,,,,0,5
9.667000,,,,,,,,,,,,,,,0,5
9.700000,,,,,,,,,,,,,,,0,5
9.733000,,,,,,,,,,,,,,,0,5
9.767000,,,,,,,,,,,,,,,0,5
9.800000,,,,,,,,,,,,,,,0,5
9.833000,,,,,,,,,,,,,,,0,5
9.867000,,,,,,,,,,,,,,,0,5
9.900000,,,,,,,,,,,,,,,0,5
9.933000,,,,,,,,,,,,,,,0,5
9.967000,,,,,,,,,,,,,,,0,5
10.000000,,,,,,,,,,,,,,,0,5
10.033000,,,,,,,,,,,,,,,0,5
10.067000,,,,,,,,,,,,,,,0,5
10.100000,,,,,,,,,,,,,,,0,5
10.133000,,,,,,,,,,,,,,,0,5
10.167000,,,,,,,,,,,,,,,0,5
10.200000,,,,,,,,,,,,,,,0,5
10.233000,,,,,,,,,,,,,,,0,5
10.267000,,,,,,,,,,,,,,,0,5
10.300000,,,,,,,,,,,,,,,0,5
10.333000,,,,,,,,,,,,,,,0,5
10.367000,,,,,,,,,,,,,,,0,5
10.400000,,,,,,,,,,,,,,,0,5
10.433000,,,,,,,,,,,,,,,0,5
10.467000,,,,,,,,,,,,,,,0,5
10.500000,,,,,,,,,,,,,,,0,5
10.533000,,,,,,,,,,,,,,,0,5
10.567000,,,,,,,,,,,,,,,0,5
10.600000,,,,,,,,,,,,,,,0,5
10.633000,,,,,,,,,,,,,,,0,5
10.667000,,,,,,,,,,,,,,,0,5
10.700000,,,,,,,,,,,,,,,0,5
10.733000,,,,,,,,,,,,,,,0,5
10.767000,,,,,,,,,,,,,,,0,5
10.800000,,,,,,,,,,,,,,,0,5
10.833000,,,,,,,,,,,,,,,0,5
10.867000,,,,,,,,,,,,,,,0,5
10.900000,,,,,,,,,,,,,,,0,5
10.933000,,,,,,,,,,,,,,,0,5
10.967000,,,,,,,,,,,,,,,0,5
11.000000,,,,,,,,,,,,,,,0,5
11.033000,,,,,,,,,,,,,,,0,5
11.067000,,,,,,,,,,,,,,,0,5
11.100000,,,,,,,,,,,,,,,0,5
11.133000,,,,,,,,,,,,,,,0,5
11.167000,,,,,,,,,,,,,,,0,5
11.200000,,,,,,,,,,,,,,,0,5
11.233000,,,,,,,,,,,,,,,0,5
11.267000,,,,,,,,,,,,,,,0,5
11.300000,,,,,,,,,,,,,,,0,5
11.333000,,,,,,,,,,,,,,,0,5
11.367000,,,,,,,,,,,,,,,0,5
11.400000,,,,,,,,,,,,,,,0,5
11.433000,,,,,,,,,,,,,,,0,5
11.467000,,,,,,,,,,,,,,,0,5
11.500000,,,,,,,,,,,,,,,0,5
11.533000,,,,,,,,,,,,,,,0,5
11.567000,,,,,,,,,,,,,,,0,5
11.600000,,,,,,,,,,,,,,,0,5
11.633000,,,,,,,,,,,,,,,0,5
11.667000,,,,,,,,,,,,,,,0,5
11.700000,,,,,,,,,,,,,,,0,5
11.733000,,,,,,,,,,,,,,,0,5
11.767000,,,,,,,,,,,,,,,0,5
11.800000,,,,,,,,,,,,,,,0,5
11.833000,,,,,,,,,,,,,,,0,5
11.867000,,,,,,,,,,,,,,,0,5
11.900000,,,,,,,,,,,,,,,0,5
11.933000,,,,,,,,,,,,,,,0,5
11.967000,,,,,,,,,,,,,,,0,5
12.000000,,,,,,,,,,,,,,,0,5
12.033000,,,,,,,,,,,,,,,0,5
12.067000,,,,,,,,,,,,,,,0,5
12.100000,,,,,,,,,,,,,,,0,5
12.133000,,,,,,,,,,,,,,,0,5
12.167000,,,,,,,,,,,,,,,0,5
12.200000,,,,,,,,,,,,,,,0,5
12.233000,,,,,,,,,,,,,,,0,5
12.267000,,,,,,,,,,,,,,,0,5
12.300000,,,,,,,,,,,,,,,0,5
12.333000,,,,,,,,,,,,,,,0,5
12.367000,,,,,,,,,,,,,,,0,5
12.400000,,,,,,,,,,,,,,,0,5
12.433000,,,,,,,,,,,,,,,0,6
12.467000,,,,,,,,,,,,,,,0,6
12.500000,,,,,,,,,,,,,,,0,6
12.533000,,,,,,,,,,,,,,,0,6
12.567000,,,,,,,,,,,,,,,0,6
12.600000,,,,,,,,,,,,,,,0,6
12.633000,,,,,,,,,,,,,,,0,6
12.667000,,,,,,,,,,,,,,,0,6
12.700000,,,,,,,,,,,,,,,0,6
12.733000,,,,,,,,,,,,,,,0,6
12.767000,,,,,,,,,,,,,,,0,6
12.800000,,,,,,,,,,,,,,,0,6
12.833000,,,,,,,,,,,,,,,0,6
12.867000,,,,,,,,,,,,,,,0,6
12.900000,,,,,,,,,,,,,,,0,6
12.933000,,,,,,,,,,,,,,,0,6
12.967000,,,,,,,,,,,,,,,0,6
13.000000,,,,,,,,,,,,,,,0,6
13.033000,,,,,,,,,,,,,,,0,6
13.067000,,,,,,,,,,,,,,,0,6
13.100000,,,,,,,,,,,,,,,0,6
13.133000,,,,,,,,,,,,,,,0,6
13.167000,,,,,,,,,,,,,,,0,6
13.200000,,,,,,,,,,,,,,,0,6
13.233000,,,,,,,,,,,,,,,0,6
13.267000,,,,,,,,,,,,,,,0,6
13.300000,,,,,,,,,,,,,,,0,6
13.333000,,,,,,,,,,,,,,,0,6
13.367000,,,,,,,,,,,,,,,0,6
13.400000,,,,,,,,,,,,,,,0,6
13.433000,,,,,,,,,,,,,,,0,6
13.467000,,,,,,,,,,,,,,,0,6
13.500000,,,,,,,,,,,,,,,0,6
13.533000,,,,,,,,,,,,,,,0,6
13.567000,,,,,,,,,,,,,,,0,6
13.600000,,,,,,,,,,,,,,,0,6
13.633000,,,,,,,,,,,,,,,0,6
13.667000,,,,,,,,,,,,,,,0,6
13.700000,,,,,,,,,,,,,,,0,6
13.733000,,,,,,,,,,,,,,,0,6
13.767000,,,,,,,,,,,,,,,0,6
13.800000,,,,,,,,,,,,,,,0,6
13.833000,,,,,,,,,,,,,,,0,6
13.867000,,,,,,,,,,,,,,,0,6
13.900000,,,,,,,,,,,,,,,0,6
13.933000,,,,,,,,,,,,,,,0,6
13.967000,,,,,,,,,,,,,,,0,6
14.000000,,,,,,,,,,,,,,,0,6
14.033000,,,,,,,,,,,,,,,0,6
14.067000,,,,,,,,,,,,,,,0,6
14.100000,,,,,,,,,,,,,,,0,6
14.133000,,,,,,,,,,,,,,,0,6
14.167000,,,,,,,,,,,,,,,0,6
14.200000,,,,,,,,,,,,,,,0,6
14.233000,,,,,,,,,,,,,,,0,6
14.267000,,,,,,,,,,,,,,,0,6
14.300000,,,,,,,,,,,,,,,0,6
14.333000,,,,,,,,,,,,,,,0,6
14.367000,,,,,,,,,,,,,,,0,6
14.400000,,,,,,,,,,,,,,,0,6
14.433000,,,,,,,,,,,,,,,0,6
14.467000,,,,,,,,,,,,,,,0,6
14.500000,,,,,,,,,,,,,,,0,6
14.533000,,,,,,,,,,,,,,,0,6
14.567000,,,,,,,,,,,,,,,0,6
14.600000,,,,,,,,,,,,,,,0,6
14.633000,,,,,,,,,,,,,,,0,6
14.667000,,,,,,,,,,,,,,,0,6
14.700000,,,,,,,,,,,,,,,0,6
14.733000,,,,,,,,,,,,,,,0,6
14.767000,,,,,,,,,,,,,,,0,6
14.800000,,,,,,,,,,,,,,,0,6
14.833000,,,,,,,,,,,,,,,0,6
14.867000,,,,,,,,,,,,,,,0,6
14.900000,,,,,,,,,,,,,,,0,6
14.933000,,,,,,,,,,,,,,,0,6
14.967000,,,,,,,,,,,,,,,0,6
15.000000,,,,,,,,,,,,,,,0,6
15.033000,,,,,,,,,,,,,,,0,6
15.067000,,,,,,,,,,,,,,,0,6
15.100000,,,,,,,,,,,,,,,0,6
15.133000,,,,,,,,,,,,,,,0,6
15.167000,,,,,,,,,,,,,,,0,6
15.200000,,,,,,,,,,,,,,,0,6
15.233000,,,,,,,,,,,,,,,0,6
15.267000,,,,,,,,,,,,,,,0,6
15.300000,,,,,,,,,,,,,,,0,6
15.333000,,,,,,,,,,,,,,,0,6
15.367000,,,,,,,,,,,,,,,0,6
15.400000,,,,,,,,,,,,,,,0,6
15.433000,,,,,,,,,,,,,,,0,6
15.467000,,,,,,,,,,,,,,,0,6
15.500000,,,,,,,,,,,,,,,0,6
15.533000,,,,,,,,,,,,,,,0,6
15.567000,,,,,,,,,,,,,,,0,6
15.600000,,,,,,,,,,,,,,,0,6
15.633000,,,,,,,,,,,,,,,0,6
15.667000,,,,,,,,,,,,,,,0,6
15.700000,,,,,,,,,,,,,,,0,6
15.733000,,,,,,,,,,,,,,,0,6
15.767000,,,,,,,,,,,,,,,0,6
15.800000,,,,,,,,,,,,,,,0,6
15.833000,,,,,,,,,,,,,,,0,6
15.867000,,,,,,,,,,,,,,,0,6
15.900000,,,,,,,,,,,,,,,0,6
15.933000,,,,,,,,,,,,,,,0,6
15.967000,,,,,,,,,,,,,,,0,6
16.000000,,,,,,,,,,,,,,,0,6
16.033000,,,,,,,,,,,,,,,0,6
16.067000,,,,,,,,,,,,,,,0,6
16.100000,,,,,,,,,,,,,,,0,6
16.133000,,,,,,,,,,,,,,,0,6
16.167000,,,,,,,,,,,,,,,0,6
16.200000,,,,,,,,,,,,,,,0,6
16.233000,,,,,,,,,,,,,,,0,6
16.267000,,,,,,,,,,,,,,,0,6
16.300000,,,,,,,,,,,,,,,0,6
16.333000,,,,,,,,,,,,,,,0,6
16.367000,,,,,,,,,,,,,,,0,6
16.400000,,,,,,,,,,,,,,,0,6
16.433000,,,,,,,,,,,,,,,0,6
16.467000,,,,,,,,,,,,,,,0,6
16.500000,,,,,,,,,,,,,,,0,6
16.533000,,,,,,,,,,,,,,,0,6
16.567000,,,,,,,,,,,,,,,0,6
16.600000,,,,,,,,,,,,,,,0,6
16.633000,,,,,,,,,,,,,,,0,6
16.667000,,,,,,,,,,,,,,,0,6
16.700000,,,,,,,,,,,,,,,0,6
16.733000,,,,,,,,,,,,,,,0,6
16.767000,,,,,,,,,,,,,,,0,6
16.800000,,,,,,,,,,,,,,,0,6
16.833000,,,,,,,,,,,,,,,0,6
16.867000,,,,,,,,,,,,,,,0,6
16.900000,,,,,,,,,,,,,,,0,6
16.933000,,,,,,,,,,,,,,,0,6
16.967000,,,,,,,,,,,,,,,0,6
17.000000,,,,,,,,,,,,,,,0,6
17.033000,,,,,,,,,,,,,,,0,6
17.067000,,,,,,,,,,,,,,,0,6
17.100000,,,,,,,,,,,,,,,0,6
17.133000,,,,,,,,,,,,,,,0,6
17.167000,,,,,,,,,,,,,,,0,5
17.200000,,,,,,,,,,,,,,,0,5
17.233000,,,,,,,,,,,,,,,0,5
17.267000,,,,,,,,,,,,,,,0,5
17.300000,,,,,,,,,,,,,,,0,5
17.333000,,,,,,,,,,,,,,,0,5
17.367000,,,,,,,,,,,,,,,0,5
17.400000,,,,,,,,,,,,,,,0,5
17.433000,,,,,,,,,,,,,,,0,5
17.467000,,,,,,,,,,,,,,,0,5
17.500000,,,,,,,,,,,,,,,0,5
17.533000,,,,,,,,,,,,,,,0,5
17.567000,,,,,,,,,,,,,,,0,5
17.600000,,,,,,,,,,,,,,,0,5
17.633000,,,,,,,,,,,,,,,0,5
17.667000,,,,,,,,,,,,,,,0,5
17.700000,,,,,,,,,,,,,,,0,5
17.733000,,,,,,,,,,,,,,,0,5
17.767000,,,,,,,,,,,,,,,0,5
17.800000,,,,,,,,,,,,,,,0,5
17.833000,,,,,,,,,,,,,,,0,5
17.867000,,,,,,,,,,,,,,,0,5
17.900000,,,,,,,,,,,,,,,0,5
17.933000,,,,,,,,,,,,,,,0,5
17.967000,,,,,,,,,,,,,,,0,5
18.000000,,,,,,,,,,,,,,,0,5
18.033000,,,,,,,,,,,,,,,0,5
18.067000,,,,,,,,,,,,,,,0,5
18.100000,,,,,,,,,,,,,,,0,5
18.133000,,,,,,,,,,,,,,,0,5
18.167000,,,,,,,,,,,,,,,0,5
18.200000,,,,,,,,,,,,,,,0,5
18.233000,,,,,,,,,,,,,,,0,5
18.267000,,,,,,,,,,,,,,,0,5
18.300000,,,,,,,,,,,,,,,0,5
18.333000,,,,,,,,,,,,,,,0,5
18.367000,,,,,,,,,,,,,,,0,5
18.400000,,,,,,,,,,,,,,,0,5
18.433000,,,,,,,,,,,,,,,0,5
18.467000,,,,,,,,,,,,,,,0,5
18.500000,,,,,,,,,,,,,,,0,5
18.533000,,,,,,,,,,,,,,,0,5
18.567000,,,,,,,,,,,,,,,0,5
18.600000,,,,,,,,,,,,,,,0,5
18.633000,,,,,,,,,,,,,,,0,5
18.667000,,,,,,,,,,,,,,,0,5
18.700000,,,,,,,,,,,,,,,0,5
18.733000,,,,,,,,,,,,,,,0,5
18.767000,,,,,,,,,,,,,,,0,5
18.800000,,,,,,,,,,,,,,,0,5
18.833000,,,,,,,,,,,,,,,0,5
18.867000,,,,,,,,,,,,,,,0,5
18.900000,,,,,,,,,,,,,,,0,5
18.933000,,,,,,,,,,,,,,,0,5
18.967000,,,,,,,,,,,,,,,0,5
19.000000,,,,,,,,,,,,,,,0,5
19.033000,,,,,,,,,,,,,,,0,5
19.067000,,,,,,,,,,,,,,,0,5
19.100000,,,,,,,,,,,,,,,0,5
19.133000,,,,,,,,,,,,,,,0,5
19.167000,,,,,,,,,,,,,,,0,5
19.200000,,,,,,,,,,,,,,,0,5
19.233000,,,,,,,,,,,,,,,0,5
19.267000,,,,,,,,,,,,,,,0,5
19.300000,,,,,,,,,,,,,,,0,5
19.333000,,,,,,,,,,,,,,,0,5
19.367000,,,,,,,,,,,,,,,0,5
19.400000,,,,,,,,,,,,,,,0,5
19.433000,,,,,,,,,,,,,,,0,5
19.467000,,,,,,,,,,,,,,,0,5
19.500000,,,,,,,,,,,,,,,0,5
19.533000,,,,,,,,,,,,,,,0,5
19.567000,,,,,,,,,,,,,,,0,5
19.600000,,,,,,,,,,,,,,,0,5
19.633000,,,,,,,,,,,,,,,0,5
19.667000,,,,,,,,,,,,,,,0,5
19.700000,,,,,,,,,,,,,,,0,5
19.733000,,,,,,,,,,,,,,,0,5
19.767000,,,,,,,,,,,,,,,0,5
19.800000,,,,,,,,,,,,,,,0,5
19.833000,,,,,,,,,,,,,,,0,5
19.867000,,,,,,,,,,,,,,,0,5
19.900000,,,,,,,,,,,,,,,0,5
19.933000,,,,,,,,,,,,,,,0,5
19.967000,,,,,,,,,,,,,,,0,5
20.000000,,,,,,,,,,,,,,,0,5
20.033000,,,,,,,,,,,,,,,0,5
20.067000,,,,,,,,,,,,,,,0,5
20.100000,,,,,,,,,,,,,,,0,5
20.133000,,,,,,,,,,,,,,,0,5
20.167000,,,,,,,,,,,,,,,0,5
20.200000,,,,,,,,,,,,,,,0,5
20.233000,,,,,,,,,,,,,,,0,5
20.267000,,,,,,,,,,,,,,,0,5
20.300000,,,,,,,,,,,,,,,0,5
20.333000,,,,,,,,,,,,,,,0,5
20.367000,,,,,,,,,,,,,,,0,5
20.400000,,,,,,,,,,,,,,,0,5
20.433000,,,,,,,,,,,,,,,0,5
20.467000,,,,,,,,,,,,,,,0,5
20.500000,,,,,,,,,,,,,,,0,5
20.533000,,,,,,,,,,,,,,,0,5
20.567000,,,,,,,,,,,,,,,0,5
20.600000,,,,,,,,,,,,,,,0,5
20.633000,,,,,,,,,,,,,,,0,5
20.667000,,,,,,,,,,,,,,,0,5
20.700000,,,,,,,,,,,,,,,0,5
20.733000,,,,,,,,,,,,,,,0,5
20.767000,,,,,,,,,,,,,,,0,5
20.800000,,,,,,,,,,,,,,,0,5
20.833000,,,,,,,,,,,,,,,0,5
20.867000,,,,,,,,,,,,,,,0,5
20.900000,,,,,,,,,,,,,,,0,5
20.933000,,,,,,,,,,,,,,,0,5
20.967000,,,,,,,,,,,,,,,0,5
21.000000,,,,,,,,,,,,,,,0,5
21.033000,,,,,,,,,,,,,,,0,5
21.067000,,,,,,,,,,,,,,,0,5
21.100000,,,,,,,,,,,,,,,0,5
21.133000,,,,,,,,,,,,,,,0,5
21.167000,,,,,,,,,,,,,,,0,5
21.200000,,,,,,,,,,,,,,,0,5
21.233000,,,,,,,,,,,,,,,0,5
21.267000,,,,,,,,,,,,,,,0,5
21.300000,,,,,,,,,,,,,,,0,5
21.333000,,,,,,,,,,,,,,,0,5
21.367000,,,,,,,,,,,,,,,0,5
21.400000,,,,,,,,,,,,,,,0,5
21.433000,,,,,,,,,,,,,,,0,5
21.467000,,,,,,,,,,,,,,,0,5
21.500000,,,,,,,,,,,,,,,0,5
21.533000,,,,,,,,,,,,,,,0,5
21.567000,,,,,,,,,,,,,,,0,5
21.600000,,,,,,,,,,,,,,,0,5
21.633000,,,,,,,,,,,,,,,0,5
21.667000,,,,,,,,,,,,,,,0,5
21.700000,,,,,,,,,,,,,,,0,5
21.733000,,,,,,,,,,,,,,,0,5
21.767000,,,,,,,,,,,,,,,0,5
21.800000,,,,,,,,,,,,,,,0,5
21.833000,,,,,,,,,,,,,,,0,5
21.867000,,,,,,,,,,,,,,,0,5
21.900000,,,,,,,,,,,,,,,0,5
21.933000,,,,,,,,,,,,,,,0,5
21.967000,,,,,,,,,,,,,,,0,5
22.000000,,,,,,,,,,,,,,,0,5
22.033000,,,,,,,,,,,,,,,0,5
22.067000,,,,,,,,,,,,,,,0,5
22.100000,,,,,,,,,,,,,,,0,5
22.133000,,,,,,,,,,,,,,,0,5
22.167000,,,,,,,,,,,,,,,0,5
22.200000,,,,,,,,,,,,,,,0,5
22.233000,,,,,,,,,,,,,,,0,5
22.267000,,,,,,,,,,,,,,,0,5
22.300000,,,,,,,,,,,,,,,0,5
22.333000,,,,,,,,,,,,,,,0,5
22.367000,,,,,,,,,,,,,,,0,5
22.400000,-59.485559,207932.404287,-179.515349,206822.013783,60.338380,209408.503422,98.621855,575.701409,-21.529259,580.625838,-141.436144,576.936083,59.956552,0.006961,1,0
22.433000,-59.451217,206053.992370,-179.624877,207209.620566,60.350426,206541.803316,98.490457,578.895195,-21.381605,575.284610,-141.451880,577.584069,59.962338,0.002406,1,0
22.467000,-59.676923,208875.691544,-179.716387,207867.458042,60.424518,208314.055866,98.555669,575.345093,-21.652205,567.968457,-141.510413,577.604525,59.961235,0.008834,1,0
22.500000,-59.608611,207634.443805,-179.752847,207634.829439,60.473656,207303.227521,98.553837,573.879207,-21.617445,576.980467,-141.292008,573.236098,59.962196,-0.007916,1,0
22.533000,-59.793873,207186.467891,-179.761986,205193.675252,60.419166,207370.451691,98.111916,583.771427,-22.034561,581.177432,-141.354708,573.479191,59.953677,-0.004552,1,0
22.567000,-59.483517,207229.096476,-179.619634,207836.066556,60.519909,206920.023350,98.501447,575.360462,-21.390338,580.445660,-141.637057,578.813778,59.953951,0.009062,1,0
22.600000,-59.697029,206722.190606,-179.446834,208061.532611,60.285085,207786.342083,98.456805,575.419936,-21.720725,576.914111,-141.587963,578.722966,59.952454,0.000357,1,0
22.633000,-59.776432,207784.219863,-179.740360,206627.528578,60.471816,206639.334287,98.299260,580.455549,-21.839634,582.151687,-141.678233,574.373964,59.955660,0.002179,1,0
22.667000,-59.563661,205907.821613,-179.549383,207755.702723,60.494365,207568.195538,98.355175,575.390117,-21.628085,578.192798,-141.414141,574.746931,59.964575,-0.002706,1,0
22.700000,-59.645027,207738.277026,-179.676256,208026.334075,60.370715,208611.288943,98.425776,573.435619,-21.748752,578.109547,-141.614688,569.886255,59.951368,-0.008100,1,0
22.733000,-59.672468,206962.846084,-179.679307,206149.405830,60.425170,208160.349311,98.472783,574.957864,-21.345224,572.341539,-141.713421,576.986254,59.952870,-0.010181,1,0
22.767000,-59.729855,207606.071269,-179.794311,208912.564521,60.659796,207603.260176,98.088145,576.876068,-21.823529,576.840383,-141.485063,575.595269,59.966713,0.001951,1,0
22.800000,-59.709957,207871.264365,-179.771734,206554.408710,60.345044,208788.902948,98.420923,574.002201,-21.775371,570.787495,-141.751443,575.998091,59.963809,-0.004994,1,0
22.833000,-59.646170,206152.150547,-179.642835,206630.861460,60.567979,208533.003416,98.178558,572.564764,-21.610164,578.221285,-141.202783,578.426672,59.967397,0.004261,1,0
22.867000,-59.640548,207121.229446,-179.570200,208207.826832,60.409063,208079.172692,98.290735,574.812375,-21.738857,571.356311,-141.458159,575.959439,59.965955,0.010522,1,0
22.900000,-59.692472,205643.378189,-179.536397,206796.184631,60.284456,208238.615314,98.327553,579.760039,-21.759589,577.852551,-141.998846,578.619176,59.966879,0.006654,1,0
22.933000,-59.648690,204948.409422,-179.740852,207089.354363,60.143618,207974.010842,98.506329,569.421290,-21.675095,572.583893,-141.667817,567.752209,59.956656,-0.004035,1,0
22.967000,-59.662753,208525.078716,-179.689415,207463.038836,60.327510,206466.799082,98.403969,575.390789,-21.666908,571.471348,-141.703149,576.015333,59.954749,0.000158,1,0
23.000000,-59.842719,206232.200119,-179.672187,207990.494977,60.285148,207868.746518,98.128341,576.149434,-21.810257,569.860697,-141.599578,578.729189,59.952936,0.004536,1,0
23.033000,-59.763076,206210.904759,-179.712931,208473.720865,60.130512,206698.629319,98.290945,572.829569,-21.905509,573.562357,-142.059040,574.362751,59.962532,0.001259,1,0
23.067000,-59.716807,207970.801077,-179.854231,206636.429254,60.024176,208961.827313,98.098267,574.113046,-22.044903,574.627116,-141.859486,574.343689,59.966420,-0.013745,1,0
23.100000,-60.050703,205681.129629,-179.890797,206259.242459,60.315571,206673.026627,98.022428,577.328401,-22.088191,572.304001,-141.396279,570.111253,59.964552,0.015899,1,0
23.133000,-59.902205,208306.899692,-179.998010,206824.653354,60.219480,207694.077297,97.931957,565.834896,-22.067556,573.701848,-141.673556,571.225218,59.961979,-0.006315,1,0
23.167000,-59.962313,207064.011544,-179.891035,208648.601131,60.047312,205745.150428,98.045238,565.698997,-21.959505,568.912573,-142.105768,572.183903,59.952864,-0.002942,1,0
23.200000,-59.895312,206819.310711,-179.972712,206895.460249,60.142294,207278.787398,97.900107,568.426719,-22.065271,568.668098,-141.792314,570.319613,59.958439,0.005436,1,0
23.233000,-59.999513,208504.001323,-179.885255,206367.488246,60.132647,205785.404105,98.008931,572.907675,-21.800640,568.919358,-141.964525,568.226919,59.956669,0.006664,1,0
23.267000,-59.902602,206393.426913,-179.945430,206334.617531,60.160908,206513.290253,98.116337,567.280275,-21.886150,577.747250,-141.833177,571.404014,59.955421,-0.000715,1,0
23.300000,-59.993666,208377.758700,179.868149,205764.303654,59.944881,207400.893015,97.796167,571.254314,-22.393212,574.436394,-141.872826,569.347952,59.952755,0.003030,1,0
23.333000,-60.089015,206619.898302,-179.877624,207655.214684,59.967990,207143.339631,97.835880,573.548256,-21.802102,574.761598,-142.103430,572.360223,59.955282,0.000046,1,0
23.367000,-59.989224,205540.431620,-179.931724,205991.584996,60.179825,205708.523525,97.661570,570.746777,-22.059951,570.129453,-141.905373,577.795699,59.960386,-0.000123,1,0
23.400000,-59.990113,207704.268472,179.850518,205525.103014,60.043460,206223.295429,97.907511,570.395158,-22.407432,568.768930,-141.849070,572.423804,59.955430,0.000807,1,0
23.433000,-60.104999,207854.854298,179.970726,206970.901846,60.065743,206844.942752,98.054262,574.814089,-22.123443,568.864773,-141.569441,574.229053,59.958637,0.016780,1,0
23.467000,-59.800038,207958.921699,179.994113,207164.022795,60.007197,205443.883031,98.515617,575.168496,-21.842516,569.274077,-142.013517,576.471762,59.951306,-0.012019,1,0
23.500000,-59.868194,208565.894065,-179.911704,207721.814342,60.062456,206427.603478,98.140165,571.413028,-21.908275,564.534868,-141.721060,575.316606,59.960322,0.001479,1,0
23.533000,-59.992019,207034.921748,-179.939152,206350.897671,60.141732,206346.791320,97.886081,573.852028,-21.510290,567.976769,-141.928623,573.137185,59.957881,-0.013638,1,0
23.567000,-60.039712,208659.449345,179.853578,205313.238288,59.996753,207861.792173,97.741281,564.451048,-22.121128,566.288258,-142.060747,574.552070,59.958894,0.001310,1,0
23.600000,-59.985552,204368.177956,-179.890418,206428.645480,60.088976,205380.015750,98.042492,571.796712,-21.595263,573.842656,-141.736702,568.439498,59.956358,-0.013121,1,0
23.633000,-59.971357,205895.750945,-179.990038,205968.207896,60.150907,206926.464103,98.363739,570.155832,-22.116186,566.628687,-141.812991,569.719860,59.962087,0.009372,1,0
23.667000,-59.739141,206147.664242,-179.827102,208403.602520,60.119838,206487.141761,98.178161,566.260486,-21.780135,568.771603,-141.879606,572.151011,59.957948,-0.006864,1,0
23.700000,-59.796633,205067.103855,179.992132,205417.133301,60.258381,206660.199139,98.169790,568.149498,-21.983257,566.324006,-141.664932,570.314494,59.969719,0.002614,1,0
23.733000,-59.891528,206256.801083,179.920894,206052.651910,59.969557,207675.358827,98.141697,561.527181,-22.402774,568.719470,-141.825231,568.392276,59.962186,-0.010671,1,0
23.767000,-60.076153,205821.199768,-179.767590,207126.921996,60.178332,207615.561532,97.976539,569.185203,-21.295383,573.428209,-142.075822,572.505941,59.958817,0.004153,1,0
23.800000,-59.855547,206827.225309,-179.965575,204879.248934,60.238306,206022.972412,97.987283,569.485849,-21.948739,570.183430,-141.481990,571.002416,59.964660,-0.001836,1,0
23.833000,-59.859915,206754.410466,-179.798124,206586.821051,60.240533,207374.170721,98.100089,571.587964,-21.820236,567.312854,-142.084607,561.166126,59.965420,-0.003533,1,0
23.867000,-59.853595,208028.710118,-179.803465,205507.417036,59.820306,206206.167498,98.236988,573.703005,-21.910815,569.933223,-142.447898,567.825847,59.963425,-0.006790,1,0
23.900000,-59.848733,208022.097446,-179.787917,205529.852422,60.169040,206730.057469,98.180279,575.339900,-21.483259,570.054330,-142.079784,568.488200,59.959284,0.008865,1,0
23.933000,-59.837834,207466.593891,-179.667544,206762.449601,60.175658,209300.743827,97.667593,572.134044,-21.652187,573.489844,-141.801812,572.046688,59.956398,-0.005543,1,0
23.967000,-59.817017,207815.778987,-179.682996,207016.836440,60.063928,208009.925342,97.788400,571.126600,-21.552282,572.011239,-141.633668,570.436109,59.964688,0.001440,1,0
24.000000,-59.894800,206254.572883,-179.797912,208394.650522,60.230209,207078.225373,98.058200,570.995192,-21.543959,578.656111,-141.909550,569.188578,59.950530,0.003249,1,0
24.033000,-60.141773,207608.090506,-179.881327,210534.022473,59.945273,207563.904281,97.660720,569.741370,-21.692188,577.682359,-141.886345,568.398622,59.961798,-0.000018,1,0
24.067000,-59.825341,206939.308362,179.899120,206833.699631,60.005311,207490.960569,98.177452,569.941098,-21.930375,568.838420,-141.854518,569.552666,59.965939,-0.001236,1,0
24.100000,-59.925007,206698.485669,-179.891638,208466.064973,59.982235,207506.902245,98.063901,566.412019,-22.034591,574.858827,-141.900773,569.576122,59.961592,0.006874,1,0
24.133000,-59.860677,207357.097590,-179.908272,206411.344755,60.201880,204943.025578,98.117888,565.856257,-21.869963,575.157410,-141.828291,570.481939,59.949218,-0.005276,1,0
24.167000,-59.773406,206821.750128,-179.884261,207244.780940,60.075951,207225.797464,98.276430,568.937797,-21.752372,569.947695,-142.054619,577.400597,59.949736,-0.003127,1,0
24.200000,-59.867002,206385.635060,-179.900290,208033.453207,60.298400,206915.099949,98.423107,570.514537,-22.050878,574.727732,-141.749746,571.336686,59.958193,0.005060,1,0
24.233000,-59.747495,206514.424067,-179.894671,207357.416901,60.134281,206993.745015,98.474384,576.502222,-21.915231,565.841764,-141.856891,571.782444,59.953331,0.010725,1,0
24.267000,-59.853262,204459.293276,-179.849486,207738.281290,60.074334,206326.967917,97.925410,570.329143,-21.921641,569.862445,-142.036350,574.406251,59.958805,-0.012366,1,0
24.300000,-59.852475,207680.653130,-179.773388,206161.960105,60.165695,208138.275751,97.958449,572.528317,-21.949084,573.291054,-141.943073,578.421008,59.957084,0.021679,1,0
24.333000,-59.727829,208147.715019,179.991984,206305.137885,60.093088,207950.253007,98.015693,577.688462,-22.208660,577.864553,-142.117953,570.008087,59.951869,0.015813,1,0
24.367000,-59.868572,206855.769174,-179.871681,206057.081622,59.906530,208587.233553,98.129575,569.549766,-21.922082,575.803200,-142.328792,573.821274,59.957453,0.010891,1,0
24.400000,-59.959714,206205.050396,179.893105,205423.584376,59.975143,206117.181812,98.074560,572.152832,-22.171275,573.943154,-142.125523,577.026626,59.949515,0.012174,1,0
24.433000,-59.991244,204958.293617,179.980464,208185.053743,60.033827,207040.615091,97.962546,578.225001,-21.927883,569.263112,-141.683782,572.558242,59.963733,0.007778,1,0
24.467000,-60.049605,205315.437578,-179.952774,207211.568588,60.060258,206247.317583,97.864946,571.937931,-21.770033,571.051453,-142.026770,575.811122,59.957974,0.009308,1,0
24.500000,-59.916676,207979.774963,179.951029,207163.878391,60.148260,207226.907959,97.879957,578.791981,-22.016497,574.784123,-141.632010,570.124955,59.954543,-0.002558,1,0
24.533000,-59.979866,208450.725627,-179.899373,207176.887906,60.151479,205592.128002,97.916347,574.053472,-22.040623,567.476265,-142.220212,568.302521,59.958539,-0.003099,1,0
24.567000,-59.815953,207709.187789,-179.889374,205387.748987,60.158183,206013.886624,98.272770,573.756834,-21.771984,573.969194,-141.413955,571.841463,59.959920,-0.001884,1,0
24.600000,-59.725268,205659.156437,-179.802345,206384.303726,59.958167,208035.370642,97.816814,567.787548,-21.892125,570.732655,-141.877769,572.933658,59.956859,-0.006086,1,0
24.633000,-59.981733,205873.256996,179.984857,205014.760802,60.129667,207425.927159,97.852299,568.548102,-22.151748,571.133666,-141.833476,569.299746,59.965522,0.006469,1,0
24.667000,-59.941557,207199.875294,-179.992011,205342.091327,60.067171,207703.817867,97.986157,570.772200,-22.072954,566.846053,-142.054886,572.033983,59.970850,-0.001159,1,0
24.700000,-59.782986,207545.133993,-179.835835,205926.226541,60.217596,206444.433869,98.494122,566.398331,-21.965855,569.966572,-141.956271,568.919318,59.962591,0.005341,1,0
24.733000,-60.066538,206223.068218,-179.876813,206644.629379,60.010159,206484.386005,97.688771,568.730351,-21.731425,572.778822,-142.018539,574.921089,59.958174,0.010552,1,0
24.767000,-59.835098,207616.306041,-179.967441,206635.831166,60.038034,208717.532491,98.027023,567.814709,-21.998148,572.077658,-141.909951,570.266126,59.971285,0.002973,1,0
24.800000,-59.963297,206250.778261,-179.757800,207478.989403,60.137150,206962.530014,98.039395,571.282501,-21.514172,571.026229,-141.829592,570.098318,59.968224,0.002632,1,0
24.833000,-59.972869,207464.507190,-179.860666,205477.140625,60.187838,206614.552496,98.089439,567.379821,-21.535439,568.443461,-141.976546,572.573365,59.964205,0.015332,1,0
24.867000,-59.871346,207840.204715,-179.995766,207082.754845,60.050824,206462.284277,98.317143,571.794839,-21.943107,564.522944,-142.273757,568.831858,59.965541,0.006552,1,0
24.900000,-59.909841,206340.505267,179.861779,207378.323045,60.121049,207579.193403,98.121860,569.703449,-22.269632,567.002030,-141.868137,569.188820,59.962359,0.006552,1,0
24.933000,-59.877180,207313.575869,-179.842493,207069.361142,60.026899,207097.238660,98.056702,575.898987,-21.629249,577.383258,-142.179194,569.823221,59.961118,0.011223,1,0
24.967000,-59.898415,207526.018758,-179.981785,207411.368092,60.052840,207425.125423,97.792884,567.940989,-21.813466,574.455067,-142.110426,572.782646,59.972745,-0.012054,1,0
25.000000,-60.103039,207180.575408,179.985733,207553.303478,59.995195,205298.746048,97.760613,573.262605,-21.742332,569.371867,-141.837653,570.566956,59.970213,-0.008275,1,0
25.033000,-60.217598,206837.094468,-179.886958,206177.643855,59.831375,206870.390924,97.781771,573.600732,-21.772077,576.878123,-142.580203,572.474815,59.968961,0.001279,1,0
25.067000,-60.112025,205759.180972,-179.990048,206775.355976,59.908003,206085.984358,98.034264,575.062637,-22.038433,574.502854,-141.898619,567.303303,59.963789,-0.008014,1,0
25.100000,-59.846891,206371.621383,-179.873159,206055.500564,60.133113,207991.886949,97.961888,572.106238,-21.753373,570.391593,-141.929755,572.928424,59.968552,0.008095,1,0
25.133000,-59.989510,205614.393955,-179.755390,205938.856858,60.074515,206714.565795,98.000774,573.128696,-21.789804,566.030615,-141.912746,575.801328,59.974264,0.010969,1,0
25.167000,-60.052646,207363.577274,179.990965,205720.168514,60.085999,207165.828785,97.735130,579.706456,-22.101136,570.852100,-141.894758,573.229155,59.965602,0.005737,1,0
25.200000,-59.984681,206692.125300,179.996590,207097.128432,60.207484,205328.012527,98.134082,571.335765,-21.914010,575.671921,-141.927885,568.568111,59.967028,-0.005558,1,0
25.233000,-59.890148,206014.581923,179.992347,206105.237800,59.937101,206721.200715,98.127007,581.973569,-21.984602,581.192312,-142.171469,578.091703,59.973710,0.001400,1,0
25.267000,-60.093549,207444.564215,-179.922803,206340.615052,60.089781,206920.790858,97.953568,580.309099,-22.254238,575.352803,-141.968629,574.067088,59.966286,0.008888,1,0
25.300000,-59.804860,207488.959093,179.990998,205873.479137,60.102247,207141.485830,98.279220,576.139776,-22.356941,577.661721,-142.013375,571.869867,59.971055,-0.003039,1,0
25.333000,-60.196448,207705.174623,-179.971356,207423.406244,60.012203,206884.643337,97.900252,575.085385,-22.003840,574.417908,-141.908550,577.902297,59.970849,-0.003729,1,0
25.367000,-59.875966,206252.706979,-179.990990,207743.500742,60.275179,205597.311220,98.121945,578.022124,-21.937506,576.363329,-141.475833,572.287131,59.971287,0.005875,1,0
25.400000,-60.003684,207668.437264,-179.919493,206793.915723,60.068981,206679.577553,97.674657,570.608169,-22.144670,571.320706,-141.729816,575.793860,59.968671,0.009109,1,0
25.433000,-59.992371,203882.929685,-179.983841,207145.655495,60.136421,208610.130243,97.960359,578.863950,-22.122720,577.248038,-141.735454,576.551085,59.969875,-0.004990,1,0
25.467000,-60.070719,208189.543149,-179.931214,206195.262299,60.194005,208023.238709,98.039682,573.744450,-22.270388,573.655567,-141.762267,574.649042,59.971543,0.009781,1,0
25.500000,-60.053546,205591.138140,-179.855127,207806.589595,59.906283,206435.591388,98.079941,569.265905,-21.851485,570.421892,-141.835023,575.225700,59.966614,0.011576,1,0
25.533000,-59.984421,206448.758200,-179.945423,207008.832100,60.194145,206270.777778,98.174715,571.086666,-21.881162,570.472839,-141.725077,571.768751,59.963523,0.008358,1,0
25.567000,-59.955349,206940.767041,-179.907188,206698.119625,60.142430,207175.382036,98.031111,574.158594,-21.820468,574.468983,-142.051233,570.778013,59.967142,0.007792,1,0
25.600000,-59.988940,207462.973789,-179.866635,205893.338477,60.037382,206983.846836,97.735987,570.578499,-21.640968,573.097119,-141.742891,575.782611,59.962820,0.001484,1,0
25.633000,-59.818108,208388.728556,-179.919114,208146.722895,59.902061,207882.558027,98.083394,572.597996,-21.924735,570.279245,-142.045435,571.179118,59.965156,-0.013369,1,0
25.667000,-60.122792,208964.994285,179.888870,206043.505425,59.993241,205576.235366,97.857438,570.118531,-22.253789,576.449014,-141.960613,572.626941,59.975752,-0.003783,1,0
25.700000,-60.047755,207496.624656,-179.720502,207265.860493,59.954105,207169.998038,97.829186,572.167965,-21.806867,570.786279,-141.876127,571.627681,59.967727,-0.004818,1,0
25.733000,-59.836838,207525.281252,-179.905304,207124.170716,60.163887,207381.850044,98.248587,571.360516,-21.622216,570.715412,-141.650957,570.898103,59.974299,0.015390,1,0
25.767000,-59.896139,206799.826441,179.980794,207134.248383,60.062282,207624.050067,98.263699,572.271983,-21.926292,571.197004,-142.151497,572.962075,59.971012,-0.009050,1,0
25.800000,-59.919287,207522.463555,179.979385,206355.969242,60.057378,208081.519477,97.917936,574.278258,-22.143762,573.839510,-142.011077,569.946828,59.973331,0.001159,1,0
25.833000,-59.999889,205949.681654,-179.743589,207133.946212,60.161376,207425.443868,98.040653,570.948129,-21.880856,571.500575,-141.856256,568.591250,59.969235,0.000587,1,0
25.867000,-60.070824,206692.866291,-179.879920,206425.339486,60.108274,206877.585151,97.768311,566.910637,-21.912301,563.600631,-142.262734,574.205990,59.969059,0.008745,1,0
25.900000,-60.109475,206789.603504,-179.985174,207456.571116,59.975493,206442.150676,97.761471,572.722848,-22.196434,571.443122,-141.752738,569.798695,59.970141,-0.009071,1,0
25.933000,-59.947726,207042.017725,179.867554,208193.713531,60.025525,208282.009384,97.987260,568.940608,-22.044073,567.151395,-142.041167,571.473161,59.969000,-0.011196,1,0
25.967000,-60.215215,207621.892827,179.788387,207655.682637,59.919453,208164.337931,97.751657,571.993098,-21.742332,569.589460,-142.080163,577.340723,59.975620,0.003142,1,0
26.000000,-59.939608,206508.963347,-179.950261,204521.539427,60.000298,206207.512844,97.961962,571.971565,-21.943910,566.460513,-141.876017,568.021801,59.983392,0.005681,1,0
26.033000,-60.127092,206108.540413,-179.852136,204725.726161,59.891869,206879.905061,98.006844,567.240631,-22.019088,568.037033,-141.826545,569.702519,59.972737,0.004004,1,0
26.067000,-59.990077,206947.364684,179.952737,207090.390965,60.050008,207686.979704,97.883452,566.202670,-22.359775,574.414293,-142.191553,574.249869,59.971311,-0.011448,1,0
26.100000,-59.923005,207848.583192,179.922140,208447.379917,60.161480,209175.637819,98.147221,572.578031,-22.151563,569.194124,-141.425639,575.779176,59.971719,-0.004926,1,0
26.133000,-60.005199,207948.237138,179.854103,206171.979296,60.154856,208754.102004,97.937248,568.202054,-22.167519,574.996123,-141.925785,570.044956,59.966021,-0.000205,1,0
26.167000,-60.032460,206732.439251,179.904461,205766.777863,60.143945,206954.499076,97.930037,573.730619,-21.895772,572.579954,-141.812567,574.656844,59.968673,0.002274,1,0
26.200000,-59.990627,205856.388004,179.936644,205844.037206,60.029891,208660.595979,98.223013,570.582224,-21.849812,565.232008,-142.201176,572.509453,59.975320,-0.002242,1,0
26.233000,-60.013111,205900.370006,-179.961198,207080.184415,59.912169,205784.229350,98.025195,565.893331,-22.086775,571.668497,-142.088825,567.387882,59.968112,0.005330,1,0
26.267000,-59.923333,207491.401756,-179.947845,206983.058518,59.931185,208204.530535,97.757775,571.162201,-21.859203,573.942022,-142.304516,569.998660,59.974677,0.014647,1,0
26.300000,-59.728294,206831.524620,-179.914126,206973.396251,60.265122,206442.600845,98.127232,572.838422,-22.013644,573.935424,-141.814725,572.029937,59.959229,0.004094,1,0
26.333000,-59.725311,206657.190879,-179.891285,206544.054057,60.229587,207934.422441,98.338858,565.278703,-21.942879,566.868230,-141.599410,572.019965,59.963621,0.003730,1,0
26.367000,-59.825834,207319.677502,-179.920143,205641.853015,60.173488,207819.391399,98.111646,573.743455,-22.247060,561.508068,-141.793811,565.659809,59.965143,-0.002444,1,0
26.400000,-59.733673,207045.022696,-179.998730,206802.438795,60.015180,206571.924582,98.282410,566.931901,-22.059256,570.139233,-142.101195,563.471070,59.971062,-0.005477,1,0
26.433000,-59.870096,207697.760475,179.929465,206076.132473,60.124466,206945.749042,98.133683,563.918903,-21.859856,565.994467,-141.645062,566.649989,59.974987,-0.004470,1,0
26.467000,-59.889969,207488.131661,-179.794223,206980.284690,60.043835,207873.736213,97.787409,564.119241,-21.517839,567.102731,-142.027871,566.558741,59.969675,-0.002840,1,0
26.500000,-59.960742,206622.430969,-179.807247,205781.344844,60.291586,206909.717768,98.050129,573.014104,-22.028768,572.461525,-141.538889,567.457320,59.968669,0.001295,1,0
26.533000,-59.850468,205246.115643,-179.920177,208353.234545,60.067215,207630.674944,97.983632,568.606391,-21.642678,564.606263,-141.606386,572.170903,59.968424,0.007907,1,0
26.567000,-60.010789,205851.653266,-179.716700,204984.908539,60.135043,205681.666829,98.161483,568.456286,-21.863822,567.889729,-141.780757,567.498672,59.963529,0.002176,1,0
26.600000,-59.766234,204236.080817,-179.837799,204262.262843,60.221011,206086.481512,98.171374,566.182942,-21.677382,561.583397,-141.572703,561.266635,59.954483,-0.007852,1,0
26.633000,-59.916171,204399.677841,179.975586,207364.868993,60.052534,207216.469574,98.265350,563.528734,-22.267688,561.994036,-142.004016,565.942239,59.968376,-0.007752,1,0
26.667000,-59.910999,206299.626068,-179.794930,206582.450772,59.998298,206944.482489,98.144541,569.252652,-21.985019,570.076187,-141.733714,570.514848,59.959146,0.004144,1,0
26.700000,-59.699698,206713.768866,-179.679347,205104.757545,60.269640,207876.355685,98.476548,568.413656,-21.833714,571.983872,-141.962917,572.921908,59.962418,0.000342,1,0
26.733000,-59.905011,205211.774382,-179.863509,208027.751676,60.164973,204734.581194,98.346895,571.346951,-21.950578,567.913891,-141.874696,570.045701,59.955795,-0.000120,1,0
26.767000,-59.804866,205974.478719,-179.952495,204389.947587,60.028697,204271.726318,98.429853,568.954650,-22.120215,568.453774,-141.791804,563.614966,59.953630,0.003954,1,0
26.800000,-59.902491,206078.583354,-179.830574,206210.788095,60.112205,204934.229083,98.309814,565.967939,-21.724216,575.631496,-141.762897,572.279941,59.952495,-0.000568,1,0
26.833000,-59.927780,206068.360907,-179.963161,206331.271631,60.266659,205570.493662,98.659255,571.492768,-22.270564,570.676764,-141.978430,568.949312,59.954113,-0.004187,1,0
26.867000,-59.838918,207043.706790,-179.747980,206457.388905,60.172359,204421.768281,98.235265,565.461271,-21.911985,567.064603,-141.855660,568.380616,59.958950,-0.007025,1,0
26.900000,-59.824843,205930.727100,-179.643409,204847.859391,60.202173,205335.726273,98.261012,565.266087,-21.915787,564.659148,-141.923841,564.059385,59.964503,-0.014441,1,0
26.933000,-59.832731,204605.941677,-179.728419,205459.452852,60.120083,206673.965196,98.029650,562.993565,-21.609431,566.121774,-141.872750,570.813342,59.962048,0.007390,1,0
26.967000,-60.056515,206272.661996,179.981980,205560.378451,60.155803,206651.092407,98.056322,562.039459,-21.873876,569.596794,-141.928632,565.223915,59.962354,-0.005687,1,0
27.000000,-59.791154,206553.458202,179.979894,207686.491839,60.159788,206593.708318,97.907782,574.487312,-21.952332,563.910944,-141.906047,575.575939,59.960632,-0.011265,1,0
27.033000,-59.887873,205875.426926,-179.953927,205820.543037,59.893407,205445.694923,98.260562,568.741034,-22.007386,570.204064,-142.228902,570.783748,59.960219,0.007831,1,0
27.067000,-59.808565,205779.729359,-179.959559,204248.091799,60.222486,207991.458346,97.811827,565.867743,-21.745809,568.319176,-142.072625,570.398489,59.965960,-0.000555,1,0
27.100000,-59.751305,204078.581787,-179.796017,205397.557224,60.360047,205679.741699,98.028800,564.811087,-21.745561,566.979702,-141.376959,565.347915,59.966600,-0.000574,1,0
27.133000,-60.018189,205121.802549,-179.838588,205130.738291,60.251262,205772.022753,98.177020,569.795080,-21.664767,565.036166,-142.070883,571.121174,59.966818,-0.005867,1,0
27.167000,-59.893620,206310.004638,-179.891180,204126.683966,60.185303,204943.154834,98.465292,561.553618,-21.765318,562.556553,-141.717223,565.758943,59.965157,-0.006062,1,0
27.200000,-59.805730,206552.001182,-179.901092,205203.382998,60.095193,204131.842758,98.058170,560.339642,-22.205506,561.509245,-141.900970,558.741270,59.970074,-0.001636,1,0
27.233000,-59.889433,203327.608758,-179.871970,205981.981752,59.996316,205147.008120,98.079064,559.650209,-22.020663,559.816740,-141.894879,566.965486,59.965294,0.001979,1,0
27.267000,-59.917246,204740.090555,-179.778289,203465.414847,60.132810,205715.189134,97.980275,555.909897,-21.737718,566.785896,-142.081942,561.948651,59.959419,0.002380,1,0
27.300000,-59.915314,204159.371328,-179.841176,203353.530870,60.143676,205159.848988,98.137128,564.451815,-21.599925,566.260898,-141.897600,556.289461,59.966978,0.010890,1,0
27.333000,-59.943154,203861.226402,-179.962575,204642.633181,60.202275,204298.510308,98.111426,557.663070,-22.057018,565.687238,-141.726260,559.690607,59.956840,-0.021143,1,0
27.367000,-59.914242,204036.371939,-179.676726,204685.371584,60.198698,205239.469990,98.277609,560.292962,-21.623229,558.980970,-141.764423,561.458596,59.968688,-0.008901,1,0
27.400000,-60.002665,205005.944130,-179.875028,202869.352022,60.185411,203375.338950,98.134372,556.687097,-22.304138,559.759621,-141.743890,564.435454,59.958662,0.008003,1,0
27.433000,-59.812186,203881.914908,-179.968137,202909.840002,60.055585,205425.838745,98.197845,564.212744,-21.794532,561.789021,-141.925012,557.586739,59.966876,0.004257,1,0
27.467000,-59.780495,204531.270211,-179.998097,204104.833980,60.350960,203775.892867,98.824524,556.581606,-21.713536,562.458730,-141.757524,560.665354,59.957517,-0.002660,1,0
27.500000,-59.770582,205331.259318,-179.679916,205511.216616,60.025843,203792.195592,98.028647,560.509027,-21.756617,561.153581,-141.969343,562.244601,59.960223,0.007381,1,0
27.533000,-59.998292,203542.017699,179.917601,204266.857287,60.104168,204013.389529,97.955889,563.605387,-21.966105,562.045081,-141.809992,569.273012,59.966091,-0.007134,1,0
27.567000,-59.906013,204255.588055,-179.619176,204728.075328,60.210238,205301.307749,97.949462,564.966188,-21.538522,571.508795,-141.615130,560.981529,59.960411,0.000126,1,0
27.600000,-59.708587,204111.619999,-179.708116,206651.629665,60.305622,205099.283306,98.574419,563.349069,-21.708358,566.712584,-141.635047,570.764828,59.965208,-0.008208,1,0
27.633000,-59.816936,202951.167182,-179.786445,205987.652920,60.213056,204695.220191,98.220769,567.242467,-21.766997,557.899150,-141.962977,568.686541,59.968467,-0.001454,1,0
27.667000,-59.686635,204139.483642,-179.575896,205031.114804,60.268026,206214.639356,97.951876,566.365004,-21.449867,563.874358,-141.587450,570.033868,59.962543,0.001168,1,0
27.700000,-59.820331,205809.547866,-179.897897,205089.143100,60.085493,205623.789433,98.227087,568.029370,-21.609665,566.538166,-141.949071,567.945185,59.969074,-0.008994,1,0
27.733000,-59.704402,205005.683243,-179.505245,207210.234293,60.317901,206392.683594,98.306723,563.993531,-21.481908,570.991893,-141.570443,566.972438,59.965630,-0.006347,1,0
27.767000,-59.663022,204255.309508,-179.759580,202700.310473,60.211646,204476.221341,97.997907,566.571739,-21.380877,571.804518,-142.055357,571.769797,59.971538,-0.010182,1,0
27.800000,-59.680277,204607.335259,-179.659955,205331.181187,60.311902,204645.343426,98.263561,569.443522,-21.775751,568.807476,-141.837820,572.826423,59.963944,-0.006209,1,0
27.833000,-59.790957,206345.588752,-179.551334,204822.670728,60.158770,205845.930178,98.350000,566.399371,-21.516170,567.500188,-141.455460,569.178685,59.967055,0.001612,1,0
27.867000,-59.967517,204341.552170,-179.673288,205746.060434,60.310592,204960.135629,98.100983,561.326120,-21.537480,570.894339,-141.680279,571.718601,59.969220,-0.001105,1,0
27.900000,-59.744911,204365.766678,-179.737214,206510.616379,60.449683,205310.134382,98.156307,568.969918,-21.969490,573.175069,-141.624317,569.031796,59.966867,-0.004088,1,0
27.933000,-59.626847,203807.899286,-179.790541,205030.415310,60.221012,208230.526805,98.298571,568.333213,-21.815790,567.850055,-141.730686,569.398890,59.965782,0.001037,1,0
27.967000,-59.661637,203753.664805,-179.691251,204387.959545,60.303192,204608.162827,98.531169,571.629642,-21.610467,569.371065,-141.887385,572.586322,59.969759,0.003319,1,0
28.000000,-59.491513,204013.486839,-179.629458,204061.183852,60.334896,205930.279635,98.673730,571.291316,-21.327255,571.987511,-141.596767,568.183863,59.973788,-0.005408,1,0
28.033000,-59.711743,205026.464627,-179.855632,205664.538334,60.223529,204120.952009,98.195831,568.115604,-21.806771,571.860205,-141.938502,564.502302,59.970842,-0.001463,1,0
28.067000,-59.574636,205914.727482,-179.801554,205081.254441,60.310158,207414.509111,98.444516,566.478821,-21.776678,574.780985,-141.553143,571.272947,59.963305,0.002268,1,0
28.100000,-59.738175,206162.967079,-179.668853,204621.771843,60.348536,206368.926422,98.352003,565.635508,-21.741487,563.578519,-141.624960,566.665171,59.968317,0.003150,1,0
28.133000,-59.774958,205115.460528,-179.557540,205595.119094,60.198573,203833.229347,98.426945,567.218331,-21.668667,569.630607,-141.767596,572.752543,59.966985,0.000550,1,0
28.167000,-59.747124,206692.048543,-179.659680,204829.305057,60.379093,204871.283258,98.640725,566.963370,-21.900753,566.585647,-141.537417,567.825440,59.966583,0.001837,1,0
28.200000,-59.622149,204659.898200,-179.573343,205160.806779,60.428501,204638.294399,98.159704,566.189174,-21.648180,575.210932,-141.532415,574.260135,59.967896,-0.006256,1,0
28.233000,-59.598728,204421.601201,-179.628448,204637.582992,60.353273,204271.571297,98.721853,572.696795,-21.581696,573.837412,-141.602052,577.689138,59.964211,0.013471,1,0
28.267000,-59.708821,205836.963351,-179.578584,205050.896327,60.379051,207149.982040,98.539808,574.893925,-21.628513,567.398045,-141.648035,564.948227,59.969943,0.006326,1,0
28.300000,-59.503062,205333.228978,-179.629187,203699.265508,60.445853,205248.009191,98.561198,572.612032,-21.822011,573.042377,-141.270312,571.945714,59.964521,-0.016545,1,0
28.333000,-59.486712,206003.347317,-179.691285,205142.340806,60.668449,203610.162306,98.410369,566.231834,-21.723428,573.233546,-141.350211,569.576515,59.972522,-0.002381,1,0
28.367000,-59.489269,206269.843942,-179.698850,206100.344335,60.427053,204146.115361,98.537402,577.406520,-21.786072,563.635530,-141.871533,570.252420,59.968613,0.004200,1,0
28.400000,-59.649306,206088.857658,-179.791710,204840.861948,60.332588,205932.621898,98.270748,576.246539,-21.969093,572.924436,-141.749885,569.652803,59.968378,0.000009,1,0
28.433000,-59.579568,204809.913428,-179.601301,204081.002241,60.489597,204864.110526,98.281307,575.221624,-21.793854,578.468201,-141.471764,577.412280,59.966604,-0.000751,1,0
28.467000,-59.339643,205676.618341,-179.421813,206388.659400,60.431893,205132.634561,98.840023,572.198730,-21.584095,570.164178,-141.335737,574.372762,59.970996,0.001965,1,0
28.500000,-59.438278,206578.206338,-179.634208,205566.179427,60.445646,206758.183783,98.848112,576.161924,-21.626143,576.818889,-141.740223,574.676242,59.967718,-0.001151,1,0
28.533000,-59.651195,205143.541358,-179.439925,205320.350976,60.395578,206408.564826,98.371730,573.754867,-21.562011,577.880516,-141.438233,578.616513,59.972675,0.012214,1,0
28.567000,-59.454373,204548.519238,-179.652982,204462.118784,60.457573,203998.989541,98.548586,582.427599,-21.652946,574.129916,-141.535274,574.318865,59.970531,0.000438,1,0
28.600000,-59.728939,205762.316816,-179.571921,204691.743787,60.471876,206266.681069,98.400820,576.302545,-21.730578,577.710164,-141.665377,577.825870,59.961831,0.001676,1,0
28.633000,-59.473096,204518.101920,-179.519385,206239.104592,60.530479,205385.721953,98.950445,579.370445,-21.489612,579.923361,-141.483993,575.157662,59.971701,-0.004303,1,0
28.667000,-59.494513,206622.767011,-179.575011,205343.576478,60.472911,206164.547307,98.318056,577.029624,-21.563045,577.717933,-141.729900,572.472732,59.970117,-0.002967,1,0
28.700000,-59.478134,204205.622858,-179.471796,205552.217017,60.582324,205996.426597,98.330193,573.834671,-21.600557,579.473885,-141.343842,575.509731,59.960635,0.000236,1,0
28.733000,-59.469490,204425.655670,-179.533844,206092.676188,60.445368,205762.791867,98.485227,575.477339,-21.798450,577.973040,-141.581060,578.998604,59.963020,0.000907,1,0
28.767000,-59.442436,204185.400623,-179.547081,207008.652523,60.587653,204744.468464,98.332450,572.687919,-21.720983,577.741749,-141.410758,579.298736,59.958136,-0.000265,1,0
28.800000,-59.428771,205061.491510,-179.585839,206534.383279,60.470576,205938.769302,98.525842,574.843284,-21.734490,572.399495,-141.483228,571.993209,59.963739,-0.006623,1,0
28.833000,-59.489974,207298.280755,-179.446965,206230.742784,60.629914,205690.537170,98.692164,578.728800,-21.560280,578.238095,-141.160237,578.000190,59.964268,0.004861,1,0
28.867000,-59.507761,206688.959297,-179.572114,206044.038290,60.579472,203920.485295,98.508915,577.606481,-21.475202,576.716411,-140.999940,579.506582,59.962577,-0.002107,1,0
28.900000,-59.519109,206899.463422,-179.535601,206047.999952,60.448829,204751.097292,98.512715,576.967485,-21.677417,573.722108,-141.371355,577.787805,59.971734,0.009354,1,0
28.933000,-59.430218,206772.956709,-179.520137,206071.767332,60.681399,205662.589858,98.429030,571.287719,-21.698954,574.915620,-141.216503,575.309317,59.964850,-0.006115,1,0
28.967000,-59.445734,205579.969064,-179.493653,206905.832527,60.462857,207553.644948,98.251627,573.006227,-21.588315,576.456390,-141.629981,574.486359,59.964783,-0.003563,1,0
29.000000,-59.415259,205796.711097,-179.424591,205495.995128,60.417067,206035.788115,98.575879,578.709624,-21.334153,571.120168,-141.506623,582.950279,59.967563,-0.003244,1,0
29.033000,-59.642182,205980.392536,-179.529423,205217.682861,60.267638,204466.601329,98.304477,576.467691,-21.264778,578.056543,-142.075826,578.006216,59.958018,0.011565,1,0
29.067000,-59.368083,205430.790707,-179.574490,205307.592498,60.392048,204943.668560,98.566489,576.227878,-21.712845,576.327126,-141.502087,578.402941,59.957917,-0.008082,1,0
29.100000,-59.592255,205931.794231,-179.559794,205150.025614,60.546190,206866.448499,98.508893,574.599781,-21.342615,573.900326,-141.395987,579.103117,59.962281,0.004164,1,0
29.133000,-59.559182,204802.811413,-179.526685,207386.581739,60.576568,207856.705085,98.571739,572.211571,-21.572501,581.928848,-141.538002,580.227947,59.962230,0.007746,1,0
29.167000,-59.353276,206111.781199,-179.586629,205373.769205,60.620816,203524.108960,98.774544,573.655465,-21.551877,576.000307,-141.455272,570.036833,59.970531,0.001651,1,0
29.200000,-59.345842,206222.642264,-179.567556,206621.618228,60.388497,205938.839887,98.853406,570.924695,-21.899418,581.532063,-141.597532,576.207858,59.971316,-0.013117,1,0
29.233000,-59.541829,206070.874770,-179.445742,205536.854970,60.551118,204136.802555,98.520005,577.733943,-21.575897,572.655357,-141.469351,571.746893,59.965163,0.002234,1,0
29.267000,-59.482626,206031.103620,-179.566115,206945.769650,60.392169,207112.830667,98.197561,572.506519,-21.556150,572.780213,-141.641218,572.029983,59.967917,0.001275,1,0
29.300000,-59.459964,205181.614861,-179.578364,205697.636665,60.542370,206939.698731,98.524297,574.914444,-21.256477,572.479115,-141.390171,573.916118,59.965491,0.003699,1,0
29.333000,-59.338728,206303.768520,-179.466129,203576.702265,60.370891,206114.194850,98.244227,574.507510,-21.354530,574.813504,-141.829663,571.941395,59.967682,0.009288,1,0
29.367000,-59.570574,204910.957308,-179.400036,206248.098717,60.569991,206080.938121,98.574717,569.816200,-21.682123,570.222345,-141.611813,573.323638,59.967852,-0.012185,1,0
29.400000,-59.500569,206626.453713,-179.354750,205559.668478,60.568274,204965.491780,98.325641,573.137609,-21.296824,568.567454,-141.554476,570.909756,59.967078,-0.003440,1,0
29.433000,-59.525860,205080.162158,-179.351128,205188.522456,60.406656,203386.975689,97.998783,575.600372,-21.345202,572.129869,-141.686570,571.421569,59.968618,0.002392,1,0
29.467000,-59.462071,204715.045702,-179.370065,205335.505298,60.361360,205467.249975,98.132911,567.320758,-20.999593,569.869685,-141.324389,575.624191,59.974918,-0.004636,1,0
29.500000,-59.529441,206588.291824,-179.477436,206262.215712,60.405066,206041.828088,98.510754,572.572481,-21.526854,576.188103,-141.590209,575.397738,59.966948,-0.004236,1,0
29.533000,-59.506126,204853.862796,-179.418132,203484.350036,60.599341,205366.704627,98.146978,568.954899,-21.604999,573.566278,-141.384007,570.919773,59.971880,0.016271,1,0
29.567000,-59.588296,205813.053508,-179.235226,205021.551141,60.544339,205093.924600,98.365247,574.152919,-21.358024,568.799342,-141.541310,573.850356,59.981608,0.003682,1,0
29.600000,-59.489625,206650.831633,-179.561431,205540.971005,60.553689,206271.659756,98.386023,568.076005,-21.491839,568.574338,-141.414927,570.243196,59.975014,-0.000501,1,0
29.633000,-59.527078,205542.915781,-179.341020,205661.261984,60.500063,206340.765147,98.391959,570.821326,-21.619305,571.362007,-141.345568,569.811372,59.969630,-0.003341,1,0
29.667000,-59.372063,206102.015652,-179.538048,205826.487134,60.570818,204708.890348,98.891185,567.004556,-21.671765,567.999770,-141.564052,570.834857,59.975020,-0.000808,1,0
29.700000,-59.491500,205417.834865,-179.551229,206449.882739,60.652070,205606.580870,98.460649,572.914628,-21.464940,565.213990,-141.163826,571.703976,59.974624,0.001183,1,0
29.733000,-59.454318,206207.913188,-179.421570,206383.021778,60.453503,205979.250160,98.436019,562.607086,-21.754121,565.019956,-141.543867,569.935493,59.971501,0.003050,1,0
29.767000,-59.572371,204436.271933,-179.619271,207043.265645,60.304337,207414.310117,98.222976,569.961921,-21.576795,574.793422,-141.395492,572.266283,59.976876,0.005402,1,0
29.800000,-59.552640,205252.870923,-179.459242,206738.173525,60.352797,204931.990239,98.622331,568.898803,-21.728526,574.982856,-141.421361,575.127814,59.968053,0.006821,1,0
29.833000,-59.484579,205534.743751,-179.636485,204850.487127,60.491630,205982.978736,98.375286,575.871897,-21.585338,572.277542,-141.396714,566.940672,59.963180,-0.008042,1,0
29.867000,-59.383520,206442.286949,-179.415476,206011.538351,60.454161,205611.375449,98.596645,573.155395,-21.326711,573.792302,-141.693412,573.288022,59.978990,0.003709,1,0
29.900000,-59.600907,205219.635941,-179.551465,205928.975516,60.506082,205105.190488,98.167779,574.564840,-21.586484,567.414108,-141.612207,572.656569,59.978852,0.012401,1,0
29.933000,-59.528250,205558.187790,-179.530286,206763.115749,60.548332,206762.136936,98.447484,573.775164,-21.420756,569.718747,-141.421114,571.230784,59.979442,0.002308,1,0
29.967000,-59.461979,206273.480379,-179.618070,203787.791801,60.247014,206061.635976,98.690558,575.466751,-21.657372,573.434493,-141.891357,568.161544,59.982322,0.003927,1,0
30.000000,-59.588235,205859.832025,-179.495075,205382.898971,60.476070,207861.676991,98.539874,572.076407,-21.552391,572.713800,-141.669713,574.830501,59.980595,-0.007569,1,0
