scenario_id,bus,mode,target_missing_fraction,achieved_missing_fraction,burst_len_mean,inter_burst_mean,overlap_ratio,partial_dropout_fraction
SIMB0001,BUS39,official_style,0.005265625,0.00554016620498615,2.0,0.0,0.0,0.0
SIMB0001,BUS29,official_style,0.042125,0.04155124653739612,2.5,51.4,0.0,0.0
SIMB0001,BUS10,official_style,0.005265625,0.00554016620498615,2.0,0.0,0.0,0.0
SIMB0001,BUS22,official_style,0.005265625,0.00554016620498615,2.0,0.0,0.0,0.0
SIMB0001,BUS19,official_style,0.005265625,0.00554016620498615,2.0,0.0,0.0,0.0
SIMB0001,BUS2,official_style,0.005265625,0.00554016620498615,2.0,0.0,0.0,0.0
SIMB0001,BUS5,official_style,0.005265625,0.00554016620498615,2.0,0.0,0.0,0.0
SIMB0001,BUS6,official_style,0.005265625,0.00554016620498615,2.0,0.0,0.0,0.0
SIMB0002,BUS39,official_style,0.005265625,0.00554016620498615,1.0,3.0,0.0,0.0
SIMB0002,BUS29,official_style,0.042125,0.04155124653739612,3.75,98.0,0.0110803324099723,0.0
SIMB0002,BUS10,official_style,0.005265625,0.00554016620498615,1.0,2.0,0.0,0.0
SIMB0002,BUS22,official_style,0.005265625,0.00554016620498615,2.0,0.0,0.0,0.0
SIMB0002,BUS19,official_style,0.005265625,0.00554016620498615,2.0,0.0,0.0,0.0
SIMB0002,BUS2,official_style,0.005265625,0.00554016620498615,2.0,0.0,0.0,0.0
SIMB0002,BUS5,official_style,0.005265625,0.00554016620498615,2.0,0.0,0.0,0.0
SIMB0002,BUS6,official_style,0.005265625,0.00554016620498615,1.0,3.0,0.0,0.0
SIMB0003,BUS39,official_style,0.005265625,0.00554016620498615,2.0,0.0,0.0,0.0
SIMB0003,BUS29,official_style,0.042125,0.04155124653739612,3.75,86.0,0.0221606648199446,0.0
SIMB0003,BUS10,official_style,0.005265625,0.00554016620498615,1.0,2.0,0.0,0.0
SIMB0003,BUS22,official_style,0.005265625,0.00554016620498615,2.0,0.0,0.0,0.0
SIMB0003,BUS19,official_style,0.005265625,0.00554016620498615,1.0,2.0,0.0,0.0
SIMB0003,BUS2,official_style,0.005265625,0.00554016620498615,2.0,0.0,0.0,0.0
SIMB0003,BUS5,official_style,0.005265625,0.00554016620498615,2.0,0.0,0.0,0.0
SIMB0003,BUS6,official_style,0.005265625,0.00554016620498615,2.0,0.0,0.0,0.0
SIMB0004,BUS39,official_style,0.005265625,0.00554016620498615,1.0,3.0,0.0,0.0
SIMB0004,BUS29,official_style,0.042125,0.04155124653739612,3.0,60.25,0.024930747922437674,0.0
SIMB0004,BUS10,official_style,0.005265625,0.00554016620498615,1.0,3.0,0.0,0.0
SIMB0004,BUS22,official_style,0.005265625,0.00554016620498615,1.0,2.0,0.0,0.0
SIMB0004,BUS19,official_style,0.005265625,0.00554016620498615,2.0,0.0,0.0,0.0
SIMB0004,BUS2,official_style,0.005265625,0.00554016620498615,2.0,0.0,0.0,0.0
SIMB0004,BUS5,official_style,0.005265625,0.00554016620498615,2.0,0.0,0.0,0.0
SIMB0004,BUS6,official_style,0.005265625,0.00554016620498615,1.0,2.0,0.0,0.0
SIMB0005,BUS39,official_style,0.005265625,0.00554016620498615,1.0,2.0,0.0,0.0
SIMB0005,BUS29,official_style,0.042125,0.04155124653739612,3.75,77.66666666666667,0.0332409972299169,0.0
SIMB0005,BUS10,official_style,0.005265625,0.00554016620498615,2.0,0.0,0.0,0.0
SIMB0005,BUS22,official_style,0.005265625,0.00554016620498615,1.0,3.0,0.0,0.0
SIMB0005,BUS19,official_style,0.005265625,0.00554016620498615,2.0,0.0,0.0,0.0
SIMB0005,BUS2,official_style,0.005265625,0.00554016620498615,2.0,0.0,0.0,0.0
SIMB0005,BUS5,official_style,0.005265625,0.00554016620498615,2.0,0.0,0.0,0.0
SIMB0005,BUS6,official_style,0.005265625,0.00554016620498615,2.0,0.0,0.0,0.0
SIMB0006,BUS39,official_style,0.005265625,0.00554016620498615,1.0,2.0,0.0,0.0
SIMB0006,BUS29,official_style,0.042125,0.04155124653739612,3.0,57.75,0.0,0.0
SIMB0006,BUS10,official_style,0.005265625,0.00554016620498615,2.0,0.0,0.0,0.0
SIMB0006,BUS22,official_style,0.005265625,0.00554016620498615,1.0,4.0,0.0,0.0
SIMB0006,BUS19,official_style,0.005265625,0.00554016620498615,2.0,0.0,0.0,0.0
SIMB0006,BUS2,official_style,0.005265625,0.00554016620498615,1.0,2.0,0.0,0.0
SIMB0006,BUS5,official_style,0.005265625,0.00554016620498615,1.0,3.0,0.0,0.0
SIMB0006,BUS6,official_style,0.005265625,0.00554016620498615,2.0,0.0,0.0,0.0
SIMB0007,BUS39,official_style,0.005265625,0.00554016620498615,2.0,0.0,0.0,0.0
SIMB0007,BUS29,official_style,0.042125,0.04155124653739612,3.75,83.33333333333333,0.008310249307479225,0.0
SIMB0007,BUS10,official_style,0.005265625,0.00554016620498615,2.0,0.0,0.0,0.0
SIMB0007,BUS22,official_style,0.005265625,0.00554016620498615,2.0,0.0,0.0,0.0
SIMB0007,BUS19,official_style,0.005265625,0.00554016620498615,2.0,0.0,0.0,0.0
SIMB0007,BUS2,official_style,0.005265625,0.00554016620498615,2.0,0.0,0.0,0.0
SIMB0007,BUS5,official_style,0.005265625,0.00554016620498615,2.0,0.0,0.0,0.0
SIMB0007,BUS6,official_style,0.005265625,0.00554016620498615,1.0,3.0,0.0,0.0
SIMB0008,BUS39,official_style,0.005265625,0.00554016620498615,1.0,2.0,0.0,0.0
SIMB0008,BUS29,official_style,0.042125,0.04155124653739612,3.0,71.5,0.0,0.0
SIMB0008,BUS10,official_style,0.005265625,0.00554016620498615,2.0,0.0,0.0,0.0
SIMB0008,BUS22,official_style,0.005265625,0.00554016620498615,2.0,0.0,0.0,0.0
SIMB0008,BUS19,official_style,0.005265625,0.00554016620498615,2.0,0.0,0.0,0.0
SIMB0008,BUS2,official_style,0.005265625,0.00554016620498615,2.0,0.0,0.0,0.0
SIMB0008,BUS5,official_style,0.005265625,0.00554016620498615,2.0,0.0,0.0,0.0
SIMB0008,BUS6,official_style,0.005265625,0.00554016620498615,2.0,0.0,0.0,0.0
SIMB0009,BUS39,official_style,0.005265625,0.00554016620498615,1.0,2.0,0.0,0.0
SIMB0009,BUS29,official_style,0.042125,0.04155124653739612,2.5,43.6,0.0,0.0
SIMB0009,BUS10,official_style,0.005265625,0.00554016620498615,2.0,0.0,0.0,0.0
SIMB0009,BUS22,official_style,0.005265625,0.00554016620498615,2.0,0.0,0.0,0.0
SIMB0009,BUS19,official_style,0.005265625,0.00554016620498615,1.0,3.0,0.0,0.0
SIMB0009,BUS2,official_style,0.005265625,0.00554016620498615,2.0,0.0,0.0,0.0
SIMB0009,BUS5,official_style,0.005265625,0.00554016620498615,2.0,0.0,0.0,0.0
SIMB0009,BUS6,official_style,0.005265625,0.00554016620498615,1.0,2.0,0.0,0.0
SIMB0010,BUS39,official_style,0.005265625,0.00554016620498615,2.0,0.0,0.0,0.0
SIMB0010,BUS29,official_style,0.042125,0.04155124653739612,3.75,72.33333333333333,0.0,0.0
SIMB0010,BUS10,official_style,0.005265625,0.00554016620498615,2.0,0.0,0.0,0.0
SIMB0010,BUS22,official_style,0.005265625,0.00554016620498615,2.0,0.0,0.0,0.0
SIMB0010,BUS19,official_style,0.005265625,0.00554016620498615,1.0,2.0,0.0,0.0
SIMB0010,BUS2,official_style,0.005265625,0.00554016620498615,1.0,2.0,0.0,0.0
SIMB0010,BUS5,official_style,0.005265625,0.00554016620498615,2.0,0.0,0.0,0.0
SIMB0010,BUS6,official_style,0.005265625,0.00554016620498615,1.0,2.0,0.0,0.0
SIMB0011,BUS39,official_style,0.005265625,0.00554016620498615,1.0,2.0,0.0,0.0
SIMB0011,BUS29,official_style,0.042125,0.04155124653739612,3.75,88.0,0.00554016620498615,0.0
SIMB0011,BUS10,official_style,0.005265625,0.00554016620498615,2.0,0.0,0.0,0.0
SIMB0011,BUS22,official_style,0.005265625,0.00554016620498615,1.0,3.0,0.0,0.0
SIMB0011,BUS19,official_style,0.005265625,0.00554016620498615,2.0,0.0,0.0,0.0
SIMB0011,BUS2,official_style,0.005265625,0.00554016620498615,1.0,2.0,0.0,0.0
SIMB0011,BUS5,official_style,0.005265625,0.00554016620498615,1.0,2.0,0.0,0.0
SIMB0011,BUS6,official_style,0.005265625,0.00554016620498615,1.0,2.0,0.0,0.0
SIMB0012,BUS39,official_style,0.005265625,0.00554016620498615,1.0,3.0,0.0,0.0
SIMB0012,BUS29,official_style,0.042125,0.04155124653739612,3.75,80.0,0.030470914127423823,0.0
SIMB0012,BUS10,official_style,0.005265625,0.00554016620498615,2.0,0.0,0.0,0.0
SIMB0012,BUS22,official_style,0.005265625,0.00554016620498615,2.0,0.0,0.0,0.0
SIMB0012,BUS19,official_style,0.005265625,0.00554016620498615,2.0,0.0,0.0,0.0
SIMB0012,BUS2,official_style,0.005265625,0.00554016620498615,2.0,0.0,0.0,0.0
SIMB0012,BUS5,official_style,0.005265625,0.00554016620498615,1.0,2.0,0.0,0.0
SIMB0012,BUS6,official_style,0.005265625,0.00554016620498615,2.0,0.0,0.0,0.0
SIMB0013,BUS39,research_style,0.02,0.019390581717451522,1.75,26.666666666666668,0.008310249307479225,0.0110803324099723
SIMB0013,BUS29,research_style,0.02,0.019390581717451522,2.3333333333333335,42.0,0.0,0.0110803324099723
SIMB0013,BUS10,research_style,0.02,0.019390581717451522,2.3333333333333335,37.0,0.00554016620498615,0.0110803324099723
SIMB0013,BUS22,research_style,0.02,0.019390581717451522,2.3333333333333335,36.0,0.008310249307479225,0.0110803324099723
SIMB0013,BUS19,research_style,0.02,0.019390581717451522,2.3333333333333335,31.5,0.0,0.0110803324099723
SIMB0013,BUS2,research_style,0.02,0.019390581717451522,1.75,21.666666666666668,0.0,0.0110803324099723
SIMB0013,BUS5,research_style,0.02,0.019390581717451522,1.75,15.666666666666666,0.0,0.0110803324099723
SIMB0013,BUS6,research_style,0.02,0.019390581717451522,3.5,93.0,0.008310249307479225,0.0110803324099723
SIMB0014,BUS39,research_style,0.02,0.019390581717451522,1.75,23.666666666666668,0.0,0.0110803324099723
SIMB0014,BUS29,research_style,0.02,0.019390581717451522,2.3333333333333335,41.5,0.0,0.0110803324099723
SIMB0014,BUS10,research_style,0.02,0.019390581717451522,2.3333333333333335,33.0,0.0,0.0110803324099723
SIMB0014,BUS22,research_style,0.02,0.019390581717451522,2.3333333333333335,37.5,0.0,0.0110803324099723
SIMB0014,BUS19,research_style,0.02,0.019390581717451522,1.75,26.333333333333332,0.008310249307479225,0.0110803324099723
SIMB0014,BUS2,research_style,0.02,0.019390581717451522,2.3333333333333335,34.5,0.0,0.0110803324099723
SIMB0014,BUS5,research_style,0.02,0.019390581717451522,3.5,103.0,0.013850415512465374,0.0110803324099723
SIMB0014,BUS6,research_style,0.02,0.019390581717451522,3.5,53.0,0.0,0.0110803324099723
SIMB0015,BUS39,research_style,0.02,0.019390581717451522,2.3333333333333335,50.5,0.0,0.0110803324099723
SIMB0015,BUS29,research_style,0.02,0.019390581717451522,1.75,20.666666666666668,0.0,0.0110803324099723
SIMB0015,BUS10,research_style,0.02,0.019390581717451522,2.3333333333333335,35.5,0.0,0.0110803324099723
SIMB0015,BUS22,research_style,0.02,0.019390581717451522,2.3333333333333335,31.5,0.0,0.0110803324099723
SIMB0015,BUS19,research_style,0.02,0.019390581717451522,1.75,33.333333333333336,0.0,0.0110803324099723
SIMB0015,BUS2,research_style,0.02,0.019390581717451522,3.5,103.0,0.0,0.0110803324099723
SIMB0015,BUS5,research_style,0.02,0.019390581717451522,2.3333333333333335,41.0,0.0,0.0110803324099723
SIMB0015,BUS6,research_style,0.02,0.019390581717451522,2.3333333333333335,29.5,0.0,0.0110803324099723
SIMB0016,BUS39,research_style,0.02,0.019390581717451522,1.75,31.0,0.0110803324099723,0.0110803324099723
SIMB0016,BUS29,research_style,0.02,0.019390581717451522,1.4,17.25,0.0,0.0110803324099723
SIMB0016,BUS10,research_style,0.02,0.019390581717451522,2.3333333333333335,44.5,0.008310249307479225,0.0110803324099723
SIMB0016,BUS22,research_style,0.02,0.019390581717451522,3.5,87.0,0.00554016620498615,0.0110803324099723
SIMB0016,BUS19,research_style,0.02,0.019390581717451522,2.3333333333333335,44.0,0.00554016620498615,0.0110803324099723
SIMB0016,BUS2,research_style,0.02,0.019390581717451522,2.3333333333333335,44.0,0.0,0.0110803324099723
SIMB0016,BUS5,research_style,0.02,0.019390581717451522,3.5,60.0,0.0,0.0110803324099723
SIMB0016,BUS6,research_style,0.02,0.019390581717451522,2.3333333333333335,43.5,0.0,0.0110803324099723
SIMB0017,BUS39,research_style,0.02,0.019390581717451522,1.1666666666666667,33.0,0.0,0.0110803324099723
SIMB0017,BUS29,research_style,0.02,0.019390581717451522,3.5,73.0,0.0,0.0110803324099723
SIMB0017,BUS10,research_style,0.02,0.019390581717451522,1.75,26.0,0.0,0.0110803324099723
SIMB0017,BUS22,research_style,0.02,0.019390581717451522,2.3333333333333335,36.0,0.0,0.0110803324099723
SIMB0017,BUS19,research_style,0.02,0.019390581717451522,2.3333333333333335,41.0,0.0,0.0110803324099723
SIMB0017,BUS2,research_style,0.02,0.019390581717451522,1.75,33.333333333333336,0.0,0.0110803324099723
SIMB0017,BUS5,research_style,0.02,0.019390581717451522,1.75,47.333333333333336,0.0,0.0110803324099723
SIMB0017,BUS6,research_style,0.02,0.019390581717451522,2.3333333333333335,21.5,0.0,0.0110803324099723
SIMB0018,BUS39,research_style,0.02,0.019390581717451522,2.3333333333333335,28.5,0.0,0.0110803324099723
SIMB0018,BUS29,research_style,0.02,0.019390581717451522,2.3333333333333335,22.0,0.0,0.0110803324099723
SIMB0018,BUS10,research_style,0.02,0.019390581717451522,3.5,44.0,0.0,0.0110803324099723
SIMB0018,BUS22,research_style,0.02,0.019390581717451522,2.3333333333333335,30.5,0.0,0.0110803324099723
SIMB0018,BUS19,research_style,0.02,0.019390581717451522,2.3333333333333335,34.0,0.0,0.0110803324099723
SIMB0018,BUS2,research_style,0.02,0.019390581717451522,2.3333333333333335,45.0,0.0,0.0110803324099723
SIMB0018,BUS5,research_style,0.02,0.019390581717451522,3.5,80.0,0.0,0.0110803324099723
SIMB0018,BUS6,research_style,0.02,0.019390581717451522,3.5,64.0,0.0,0.0110803324099723
SIMB0019,BUS39,adversarial_stress,0.05,0.04986149584487535,4.5,59.666666666666664,0.0,0.030470914127423823
SIMB0019,BUS29,adversarial_stress,0.05,0.04986149584487535,2.5714285714285716,32.833333333333336,0.0,0.030470914127423823
SIMB0019,BUS10,adversarial_stress,0.05,0.04986149584487535,4.5,42.666666666666664,0.0,0.030470914127423823
SIMB0019,BUS22,adversarial_stress,0.05,0.04986149584487535,6.0,51.0,0.0,0.030470914127423823
SIMB0019,BUS19,adversarial_stress,0.05,0.04986149584487535,1.8,24.22222222222222,0.0,0.030470914127423823
SIMB0019,BUS2,adversarial_stress,0.05,0.04986149584487535,3.0,36.4,0.0,0.030470914127423823
SIMB0019,BUS5,adversarial_stress,0.05,0.04986149584487535,3.6,47.5,0.0,0.030470914127423823
SIMB0019,BUS6,adversarial_stress,0.05,0.04986149584487535,3.0,33.0,0.0,0.030470914127423823
SIMB0020,BUS39,adversarial_stress,0.05,0.04986149584487535,3.6,42.75,0.030470914127423823,0.030470914127423823
SIMB0020,BUS29,adversarial_stress,0.05,0.04986149584487535,6.0,58.5,0.008310249307479225,0.030470914127423823
SIMB0020,BUS10,adversarial_stress,0.05,0.04986149584487535,2.5714285714285716,41.166666666666664,0.008310249307479225,0.030470914127423823
SIMB0020,BUS22,adversarial_stress,0.05,0.04986149584487535,3.6,44.5,0.027700831024930747,0.030470914127423823
SIMB0020,BUS19,adversarial_stress,0.05,0.04986149584487535,4.5,55.666666666666664,0.019390581717451522,0.030470914127423823
SIMB0020,BUS2,adversarial_stress,0.05,0.04986149584487535,3.6,39.75,0.019390581717451522,0.030470914127423823
SIMB0020,BUS5,adversarial_stress,0.05,0.04986149584487535,3.6,47.25,0.019390581717451522,0.030470914127423823
SIMB0020,BUS6,adversarial_stress,0.05,0.04986149584487535,4.5,31.0,0.0,0.030470914127423823
SIMB0021,BUS39,adversarial_stress,0.05,0.04986149584487535,2.25,25.142857142857142,0.0221606648199446,0.030470914127423823
SIMB0021,BUS29,adversarial_stress,0.05,0.04986149584487535,6.0,62.5,0.013850415512465374,0.030470914127423823
SIMB0021,BUS10,adversarial_stress,0.05,0.04986149584487535,3.6,44.0,0.0221606648199446,0.030470914127423823
SIMB0021,BUS22,adversarial_stress,0.05,0.04986149584487535,2.5714285714285716,24.166666666666668,0.027700831024930747,0.030470914127423823
SIMB0021,BUS19,adversarial_stress,0.05,0.04986149584487535,3.0,37.4,0.019390581717451522,0.030470914127423823
SIMB0021,BUS2,adversarial_stress,0.05,0.04986149584487535,2.5714285714285716,28.166666666666668,0.027700831024930747,0.030470914127423823
SIMB0021,BUS5,adversarial_stress,0.05,0.04986149584487535,3.6,54.5,0.024930747922437674,0.030470914127423823
SIMB0021,BUS6,adversarial_stress,0.05,0.04986149584487535,6.0,52.0,0.013850415512465374,0.030470914127423823
SIMB0022,BUS39,adversarial_stress,0.05,0.04986149584487535,4.5,39.0,0.00554016620498615,0.030470914127423823
SIMB0022,BUS29,adversarial_stress,0.05,0.04986149584487535,4.5,42.0,0.019390581717451522,0.030470914127423823
SIMB0022,BUS10,adversarial_stress,0.05,0.04986149584487535,2.5714285714285716,33.333333333333336,0.0332409972299169,0.030470914127423823
SIMB0022,BUS22,adversarial_stress,0.05,0.04986149584487535,3.6,48.75,0.024930747922437674,0.030470914127423823
SIMB0022,BUS19,adversarial_stress,0.05,0.04986149584487535,3.0,36.4,0.024930747922437674,0.030470914127423823
SIMB0022,BUS2,adversarial_stress,0.05,0.04986149584487535,4.5,52.666666666666664,0.01662049861495845,0.030470914127423823
SIMB0022,BUS5,adversarial_stress,0.05,0.04986149584487535,3.0,34.0,0.0221606648199446,0.030470914127423823
SIMB0022,BUS6,adversarial_stress,0.05,0.04986149584487535,3.6,44.25,0.013850415512465374,0.030470914127423823
SIMB0023,BUS39,adversarial_stress,0.05,0.04986149584487535,3.6,50.0,0.024930747922437674,0.030470914127423823
SIMB0023,BUS29,adversarial_stress,0.05,0.04986149584487535,6.0,51.5,0.0,0.030470914127423823
SIMB0023,BUS10,adversarial_stress,0.05,0.04986149584487535,6.0,72.5,0.019390581717451522,0.030470914127423823
SIMB0023,BUS22,adversarial_stress,0.05,0.04986149584487535,6.0,55.5,0.0,0.030470914127423823
SIMB0023,BUS19,adversarial_stress,0.05,0.04986149584487535,3.6,49.25,0.024930747922437674,0.030470914127423823
SIMB0023,BUS2,adversarial_stress,0.05,0.04986149584487535,4.5,60.0,0.024930747922437674,0.030470914127423823
SIMB0023,BUS5,adversarial_stress,0.05,0.04986149584487535,3.0,22.4,0.01662049861495845,0.030470914127423823
SIMB0023,BUS6,adversarial_stress,0.05,0.04986149584487535,3.0,39.6,0.024930747922437674,0.030470914127423823
SIMB0024,BUS39,adversarial_stress,0.05,0.04986149584487535,3.0,39.2,0.0,0.030470914127423823
SIMB0024,BUS29,adversarial_stress,0.05,0.04986149584487535,3.6,35.0,0.0,0.030470914127423823
SIMB0024,BUS10,adversarial_stress,0.05,0.04986149584487535,3.0,33.6,0.0,0.030470914127423823
SIMB0024,BUS22,adversarial_stress,0.05,0.04986149584487535,3.0,32.6,0.0,0.030470914127423823
SIMB0024,BUS19,adversarial_stress,0.05,0.04986149584487535,2.25,25.285714285714285,0.0,0.030470914127423823
SIMB0024,BUS2,adversarial_stress,0.05,0.04986149584487535,3.0,40.2,0.0,0.030470914127423823
SIMB0024,BUS5,adversarial_stress,0.05,0.04986149584487535,3.6,51.75,0.0,0.030470914127423823
SIMB0024,BUS6,adversarial_stress,0.05,0.04986149584487535,2.5714285714285716,36.333333333333336,0.0,0.030470914127423823
