point_id,target_case_id,stratum,op_tag,op_m,kind,support,amplitude_i,amplitude_j,lambda_value,precision,new_tds,status,path,source_lambda1_id
op_m035_true_12_20_am0p00125_bm0p003125_l0p125,op_m035_12_20_aim0p01_ajm0p025,tail,op_m035,0.35,true,12-20,-0.00125,-0.003125,0.125,standard,True,PENDING_TDS,,
op_m035_true_12_20_am0p0025_bm0p00625_l0p25,op_m035_12_20_aim0p01_ajm0p025,tail,op_m035,0.35,true,12-20,-0.0025,-0.00625,0.25,standard,True,PENDING_TDS,,
op_m035_true_12_20_am0p005_bm0p0125_l0p5,op_m035_12_20_aim0p01_ajm0p025,tail,op_m035,0.35,true,12-20,-0.005,-0.0125,0.5,standard,True,PENDING_TDS,,
op_m035_true_12_20_am0p0075_bm0p018750000000000003_l0p75,op_m035_12_20_aim0p01_ajm0p025,tail,op_m035,0.35,true,12-20,-0.0075,-0.018750000000000003,0.75,standard,True,PENDING_TDS,,
op_m035_true_12_20_am0p01_bm0p025_l1p0,op_m035_12_20_aim0p01_ajm0p025,tail,op_m035,0.35,true,12-20,-0.01,-0.025,1.0,standard,False,REUSED_EXISTING,C:\Users\walla\Documents\Github\SGSMA26-Physics-Informed-AD\research\pmu_hybrid_dae_bayes\powerdynamics_ieee39\output\t120_multi_op_independent_validation_v1\physical\op_m035\physical\results\PAIR_12_20_AIm0p01_AJm0p025_R1.csv,PAIR_12_20_AIm0p01_AJm0p025_R1
op_m035_competitor_15_20_am0p00049142160312355_bm0p0028696671151213124_l0p125,op_m035_12_20_aim0p01_ajm0p025,tail,op_m035,0.35,competitor,15-20,-0.00049142160312355,-0.0028696671151213124,0.125,standard,True,PENDING_TDS,,
op_m035_competitor_15_20_am0p0009828432062471_bm0p005739334230242625_l0p25,op_m035_12_20_aim0p01_ajm0p025,tail,op_m035,0.35,competitor,15-20,-0.0009828432062471,-0.005739334230242625,0.25,standard,True,PENDING_TDS,,
op_m035_competitor_15_20_am0p0019656864124942_bm0p01147866846048525_l0p5,op_m035_12_20_aim0p01_ajm0p025,tail,op_m035,0.35,competitor,15-20,-0.0019656864124942,-0.01147866846048525,0.5,standard,True,PENDING_TDS,,
op_m035_competitor_15_20_am0p0029485296187413005_bm0p017218002690727874_l0p75,op_m035_12_20_aim0p01_ajm0p025,tail,op_m035,0.35,competitor,15-20,-0.0029485296187413005,-0.017218002690727874,0.75,standard,True,PENDING_TDS,,
op_m035_competitor_15_20_am0p0039313728249884_bm0p0229573369209705_l1p0,op_m035_12_20_aim0p01_ajm0p025,tail,op_m035,0.35,competitor,15-20,-0.0039313728249884,-0.0229573369209705,1.0,standard,False,REUSED_EXISTING,C:\Users\walla\Documents\Github\SGSMA26-Physics-Informed-AD\research\pmu_hybrid_dae_bayes\powerdynamics_ieee39\output\targeted_nonlinear_margin_closure_v1\physical\op_m035\results\stageA_op_m035_15_20_aim0p003931372824988454_ajm0p022957336920970545.csv,stageA_op_m035_15_20_aim0p003931372824988454_ajm0p022957336920970545
op_m035_true_12_20_am0p00125_b0p003125_l0p125,op_m035_12_20_aim0p01_aj0p025,tail,op_m035,0.35,true,12-20,-0.00125,0.003125,0.125,standard,True,PENDING_TDS,,
op_m035_true_12_20_am0p0025_b0p00625_l0p25,op_m035_12_20_aim0p01_aj0p025,tail,op_m035,0.35,true,12-20,-0.0025,0.00625,0.25,standard,True,PENDING_TDS,,
op_m035_true_12_20_am0p005_b0p0125_l0p5,op_m035_12_20_aim0p01_aj0p025,tail,op_m035,0.35,true,12-20,-0.005,0.0125,0.5,standard,True,PENDING_TDS,,
op_m035_true_12_20_am0p0075_b0p018750000000000003_l0p75,op_m035_12_20_aim0p01_aj0p025,tail,op_m035,0.35,true,12-20,-0.0075,0.018750000000000003,0.75,standard,True,PENDING_TDS,,
op_m035_true_12_20_am0p01_b0p025_l1p0,op_m035_12_20_aim0p01_aj0p025,tail,op_m035,0.35,true,12-20,-0.01,0.025,1.0,standard,False,REUSED_EXISTING,C:\Users\walla\Documents\Github\SGSMA26-Physics-Informed-AD\research\pmu_hybrid_dae_bayes\powerdynamics_ieee39\output\t120_multi_op_independent_validation_v1\physical\op_m035\physical\results\PAIR_12_20_AIm0p01_AJ0p025_R1.csv,PAIR_12_20_AIm0p01_AJ0p025_R1
op_m035_competitor_15_20_am0p0005174474050487375_b0p0033921981042687_l0p125,op_m035_12_20_aim0p01_aj0p025,tail,op_m035,0.35,competitor,15-20,-0.0005174474050487375,0.0033921981042687,0.125,standard,True,PENDING_TDS,,
op_m035_competitor_15_20_am0p001034894810097475_b0p0067843962085374_l0p25,op_m035_12_20_aim0p01_aj0p025,tail,op_m035,0.35,competitor,15-20,-0.001034894810097475,0.0067843962085374,0.25,standard,True,PENDING_TDS,,
op_m035_competitor_15_20_am0p00206978962019495_b0p0135687924170748_l0p5,op_m035_12_20_aim0p01_aj0p025,tail,op_m035,0.35,competitor,15-20,-0.00206978962019495,0.0135687924170748,0.5,standard,True,PENDING_TDS,,
op_m035_competitor_15_20_am0p003104684430292425_b0p0203531886256122_l0p75,op_m035_12_20_aim0p01_aj0p025,tail,op_m035,0.35,competitor,15-20,-0.003104684430292425,0.0203531886256122,0.75,standard,True,PENDING_TDS,,
op_m035_competitor_15_20_am0p0041395792403899_b0p0271375848341496_l1p0,op_m035_12_20_aim0p01_aj0p025,tail,op_m035,0.35,competitor,15-20,-0.0041395792403899,0.0271375848341496,1.0,standard,False,REUSED_EXISTING,C:\Users\walla\Documents\Github\SGSMA26-Physics-Informed-AD\research\pmu_hybrid_dae_bayes\powerdynamics_ieee39\output\targeted_nonlinear_margin_closure_v1\physical\op_m035\results\stageA_op_m035_15_20_aim0p004139579240389981_aj0p02713758483414963.csv,stageA_op_m035_15_20_aim0p004139579240389981_aj0p02713758483414963
op_m035_true_12_20_a0p00125_bm0p003125_l0p125,op_m035_12_20_ai0p01_ajm0p025,tail,op_m035,0.35,true,12-20,0.00125,-0.003125,0.125,standard,True,PENDING_TDS,,
op_m035_true_12_20_a0p0025_bm0p00625_l0p25,op_m035_12_20_ai0p01_ajm0p025,tail,op_m035,0.35,true,12-20,0.0025,-0.00625,0.25,standard,True,PENDING_TDS,,
op_m035_true_12_20_a0p005_bm0p0125_l0p5,op_m035_12_20_ai0p01_ajm0p025,tail,op_m035,0.35,true,12-20,0.005,-0.0125,0.5,standard,True,PENDING_TDS,,
op_m035_true_12_20_a0p0075_bm0p018750000000000003_l0p75,op_m035_12_20_ai0p01_ajm0p025,tail,op_m035,0.35,true,12-20,0.0075,-0.018750000000000003,0.75,standard,True,PENDING_TDS,,
op_m035_true_12_20_a0p01_bm0p025_l1p0,op_m035_12_20_ai0p01_ajm0p025,tail,op_m035,0.35,true,12-20,0.01,-0.025,1.0,standard,False,REUSED_EXISTING,C:\Users\walla\Documents\Github\SGSMA26-Physics-Informed-AD\research\pmu_hybrid_dae_bayes\powerdynamics_ieee39\output\t120_multi_op_independent_validation_v1\physical\op_m035\physical\results\PAIR_12_20_AI0p01_AJm0p025_R1.csv,PAIR_12_20_AI0p01_AJm0p025_R1
op_m035_competitor_15_20_a0p0004898006938579625_bm0p003379532691713875_l0p125,op_m035_12_20_ai0p01_ajm0p025,tail,op_m035,0.35,competitor,15-20,0.0004898006938579625,-0.003379532691713875,0.125,standard,True,PENDING_TDS,,
op_m035_competitor_15_20_a0p000979601387715925_bm0p00675906538342775_l0p25,op_m035_12_20_ai0p01_ajm0p025,tail,op_m035,0.35,competitor,15-20,0.000979601387715925,-0.00675906538342775,0.25,standard,True,PENDING_TDS,,
op_m035_competitor_15_20_a0p00195920277543185_bm0p0135181307668555_l0p5,op_m035_12_20_ai0p01_ajm0p025,tail,op_m035,0.35,competitor,15-20,0.00195920277543185,-0.0135181307668555,0.5,standard,True,PENDING_TDS,,
op_m035_competitor_15_20_a0p002938804163147775_bm0p020277196150283252_l0p75,op_m035_12_20_ai0p01_ajm0p025,tail,op_m035,0.35,competitor,15-20,0.002938804163147775,-0.020277196150283252,0.75,standard,True,PENDING_TDS,,
op_m035_competitor_15_20_a0p0039184055508637_bm0p027036261533711_l1p0,op_m035_12_20_ai0p01_ajm0p025,tail,op_m035,0.35,competitor,15-20,0.0039184055508637,-0.027036261533711,1.0,standard,False,REUSED_EXISTING,C:\Users\walla\Documents\Github\SGSMA26-Physics-Informed-AD\research\pmu_hybrid_dae_bayes\powerdynamics_ieee39\output\targeted_nonlinear_margin_closure_v1\physical\op_m035\results\stageA_op_m035_15_20_ai0p003918405550863788_ajm0p027036261533711078.csv,stageA_op_m035_15_20_ai0p003918405550863788_ajm0p027036261533711078
op_m035_true_12_20_a0p00125_b0p003125_l0p125,op_m035_12_20_ai0p01_aj0p025,tail,op_m035,0.35,true,12-20,0.00125,0.003125,0.125,standard,True,PENDING_TDS,,
op_m035_true_12_20_a0p0025_b0p00625_l0p25,op_m035_12_20_ai0p01_aj0p025,tail,op_m035,0.35,true,12-20,0.0025,0.00625,0.25,standard,True,PENDING_TDS,,
op_m035_true_12_20_a0p005_b0p0125_l0p5,op_m035_12_20_ai0p01_aj0p025,tail,op_m035,0.35,true,12-20,0.005,0.0125,0.5,standard,True,PENDING_TDS,,
op_m035_true_12_20_a0p0075_b0p018750000000000003_l0p75,op_m035_12_20_ai0p01_aj0p025,tail,op_m035,0.35,true,12-20,0.0075,0.018750000000000003,0.75,standard,True,PENDING_TDS,,
op_m035_true_12_20_a0p01_b0p025_l1p0,op_m035_12_20_ai0p01_aj0p025,tail,op_m035,0.35,true,12-20,0.01,0.025,1.0,standard,False,REUSED_EXISTING,C:\Users\walla\Documents\Github\SGSMA26-Physics-Informed-AD\research\pmu_hybrid_dae_bayes\powerdynamics_ieee39\output\t120_multi_op_independent_validation_v1\physical\op_m035\physical\results\PAIR_12_20_AI0p01_AJ0p025_R1.csv,PAIR_12_20_AI0p01_AJ0p025_R1
op_m035_competitor_15_20_a0p0005159112707756_b0p0028586079329945375_l0p125,op_m035_12_20_ai0p01_aj0p025,tail,op_m035,0.35,competitor,15-20,0.0005159112707756,0.0028586079329945375,0.125,standard,True,PENDING_TDS,,
op_m035_competitor_15_20_a0p0010318225415512_b0p005717215865989075_l0p25,op_m035_12_20_ai0p01_aj0p025,tail,op_m035,0.35,competitor,15-20,0.0010318225415512,0.005717215865989075,0.25,standard,True,PENDING_TDS,,
op_m035_competitor_15_20_a0p0020636450831024_b0p01143443173197815_l0p5,op_m035_12_20_ai0p01_aj0p025,tail,op_m035,0.35,competitor,15-20,0.0020636450831024,0.01143443173197815,0.5,standard,True,PENDING_TDS,,
op_m035_competitor_15_20_a0p0030954676246536003_b0p017151647597967223_l0p75,op_m035_12_20_ai0p01_aj0p025,tail,op_m035,0.35,competitor,15-20,0.0030954676246536003,0.017151647597967223,0.75,standard,True,PENDING_TDS,,
op_m035_competitor_15_20_a0p0041272901662048_b0p0228688634639563_l1p0,op_m035_12_20_ai0p01_aj0p025,tail,op_m035,0.35,competitor,15-20,0.0041272901662048,0.0228688634639563,1.0,standard,False,REUSED_EXISTING,C:\Users\walla\Documents\Github\SGSMA26-Physics-Informed-AD\research\pmu_hybrid_dae_bayes\powerdynamics_ieee39\output\targeted_nonlinear_margin_closure_v1\physical\op_m035\results\stageA_op_m035_15_20_ai0p004127290166204828_aj0p022868863463956342.csv,stageA_op_m035_15_20_ai0p004127290166204828_aj0p022868863463956342
op_m035_true_7_20_am0p00125_bm0p003125_l0p125,op_m035_7_20_aim0p01_ajm0p025,tail,op_m035,0.35,true,7-20,-0.00125,-0.003125,0.125,standard,True,PENDING_TDS,,
op_m035_true_7_20_am0p0025_bm0p00625_l0p25,op_m035_7_20_aim0p01_ajm0p025,tail,op_m035,0.35,true,7-20,-0.0025,-0.00625,0.25,standard,True,PENDING_TDS,,
op_m035_true_7_20_am0p005_bm0p0125_l0p5,op_m035_7_20_aim0p01_ajm0p025,tail,op_m035,0.35,true,7-20,-0.005,-0.0125,0.5,standard,True,PENDING_TDS,,
op_m035_true_7_20_am0p0075_bm0p018750000000000003_l0p75,op_m035_7_20_aim0p01_ajm0p025,tail,op_m035,0.35,true,7-20,-0.0075,-0.018750000000000003,0.75,standard,True,PENDING_TDS,,
op_m035_true_7_20_am0p01_bm0p025_l1p0,op_m035_7_20_aim0p01_ajm0p025,tail,op_m035,0.35,true,7-20,-0.01,-0.025,1.0,standard,False,REUSED_EXISTING,C:\Users\walla\Documents\Github\SGSMA26-Physics-Informed-AD\research\pmu_hybrid_dae_bayes\powerdynamics_ieee39\output\t120_multi_op_independent_validation_v1\physical\op_m035\physical\results\PAIR_7_20_AIm0p01_AJm0p025_R1.csv,PAIR_7_20_AIm0p01_AJm0p025_R1
op_m035_competitor_8_20_am0p0004897148483905625_bm0p0031604904694295124_l0p125,op_m035_7_20_aim0p01_ajm0p025,tail,op_m035,0.35,competitor,8-20,-0.0004897148483905625,-0.0031604904694295124,0.125,standard,True,PENDING_TDS,,
op_m035_competitor_8_20_am0p000979429696781125_bm0p006320980938859025_l0p25,op_m035_7_20_aim0p01_ajm0p025,tail,op_m035,0.35,competitor,8-20,-0.000979429696781125,-0.006320980938859025,0.25,standard,True,PENDING_TDS,,
op_m035_competitor_8_20_am0p00195885939356225_bm0p01264196187771805_l0p5,op_m035_7_20_aim0p01_ajm0p025,tail,op_m035,0.35,competitor,8-20,-0.00195885939356225,-0.01264196187771805,0.5,standard,True,PENDING_TDS,,
op_m035_competitor_8_20_am0p002938289090343375_bm0p018962942816577073_l0p75,op_m035_7_20_aim0p01_ajm0p025,tail,op_m035,0.35,competitor,8-20,-0.002938289090343375,-0.018962942816577073,0.75,standard,True,PENDING_TDS,,
op_m035_competitor_8_20_am0p0039177187871245_bm0p0252839237554361_l1p0,op_m035_7_20_aim0p01_ajm0p025,tail,op_m035,0.35,competitor,8-20,-0.0039177187871245,-0.0252839237554361,1.0,standard,False,REUSED_EXISTING,C:\Users\walla\Documents\Github\SGSMA26-Physics-Informed-AD\research\pmu_hybrid_dae_bayes\powerdynamics_ieee39\output\targeted_nonlinear_margin_closure_v1\physical\op_m035\results\stageA_op_m035_8_20_aim0p003917718787124595_ajm0p02528392375543615.csv,stageA_op_m035_8_20_aim0p003917718787124595_ajm0p02528392375543615
op_m035_true_7_20_a0p00125_b0p003125_l0p125,op_m035_7_20_ai0p01_aj0p025,tail,op_m035,0.35,true,7-20,0.00125,0.003125,0.125,standard,True,PENDING_TDS,,
op_m035_true_7_20_a0p0025_b0p00625_l0p25,op_m035_7_20_ai0p01_aj0p025,tail,op_m035,0.35,true,7-20,0.0025,0.00625,0.25,standard,True,PENDING_TDS,,
op_m035_true_7_20_a0p005_b0p0125_l0p5,op_m035_7_20_ai0p01_aj0p025,tail,op_m035,0.35,true,7-20,0.005,0.0125,0.5,standard,True,PENDING_TDS,,
op_m035_true_7_20_a0p0075_b0p018750000000000003_l0p75,op_m035_7_20_ai0p01_aj0p025,tail,op_m035,0.35,true,7-20,0.0075,0.018750000000000003,0.75,standard,True,PENDING_TDS,,
op_m035_true_7_20_a0p01_b0p025_l1p0,op_m035_7_20_ai0p01_aj0p025,tail,op_m035,0.35,true,7-20,0.01,0.025,1.0,standard,False,REUSED_EXISTING,C:\Users\walla\Documents\Github\SGSMA26-Physics-Informed-AD\research\pmu_hybrid_dae_bayes\powerdynamics_ieee39\output\t120_multi_op_independent_validation_v1\physical\op_m035\physical\results\PAIR_7_20_AI0p01_AJ0p025_R1.csv,PAIR_7_20_AI0p01_AJ0p025_R1
op_m035_competitor_8_20_a0p0004884484481153625_b0p0031616453930768625_l0p125,op_m035_7_20_ai0p01_aj0p025,tail,op_m035,0.35,competitor,8-20,0.0004884484481153625,0.0031616453930768625,0.125,standard,True,PENDING_TDS,,
op_m035_competitor_8_20_a0p000976896896230725_b0p006323290786153725_l0p25,op_m035_7_20_ai0p01_aj0p025,tail,op_m035,0.35,competitor,8-20,0.000976896896230725,0.006323290786153725,0.25,standard,True,PENDING_TDS,,
op_m035_competitor_8_20_a0p00195379379246145_b0p01264658157230745_l0p5,op_m035_7_20_ai0p01_aj0p025,tail,op_m035,0.35,competitor,8-20,0.00195379379246145,0.01264658157230745,0.5,standard,True,PENDING_TDS,,
op_m035_competitor_8_20_a0p002930690688692175_b0p018969872358461176_l0p75,op_m035_7_20_ai0p01_aj0p025,tail,op_m035,0.35,competitor,8-20,0.002930690688692175,0.018969872358461176,0.75,standard,True,PENDING_TDS,,
op_m035_competitor_8_20_a0p0039075875849229_b0p0252931631446149_l1p0,op_m035_7_20_ai0p01_aj0p025,tail,op_m035,0.35,competitor,8-20,0.0039075875849229,0.0252931631446149,1.0,standard,False,REUSED_EXISTING,C:\Users\walla\Documents\Github\SGSMA26-Physics-Informed-AD\research\pmu_hybrid_dae_bayes\powerdynamics_ieee39\output\targeted_nonlinear_margin_closure_v1\physical\op_m035\results\stageA_op_m035_8_20_ai0p003907587584922911_aj0p025293163144614907.csv,stageA_op_m035_8_20_ai0p003907587584922911_aj0p025293163144614907
op_m085_true_12_20_am0p00125_bm0p003125_l0p125,op_m085_12_20_aim0p01_ajm0p025,tail,op_m085,0.85,true,12-20,-0.00125,-0.003125,0.125,standard,True,PENDING_TDS,,
op_m085_true_12_20_am0p0025_bm0p00625_l0p25,op_m085_12_20_aim0p01_ajm0p025,tail,op_m085,0.85,true,12-20,-0.0025,-0.00625,0.25,standard,True,PENDING_TDS,,
op_m085_true_12_20_am0p005_bm0p0125_l0p5,op_m085_12_20_aim0p01_ajm0p025,tail,op_m085,0.85,true,12-20,-0.005,-0.0125,0.5,standard,True,PENDING_TDS,,
op_m085_true_12_20_am0p0075_bm0p018750000000000003_l0p75,op_m085_12_20_aim0p01_ajm0p025,tail,op_m085,0.85,true,12-20,-0.0075,-0.018750000000000003,0.75,standard,True,PENDING_TDS,,
op_m085_true_12_20_am0p01_bm0p025_l1p0,op_m085_12_20_aim0p01_ajm0p025,tail,op_m085,0.85,true,12-20,-0.01,-0.025,1.0,standard,False,REUSED_EXISTING,C:\Users\walla\Documents\Github\SGSMA26-Physics-Informed-AD\research\pmu_hybrid_dae_bayes\powerdynamics_ieee39\output\t120_multi_op_independent_validation_v1\physical\op_m085\physical\results\PAIR_12_20_AIm0p01_AJm0p025_R1.csv,PAIR_12_20_AIm0p01_AJm0p025_R1
op_m085_competitor_15_20_am0p000492140699739175_bm0p0028693071649162124_l0p125,op_m085_12_20_aim0p01_ajm0p025,tail,op_m085,0.85,competitor,15-20,-0.000492140699739175,-0.0028693071649162124,0.125,standard,True,PENDING_TDS,,
op_m085_competitor_15_20_am0p00098428139947835_bm0p005738614329832425_l0p25,op_m085_12_20_aim0p01_ajm0p025,tail,op_m085,0.85,competitor,15-20,-0.00098428139947835,-0.005738614329832425,0.25,standard,True,PENDING_TDS,,
op_m085_competitor_15_20_am0p0019685627989567_bm0p01147722865966485_l0p5,op_m085_12_20_aim0p01_ajm0p025,tail,op_m085,0.85,competitor,15-20,-0.0019685627989567,-0.01147722865966485,0.5,standard,True,PENDING_TDS,,
op_m085_competitor_15_20_am0p00295284419843505_bm0p017215842989497274_l0p75,op_m085_12_20_aim0p01_ajm0p025,tail,op_m085,0.85,competitor,15-20,-0.00295284419843505,-0.017215842989497274,0.75,standard,True,PENDING_TDS,,
op_m085_competitor_15_20_am0p0039371255979134_bm0p0229544573193297_l1p0,op_m085_12_20_aim0p01_ajm0p025,tail,op_m085,0.85,competitor,15-20,-0.0039371255979134,-0.0229544573193297,1.0,standard,False,REUSED_EXISTING,C:\Users\walla\Documents\Github\SGSMA26-Physics-Informed-AD\research\pmu_hybrid_dae_bayes\powerdynamics_ieee39\output\targeted_nonlinear_margin_closure_v1\physical\op_m085\results\stageA_op_m085_15_20_aim0p003937125597913428_ajm0p022954457319329706.csv,stageA_op_m085_15_20_aim0p003937125597913428_ajm0p022954457319329706
op_m085_true_12_20_am0p00125_b0p003125_l0p125,op_m085_12_20_aim0p01_aj0p025,tail,op_m085,0.85,true,12-20,-0.00125,0.003125,0.125,standard,True,PENDING_TDS,,
op_m085_true_12_20_am0p0025_b0p00625_l0p25,op_m085_12_20_aim0p01_aj0p025,tail,op_m085,0.85,true,12-20,-0.0025,0.00625,0.25,standard,True,PENDING_TDS,,
op_m085_true_12_20_am0p005_b0p0125_l0p5,op_m085_12_20_aim0p01_aj0p025,tail,op_m085,0.85,true,12-20,-0.005,0.0125,0.5,standard,True,PENDING_TDS,,
op_m085_true_12_20_am0p0075_b0p018750000000000003_l0p75,op_m085_12_20_aim0p01_aj0p025,tail,op_m085,0.85,true,12-20,-0.0075,0.018750000000000003,0.75,standard,True,PENDING_TDS,,
op_m085_true_12_20_am0p01_b0p025_l1p0,op_m085_12_20_aim0p01_aj0p025,tail,op_m085,0.85,true,12-20,-0.01,0.025,1.0,standard,False,REUSED_EXISTING,C:\Users\walla\Documents\Github\SGSMA26-Physics-Informed-AD\research\pmu_hybrid_dae_bayes\powerdynamics_ieee39\output\t120_multi_op_independent_validation_v1\physical\op_m085\physical\results\PAIR_12_20_AIm0p01_AJ0p025_R1.csv,PAIR_12_20_AIm0p01_AJ0p025_R1
op_m085_competitor_15_20_am0p000518216783629725_b0p0033925754888525124_l0p125,op_m085_12_20_aim0p01_aj0p025,tail,op_m085,0.85,competitor,15-20,-0.000518216783629725,0.0033925754888525124,0.125,standard,True,PENDING_TDS,,
op_m085_competitor_15_20_am0p00103643356725945_b0p006785150977705025_l0p25,op_m085_12_20_aim0p01_aj0p025,tail,op_m085,0.85,competitor,15-20,-0.00103643356725945,0.006785150977705025,0.25,standard,True,PENDING_TDS,,
op_m085_competitor_15_20_am0p0020728671345189_b0p01357030195541005_l0p5,op_m085_12_20_aim0p01_aj0p025,tail,op_m085,0.85,competitor,15-20,-0.0020728671345189,0.01357030195541005,0.5,standard,True,PENDING_TDS,,
op_m085_competitor_15_20_am0p0031093007017783496_b0p020355452933115074_l0p75,op_m085_12_20_aim0p01_aj0p025,tail,op_m085,0.85,competitor,15-20,-0.0031093007017783496,0.020355452933115074,0.75,standard,True,PENDING_TDS,,
op_m085_competitor_15_20_am0p0041457342690378_b0p0271406039108201_l1p0,op_m085_12_20_aim0p01_aj0p025,tail,op_m085,0.85,competitor,15-20,-0.0041457342690378,0.0271406039108201,1.0,standard,False,REUSED_EXISTING,C:\Users\walla\Documents\Github\SGSMA26-Physics-Informed-AD\research\pmu_hybrid_dae_bayes\powerdynamics_ieee39\output\targeted_nonlinear_margin_closure_v1\physical\op_m085\results\stageA_op_m085_15_20_aim0p0041457342690378865_aj0p027140603910820123.csv,stageA_op_m085_15_20_aim0p0041457342690378865_aj0p027140603910820123
op_m085_true_12_20_a0p00125_bm0p003125_l0p125,op_m085_12_20_ai0p01_ajm0p025,tail,op_m085,0.85,true,12-20,0.00125,-0.003125,0.125,standard,True,PENDING_TDS,,
op_m085_true_12_20_a0p0025_bm0p00625_l0p25,op_m085_12_20_ai0p01_ajm0p025,tail,op_m085,0.85,true,12-20,0.0025,-0.00625,0.25,standard,True,PENDING_TDS,,
op_m085_true_12_20_a0p005_bm0p0125_l0p5,op_m085_12_20_ai0p01_ajm0p025,tail,op_m085,0.85,true,12-20,0.005,-0.0125,0.5,standard,True,PENDING_TDS,,
op_m085_true_12_20_a0p0075_bm0p018750000000000003_l0p75,op_m085_12_20_ai0p01_ajm0p025,tail,op_m085,0.85,true,12-20,0.0075,-0.018750000000000003,0.75,standard,True,PENDING_TDS,,
op_m085_true_12_20_a0p01_bm0p025_l1p0,op_m085_12_20_ai0p01_ajm0p025,tail,op_m085,0.85,true,12-20,0.01,-0.025,1.0,standard,False,REUSED_EXISTING,C:\Users\walla\Documents\Github\SGSMA26-Physics-Informed-AD\research\pmu_hybrid_dae_bayes\powerdynamics_ieee39\output\t120_multi_op_independent_validation_v1\physical\op_m085\physical\results\PAIR_12_20_AI0p01_AJm0p025_R1.csv,PAIR_12_20_AI0p01_AJm0p025_R1
op_m085_competitor_15_20_a0p0004905152700697875_bm0p0033798907149890124_l0p125,op_m085_12_20_ai0p01_ajm0p025,tail,op_m085,0.85,competitor,15-20,0.0004905152700697875,-0.0033798907149890124,0.125,standard,True,PENDING_TDS,,
op_m085_competitor_15_20_a0p000981030540139575_bm0p006759781429978025_l0p25,op_m085_12_20_ai0p01_ajm0p025,tail,op_m085,0.85,competitor,15-20,0.000981030540139575,-0.006759781429978025,0.25,standard,True,PENDING_TDS,,
op_m085_competitor_15_20_a0p00196206108027915_bm0p01351956285995605_l0p5,op_m085_12_20_ai0p01_ajm0p025,tail,op_m085,0.85,competitor,15-20,0.00196206108027915,-0.01351956285995605,0.5,standard,True,PENDING_TDS,,
op_m085_competitor_15_20_a0p0029430916204187248_bm0p020279344289934075_l0p75,op_m085_12_20_ai0p01_ajm0p025,tail,op_m085,0.85,competitor,15-20,0.0029430916204187248,-0.020279344289934075,0.75,standard,True,PENDING_TDS,,
op_m085_competitor_15_20_a0p0039241221605583_bm0p0270391257199121_l1p0,op_m085_12_20_ai0p01_ajm0p025,tail,op_m085,0.85,competitor,15-20,0.0039241221605583,-0.0270391257199121,1.0,standard,False,REUSED_EXISTING,C:\Users\walla\Documents\Github\SGSMA26-Physics-Informed-AD\research\pmu_hybrid_dae_bayes\powerdynamics_ieee39\output\targeted_nonlinear_margin_closure_v1\physical\op_m085\results\stageA_op_m085_15_20_ai0p003924122160558355_ajm0p027039125719912193.csv,stageA_op_m085_15_20_ai0p003924122160558355_ajm0p027039125719912193
op_m085_true_12_20_a0p00125_b0p003125_l0p125,op_m085_12_20_ai0p01_aj0p025,tail,op_m085,0.85,true,12-20,0.00125,0.003125,0.125,standard,True,PENDING_TDS,,
op_m085_true_12_20_a0p0025_b0p00625_l0p25,op_m085_12_20_ai0p01_aj0p025,tail,op_m085,0.85,true,12-20,0.0025,0.00625,0.25,standard,True,PENDING_TDS,,
op_m085_true_12_20_a0p005_b0p0125_l0p5,op_m085_12_20_ai0p01_aj0p025,tail,op_m085,0.85,true,12-20,0.005,0.0125,0.5,standard,True,PENDING_TDS,,
op_m085_true_12_20_a0p0075_b0p018750000000000003_l0p75,op_m085_12_20_ai0p01_aj0p025,tail,op_m085,0.85,true,12-20,0.0075,0.018750000000000003,0.75,standard,True,PENDING_TDS,,
op_m085_true_12_20_a0p01_b0p025_l1p0,op_m085_12_20_ai0p01_aj0p025,tail,op_m085,0.85,true,12-20,0.01,0.025,1.0,standard,False,REUSED_EXISTING,C:\Users\walla\Documents\Github\SGSMA26-Physics-Informed-AD\research\pmu_hybrid_dae_bayes\powerdynamics_ieee39\output\t120_multi_op_independent_validation_v1\physical\op_m085\physical\results\PAIR_12_20_AI0p01_AJ0p025_R1.csv,PAIR_12_20_AI0p01_AJ0p025_R1
op_m085_competitor_15_20_a0p0005166767324655_b0p0028582324573735_l0p125,op_m085_12_20_ai0p01_aj0p025,tail,op_m085,0.85,competitor,15-20,0.0005166767324655,0.0028582324573735,0.125,standard,True,PENDING_TDS,,
op_m085_competitor_15_20_a0p001033353464931_b0p005716464914747_l0p25,op_m085_12_20_ai0p01_aj0p025,tail,op_m085,0.85,competitor,15-20,0.001033353464931,0.005716464914747,0.25,standard,True,PENDING_TDS,,
op_m085_competitor_15_20_a0p002066706929862_b0p011432929829494_l0p5,op_m085_12_20_ai0p01_aj0p025,tail,op_m085,0.85,competitor,15-20,0.002066706929862,0.011432929829494,0.5,standard,True,PENDING_TDS,,
op_m085_competitor_15_20_a0p0031000603947930003_b0p017149394744241_l0p75,op_m085_12_20_ai0p01_aj0p025,tail,op_m085,0.85,competitor,15-20,0.0031000603947930003,0.017149394744241,0.75,standard,True,PENDING_TDS,,
op_m085_competitor_15_20_a0p004133413859724_b0p022865859658988_l1p0,op_m085_12_20_ai0p01_aj0p025,tail,op_m085,0.85,competitor,15-20,0.004133413859724,0.022865859658988,1.0,standard,False,REUSED_EXISTING,C:\Users\walla\Documents\Github\SGSMA26-Physics-Informed-AD\research\pmu_hybrid_dae_bayes\powerdynamics_ieee39\output\targeted_nonlinear_margin_closure_v1\physical\op_m085\results\stageA_op_m085_15_20_ai0p004133413859724028_aj0p022865859658988012.csv,stageA_op_m085_15_20_ai0p004133413859724028_aj0p022865859658988012
op_m085_true_7_20_am0p00125_bm0p003125_l0p125,op_m085_7_20_aim0p01_ajm0p025,tail,op_m085,0.85,true,7-20,-0.00125,-0.003125,0.125,standard,True,PENDING_TDS,,
op_m085_true_7_20_am0p0025_bm0p00625_l0p25,op_m085_7_20_aim0p01_ajm0p025,tail,op_m085,0.85,true,7-20,-0.0025,-0.00625,0.25,standard,True,PENDING_TDS,,
op_m085_true_7_20_am0p005_bm0p0125_l0p5,op_m085_7_20_aim0p01_ajm0p025,tail,op_m085,0.85,true,7-20,-0.005,-0.0125,0.5,standard,True,PENDING_TDS,,
op_m085_true_7_20_am0p0075_bm0p018750000000000003_l0p75,op_m085_7_20_aim0p01_ajm0p025,tail,op_m085,0.85,true,7-20,-0.0075,-0.018750000000000003,0.75,standard,True,PENDING_TDS,,
op_m085_true_7_20_am0p01_bm0p025_l1p0,op_m085_7_20_aim0p01_ajm0p025,tail,op_m085,0.85,true,7-20,-0.01,-0.025,1.0,standard,False,REUSED_EXISTING,C:\Users\walla\Documents\Github\SGSMA26-Physics-Informed-AD\research\pmu_hybrid_dae_bayes\powerdynamics_ieee39\output\t120_multi_op_independent_validation_v1\physical\op_m085\physical\results\PAIR_7_20_AIm0p01_AJm0p025_R1.csv,PAIR_7_20_AIm0p01_AJm0p025_R1
op_m085_competitor_8_20_am0p0004896774247762626_bm0p0031605018654118_l0p125,op_m085_7_20_aim0p01_ajm0p025,tail,op_m085,0.85,competitor,8-20,-0.0004896774247762626,-0.0031605018654118,0.125,standard,True,PENDING_TDS,,
op_m085_competitor_8_20_am0p000979354849552525_bm0p0063210037308236_l0p25,op_m085_7_20_aim0p01_ajm0p025,tail,op_m085,0.85,competitor,8-20,-0.000979354849552525,-0.0063210037308236,0.25,standard,True,PENDING_TDS,,
op_m085_competitor_8_20_am0p00195870969910505_bm0p0126420074616472_l0p5,op_m085_7_20_aim0p01_ajm0p025,tail,op_m085,0.85,competitor,8-20,-0.00195870969910505,-0.0126420074616472,0.5,standard,True,PENDING_TDS,,
op_m085_competitor_8_20_am0p0029380645486575753_bm0p018963011192470798_l0p75,op_m085_7_20_aim0p01_ajm0p025,tail,op_m085,0.85,competitor,8-20,-0.0029380645486575753,-0.018963011192470798,0.75,standard,True,PENDING_TDS,,
op_m085_competitor_8_20_am0p0039174193982101_bm0p0252840149232944_l1p0,op_m085_7_20_aim0p01_ajm0p025,tail,op_m085,0.85,competitor,8-20,-0.0039174193982101,-0.0252840149232944,1.0,standard,False,REUSED_EXISTING,C:\Users\walla\Documents\Github\SGSMA26-Physics-Informed-AD\research\pmu_hybrid_dae_bayes\powerdynamics_ieee39\output\targeted_nonlinear_margin_closure_v1\physical\op_m085\results\stageA_op_m085_8_20_aim0p003917419398210134_ajm0p02528401492329445.csv,stageA_op_m085_8_20_aim0p003917419398210134_ajm0p02528401492329445
op_m085_true_7_20_a0p00125_b0p003125_l0p125,op_m085_7_20_ai0p01_aj0p025,tail,op_m085,0.85,true,7-20,0.00125,0.003125,0.125,standard,True,PENDING_TDS,,
op_m085_true_7_20_a0p0025_b0p00625_l0p25,op_m085_7_20_ai0p01_aj0p025,tail,op_m085,0.85,true,7-20,0.0025,0.00625,0.25,standard,True,PENDING_TDS,,
op_m085_true_7_20_a0p005_b0p0125_l0p5,op_m085_7_20_ai0p01_aj0p025,tail,op_m085,0.85,true,7-20,0.005,0.0125,0.5,standard,True,PENDING_TDS,,
op_m085_true_7_20_a0p0075_b0p018750000000000003_l0p75,op_m085_7_20_ai0p01_aj0p025,tail,op_m085,0.85,true,7-20,0.0075,0.018750000000000003,0.75,standard,True,PENDING_TDS,,
op_m085_true_7_20_a0p01_b0p025_l1p0,op_m085_7_20_ai0p01_aj0p025,tail,op_m085,0.85,true,7-20,0.01,0.025,1.0,standard,False,REUSED_EXISTING,C:\Users\walla\Documents\Github\SGSMA26-Physics-Informed-AD\research\pmu_hybrid_dae_bayes\powerdynamics_ieee39\output\t120_multi_op_independent_validation_v1\physical\op_m085\physical\results\PAIR_7_20_AI0p01_AJ0p025_R1.csv,PAIR_7_20_AI0p01_AJ0p025_R1
op_m085_competitor_8_20_a0p000488410538520175_b0p0031616572948752_l0p125,op_m085_7_20_ai0p01_aj0p025,tail,op_m085,0.85,competitor,8-20,0.000488410538520175,0.0031616572948752,0.125,standard,True,PENDING_TDS,,
op_m085_competitor_8_20_a0p00097682107704035_b0p0063233145897504_l0p25,op_m085_7_20_ai0p01_aj0p025,tail,op_m085,0.85,competitor,8-20,0.00097682107704035,0.0063233145897504,0.25,standard,True,PENDING_TDS,,
op_m085_competitor_8_20_a0p0019536421540807_b0p0126466291795008_l0p5,op_m085_7_20_ai0p01_aj0p025,tail,op_m085,0.85,competitor,8-20,0.0019536421540807,0.0126466291795008,0.5,standard,True,PENDING_TDS,,
op_m085_competitor_8_20_a0p0029304632311210497_b0p0189699437692512_l0p75,op_m085_7_20_ai0p01_aj0p025,tail,op_m085,0.85,competitor,8-20,0.0029304632311210497,0.0189699437692512,0.75,standard,True,PENDING_TDS,,
op_m085_competitor_8_20_a0p0039072843081614_b0p0252932583590016_l1p0,op_m085_7_20_ai0p01_aj0p025,tail,op_m085,0.85,competitor,8-20,0.0039072843081614,0.0252932583590016,1.0,standard,False,REUSED_EXISTING,C:\Users\walla\Documents\Github\SGSMA26-Physics-Informed-AD\research\pmu_hybrid_dae_bayes\powerdynamics_ieee39\output\targeted_nonlinear_margin_closure_v1\physical\op_m085\results\stageA_op_m085_8_20_ai0p0039072843081614265_aj0p02529325835900163.csv,stageA_op_m085_8_20_ai0p0039072843081614265_aj0p02529325835900163
op_m125_true_12_20_am0p00125_bm0p003125_l0p125,op_m125_12_20_aim0p01_ajm0p025,tail,op_m125,1.25,true,12-20,-0.00125,-0.003125,0.125,standard,True,PENDING_TDS,,
op_m125_true_12_20_am0p0025_bm0p00625_l0p25,op_m125_12_20_aim0p01_ajm0p025,tail,op_m125,1.25,true,12-20,-0.0025,-0.00625,0.25,standard,True,PENDING_TDS,,
op_m125_true_12_20_am0p005_bm0p0125_l0p5,op_m125_12_20_aim0p01_ajm0p025,tail,op_m125,1.25,true,12-20,-0.005,-0.0125,0.5,standard,True,PENDING_TDS,,
op_m125_true_12_20_am0p0075_bm0p018750000000000003_l0p75,op_m125_12_20_aim0p01_ajm0p025,tail,op_m125,1.25,true,12-20,-0.0075,-0.018750000000000003,0.75,standard,True,PENDING_TDS,,
op_m125_true_12_20_am0p01_bm0p025_l1p0,op_m125_12_20_aim0p01_ajm0p025,tail,op_m125,1.25,true,12-20,-0.01,-0.025,1.0,standard,False,REUSED_EXISTING,C:\Users\walla\Documents\Github\SGSMA26-Physics-Informed-AD\research\pmu_hybrid_dae_bayes\powerdynamics_ieee39\output\t120_multi_op_independent_validation_v1\physical\op_m125\physical\results\PAIR_12_20_AIm0p01_AJm0p025_R1.csv,PAIR_12_20_AIm0p01_AJm0p025_R1
op_m125_competitor_15_20_am0p000492720556382725_bm0p0028690172762515873_l0p125,op_m125_12_20_aim0p01_ajm0p025,tail,op_m125,1.25,competitor,15-20,-0.000492720556382725,-0.0028690172762515873,0.125,standard,True,PENDING_TDS,,
op_m125_competitor_15_20_am0p00098544111276545_bm0p005738034552503175_l0p25,op_m125_12_20_aim0p01_ajm0p025,tail,op_m125,1.25,competitor,15-20,-0.00098544111276545,-0.005738034552503175,0.25,standard,True,PENDING_TDS,,
op_m125_competitor_15_20_am0p0019708822255309_bm0p01147606910500635_l0p5,op_m125_12_20_aim0p01_ajm0p025,tail,op_m125,1.25,competitor,15-20,-0.0019708822255309,-0.01147606910500635,0.5,standard,True,PENDING_TDS,,
op_m125_competitor_15_20_am0p0029563233382963504_bm0p017214103657509524_l0p75,op_m125_12_20_aim0p01_ajm0p025,tail,op_m125,1.25,competitor,15-20,-0.0029563233382963504,-0.017214103657509524,0.75,standard,True,PENDING_TDS,,
op_m125_competitor_15_20_am0p0039417644510618_bm0p0229521382100127_l1p0,op_m125_12_20_aim0p01_ajm0p025,tail,op_m125,1.25,competitor,15-20,-0.0039417644510618,-0.0229521382100127,1.0,standard,False,REUSED_EXISTING,C:\Users\walla\Documents\Github\SGSMA26-Physics-Informed-AD\research\pmu_hybrid_dae_bayes\powerdynamics_ieee39\output\targeted_nonlinear_margin_closure_v1\physical\op_m125\results\stageA_op_m125_15_20_aim0p0039417644510618055_ajm0p022952138210012712.csv,stageA_op_m125_15_20_aim0p0039417644510618055_ajm0p022952138210012712
op_m125_true_12_20_am0p00125_b0p003125_l0p125,op_m125_12_20_aim0p01_aj0p025,tail,op_m125,1.25,true,12-20,-0.00125,0.003125,0.125,standard,True,PENDING_TDS,,
op_m125_true_12_20_am0p0025_b0p00625_l0p25,op_m125_12_20_aim0p01_aj0p025,tail,op_m125,1.25,true,12-20,-0.0025,0.00625,0.25,standard,True,PENDING_TDS,,
op_m125_true_12_20_am0p005_b0p0125_l0p5,op_m125_12_20_aim0p01_aj0p025,tail,op_m125,1.25,true,12-20,-0.005,0.0125,0.5,standard,True,PENDING_TDS,,
op_m125_true_12_20_am0p0075_b0p018750000000000003_l0p75,op_m125_12_20_aim0p01_aj0p025,tail,op_m125,1.25,true,12-20,-0.0075,0.018750000000000003,0.75,standard,True,PENDING_TDS,,
op_m125_true_12_20_am0p01_b0p025_l1p0,op_m125_12_20_aim0p01_aj0p025,tail,op_m125,1.25,true,12-20,-0.01,0.025,1.0,standard,False,REUSED_EXISTING,C:\Users\walla\Documents\Github\SGSMA26-Physics-Informed-AD\research\pmu_hybrid_dae_bayes\powerdynamics_ieee39\output\t120_multi_op_independent_validation_v1\physical\op_m125\physical\results\PAIR_12_20_AIm0p01_AJ0p025_R1.csv,PAIR_12_20_AIm0p01_AJ0p025_R1
op_m125_competitor_15_20_am0p0005188371430841124_b0p0033928794149350626_l0p125,op_m125_12_20_aim0p01_aj0p025,tail,op_m125,1.25,competitor,15-20,-0.0005188371430841124,0.0033928794149350626,0.125,standard,True,PENDING_TDS,,
op_m125_competitor_15_20_am0p001037674286168225_b0p006785758829870125_l0p25,op_m125_12_20_aim0p01_aj0p025,tail,op_m125,1.25,competitor,15-20,-0.001037674286168225,0.006785758829870125,0.25,standard,True,PENDING_TDS,,
op_m125_competitor_15_20_am0p00207534857233645_b0p01357151765974025_l0p5,op_m125_12_20_aim0p01_aj0p025,tail,op_m125,1.25,competitor,15-20,-0.00207534857233645,0.01357151765974025,0.5,standard,True,PENDING_TDS,,
op_m125_competitor_15_20_am0p0031130228585046745_b0p020357276489610374_l0p75,op_m125_12_20_aim0p01_aj0p025,tail,op_m125,1.25,competitor,15-20,-0.0031130228585046745,0.020357276489610374,0.75,standard,True,PENDING_TDS,,
op_m125_competitor_15_20_am0p0041506971446729_b0p0271430353194805_l1p0,op_m125_12_20_aim0p01_aj0p025,tail,op_m125,1.25,competitor,15-20,-0.0041506971446729,0.0271430353194805,1.0,standard,False,REUSED_EXISTING,C:\Users\walla\Documents\Github\SGSMA26-Physics-Informed-AD\research\pmu_hybrid_dae_bayes\powerdynamics_ieee39\output\targeted_nonlinear_margin_closure_v1\physical\op_m125\results\stageA_op_m125_15_20_aim0p004150697144672912_aj0p027143035319480535.csv,stageA_op_m125_15_20_aim0p004150697144672912_aj0p027143035319480535
op_m125_true_12_20_a0p00125_bm0p003125_l0p125,op_m125_12_20_ai0p01_ajm0p025,tail,op_m125,1.25,true,12-20,0.00125,-0.003125,0.125,standard,True,PENDING_TDS,,
op_m125_true_12_20_a0p0025_bm0p00625_l0p25,op_m125_12_20_ai0p01_ajm0p025,tail,op_m125,1.25,true,12-20,0.0025,-0.00625,0.25,standard,True,PENDING_TDS,,
op_m125_true_12_20_a0p005_bm0p0125_l0p5,op_m125_12_20_ai0p01_ajm0p025,tail,op_m125,1.25,true,12-20,0.005,-0.0125,0.5,standard,True,PENDING_TDS,,
op_m125_true_12_20_a0p0075_bm0p018750000000000003_l0p75,op_m125_12_20_ai0p01_ajm0p025,tail,op_m125,1.25,true,12-20,0.0075,-0.018750000000000003,0.75,standard,True,PENDING_TDS,,
op_m125_true_12_20_a0p01_bm0p025_l1p0,op_m125_12_20_ai0p01_ajm0p025,tail,op_m125,1.25,true,12-20,0.01,-0.025,1.0,standard,False,REUSED_EXISTING,C:\Users\walla\Documents\Github\SGSMA26-Physics-Informed-AD\research\pmu_hybrid_dae_bayes\powerdynamics_ieee39\output\t120_multi_op_independent_validation_v1\physical\op_m125\physical\results\PAIR_12_20_AI0p01_AJm0p025_R1.csv,PAIR_12_20_AI0p01_AJm0p025_R1
op_m125_competitor_15_20_a0p00049109162560235_bm0p003380179081467425_l0p125,op_m125_12_20_ai0p01_ajm0p025,tail,op_m125,1.25,competitor,15-20,0.00049109162560235,-0.003380179081467425,0.125,standard,True,PENDING_TDS,,
op_m125_competitor_15_20_a0p0009821832512047_bm0p00676035816293485_l0p25,op_m125_12_20_ai0p01_ajm0p025,tail,op_m125,1.25,competitor,15-20,0.0009821832512047,-0.00676035816293485,0.25,standard,True,PENDING_TDS,,
op_m125_competitor_15_20_a0p0019643665024094_bm0p0135207163258697_l0p5,op_m125_12_20_ai0p01_ajm0p025,tail,op_m125,1.25,competitor,15-20,0.0019643665024094,-0.0135207163258697,0.5,standard,True,PENDING_TDS,,
op_m125_competitor_15_20_a0p0029465497536141_bm0p02028107448880455_l0p75,op_m125_12_20_ai0p01_ajm0p025,tail,op_m125,1.25,competitor,15-20,0.0029465497536141,-0.02028107448880455,0.75,standard,True,PENDING_TDS,,
op_m125_competitor_15_20_a0p0039287330048188_bm0p0270414326517394_l1p0,op_m125_12_20_ai0p01_ajm0p025,tail,op_m125,1.25,competitor,15-20,0.0039287330048188,-0.0270414326517394,1.0,standard,False,REUSED_EXISTING,C:\Users\walla\Documents\Github\SGSMA26-Physics-Informed-AD\research\pmu_hybrid_dae_bayes\powerdynamics_ieee39\output\targeted_nonlinear_margin_closure_v1\physical\op_m125\results\stageA_op_m125_15_20_ai0p003928733004818814_ajm0p02704143265173945.csv,stageA_op_m125_15_20_ai0p003928733004818814_ajm0p02704143265173945
op_m125_true_12_20_a0p00125_b0p003125_l0p125,op_m125_12_20_ai0p01_aj0p025,tail,op_m125,1.25,true,12-20,0.00125,0.003125,0.125,standard,True,PENDING_TDS,,
op_m125_true_12_20_a0p0025_b0p00625_l0p25,op_m125_12_20_ai0p01_aj0p025,tail,op_m125,1.25,true,12-20,0.0025,0.00625,0.25,standard,True,PENDING_TDS,,
op_m125_true_12_20_a0p005_b0p0125_l0p5,op_m125_12_20_ai0p01_aj0p025,tail,op_m125,1.25,true,12-20,0.005,0.0125,0.5,standard,True,PENDING_TDS,,
op_m125_true_12_20_a0p0075_b0p018750000000000003_l0p75,op_m125_12_20_ai0p01_aj0p025,tail,op_m125,1.25,true,12-20,0.0075,0.018750000000000003,0.75,standard,True,PENDING_TDS,,
op_m125_true_12_20_a0p01_b0p025_l1p0,op_m125_12_20_ai0p01_aj0p025,tail,op_m125,1.25,true,12-20,0.01,0.025,1.0,standard,False,REUSED_EXISTING,C:\Users\walla\Documents\Github\SGSMA26-Physics-Informed-AD\research\pmu_hybrid_dae_bayes\powerdynamics_ieee39\output\t120_multi_op_independent_validation_v1\physical\op_m125\physical\results\PAIR_12_20_AI0p01_AJ0p025_R1.csv,PAIR_12_20_AI0p01_AJ0p025_R1
op_m125_competitor_15_20_a0p0005172938161235875_b0p002857930110286225_l0p125,op_m125_12_20_ai0p01_aj0p025,tail,op_m125,1.25,competitor,15-20,0.0005172938161235875,0.002857930110286225,0.125,standard,True,PENDING_TDS,,
op_m125_competitor_15_20_a0p001034587632247175_b0p00571586022057245_l0p25,op_m125_12_20_ai0p01_aj0p025,tail,op_m125,1.25,competitor,15-20,0.001034587632247175,0.00571586022057245,0.25,standard,True,PENDING_TDS,,
op_m125_competitor_15_20_a0p00206917526449435_b0p0114317204411449_l0p5,op_m125_12_20_ai0p01_aj0p025,tail,op_m125,1.25,competitor,15-20,0.00206917526449435,0.0114317204411449,0.5,standard,True,PENDING_TDS,,
op_m125_competitor_15_20_a0p003103762896741525_b0p01714758066171735_l0p75,op_m125_12_20_ai0p01_aj0p025,tail,op_m125,1.25,competitor,15-20,0.003103762896741525,0.01714758066171735,0.75,standard,True,PENDING_TDS,,
op_m125_competitor_15_20_a0p0041383505289887_b0p0228634408822898_l1p0,op_m125_12_20_ai0p01_aj0p025,tail,op_m125,1.25,competitor,15-20,0.0041383505289887,0.0228634408822898,1.0,standard,False,REUSED_EXISTING,C:\Users\walla\Documents\Github\SGSMA26-Physics-Informed-AD\research\pmu_hybrid_dae_bayes\powerdynamics_ieee39\output\targeted_nonlinear_margin_closure_v1\physical\op_m125\results\stageA_op_m125_15_20_ai0p004138350528988724_aj0p02286344088228987.csv,stageA_op_m125_15_20_ai0p004138350528988724_aj0p02286344088228987
op_m125_true_7_20_am0p00125_bm0p003125_l0p125,op_m125_7_20_aim0p01_ajm0p025,tail,op_m125,1.25,true,7-20,-0.00125,-0.003125,0.125,standard,True,PENDING_TDS,,
op_m125_true_7_20_am0p0025_bm0p00625_l0p25,op_m125_7_20_aim0p01_ajm0p025,tail,op_m125,1.25,true,7-20,-0.0025,-0.00625,0.25,standard,True,PENDING_TDS,,
op_m125_true_7_20_am0p005_bm0p0125_l0p5,op_m125_7_20_aim0p01_ajm0p025,tail,op_m125,1.25,true,7-20,-0.005,-0.0125,0.5,standard,True,PENDING_TDS,,
op_m125_true_7_20_am0p0075_bm0p018750000000000003_l0p75,op_m125_7_20_aim0p01_ajm0p025,tail,op_m125,1.25,true,7-20,-0.0075,-0.018750000000000003,0.75,standard,True,PENDING_TDS,,
op_m125_true_7_20_am0p01_bm0p025_l1p0,op_m125_7_20_aim0p01_ajm0p025,tail,op_m125,1.25,true,7-20,-0.01,-0.025,1.0,standard,False,REUSED_EXISTING,C:\Users\walla\Documents\Github\SGSMA26-Physics-Informed-AD\research\pmu_hybrid_dae_bayes\powerdynamics_ieee39\output\t120_multi_op_independent_validation_v1\physical\op_m125\physical\results\PAIR_7_20_AIm0p01_AJm0p025_R1.csv,PAIR_7_20_AIm0p01_AJm0p025_R1
op_m125_competitor_8_20_am0p0004896476897238625_bm0p003160510755382125_l0p125,op_m125_7_20_aim0p01_ajm0p025,tail,op_m125,1.25,competitor,8-20,-0.0004896476897238625,-0.003160510755382125,0.125,standard,True,PENDING_TDS,,
op_m125_competitor_8_20_am0p000979295379447725_bm0p00632102151076425_l0p25,op_m125_7_20_aim0p01_ajm0p025,tail,op_m125,1.25,competitor,8-20,-0.000979295379447725,-0.00632102151076425,0.25,standard,True,PENDING_TDS,,
op_m125_competitor_8_20_am0p00195859075889545_bm0p0126420430215285_l0p5,op_m125_7_20_aim0p01_ajm0p025,tail,op_m125,1.25,competitor,8-20,-0.00195859075889545,-0.0126420430215285,0.5,standard,True,PENDING_TDS,,
op_m125_competitor_8_20_am0p0029378861383431753_bm0p01896306453229275_l0p75,op_m125_7_20_aim0p01_ajm0p025,tail,op_m125,1.25,competitor,8-20,-0.0029378861383431753,-0.01896306453229275,0.75,standard,True,PENDING_TDS,,
op_m125_competitor_8_20_am0p0039171815177909_bm0p025284086043057_l1p0,op_m125_7_20_aim0p01_ajm0p025,tail,op_m125,1.25,competitor,8-20,-0.0039171815177909,-0.025284086043057,1.0,standard,False,REUSED_EXISTING,C:\Users\walla\Documents\Github\SGSMA26-Physics-Informed-AD\research\pmu_hybrid_dae_bayes\powerdynamics_ieee39\output\targeted_nonlinear_margin_closure_v1\physical\op_m125\results\stageA_op_m125_8_20_aim0p0039171815177909556_ajm0p02528408604305707.csv,stageA_op_m125_8_20_aim0p0039171815177909556_ajm0p02528408604305707
op_m125_true_7_20_a0p00125_b0p003125_l0p125,op_m125_7_20_ai0p01_aj0p025,tail,op_m125,1.25,true,7-20,0.00125,0.003125,0.125,standard,True,PENDING_TDS,,
op_m125_true_7_20_a0p0025_b0p00625_l0p25,op_m125_7_20_ai0p01_aj0p025,tail,op_m125,1.25,true,7-20,0.0025,0.00625,0.25,standard,True,PENDING_TDS,,
op_m125_true_7_20_a0p005_b0p0125_l0p5,op_m125_7_20_ai0p01_aj0p025,tail,op_m125,1.25,true,7-20,0.005,0.0125,0.5,standard,True,PENDING_TDS,,
op_m125_true_7_20_a0p0075_b0p018750000000000003_l0p75,op_m125_7_20_ai0p01_aj0p025,tail,op_m125,1.25,true,7-20,0.0075,0.018750000000000003,0.75,standard,True,PENDING_TDS,,
op_m125_true_7_20_a0p01_b0p025_l1p0,op_m125_7_20_ai0p01_aj0p025,tail,op_m125,1.25,true,7-20,0.01,0.025,1.0,standard,False,REUSED_EXISTING,C:\Users\walla\Documents\Github\SGSMA26-Physics-Informed-AD\research\pmu_hybrid_dae_bayes\powerdynamics_ieee39\output\t120_multi_op_independent_validation_v1\physical\op_m125\physical\results\PAIR_7_20_AI0p01_AJ0p025_R1.csv,PAIR_7_20_AI0p01_AJ0p025_R1
op_m125_competitor_8_20_a0p0004883803895411125_b0p0031616665795831376_l0p125,op_m125_7_20_ai0p01_aj0p025,tail,op_m125,1.25,competitor,8-20,0.0004883803895411125,0.0031616665795831376,0.125,standard,True,PENDING_TDS,,
op_m125_competitor_8_20_a0p000976760779082225_b0p006323333159166275_l0p25,op_m125_7_20_ai0p01_aj0p025,tail,op_m125,1.25,competitor,8-20,0.000976760779082225,0.006323333159166275,0.25,standard,True,PENDING_TDS,,
op_m125_competitor_8_20_a0p00195352155816445_b0p01264666631833255_l0p5,op_m125_7_20_ai0p01_aj0p025,tail,op_m125,1.25,competitor,8-20,0.00195352155816445,0.01264666631833255,0.5,standard,True,PENDING_TDS,,
op_m125_competitor_8_20_a0p0029302823372466752_b0p018969999477498826_l0p75,op_m125_7_20_ai0p01_aj0p025,tail,op_m125,1.25,competitor,8-20,0.0029302823372466752,0.018969999477498826,0.75,standard,True,PENDING_TDS,,
op_m125_competitor_8_20_a0p0039070431163289_b0p0252933326366651_l1p0,op_m125_7_20_ai0p01_aj0p025,tail,op_m125,1.25,competitor,8-20,0.0039070431163289,0.0252933326366651,1.0,standard,False,REUSED_EXISTING,C:\Users\walla\Documents\Github\SGSMA26-Physics-Informed-AD\research\pmu_hybrid_dae_bayes\powerdynamics_ieee39\output\targeted_nonlinear_margin_closure_v1\physical\op_m125\results\stageA_op_m125_8_20_ai0p003907043116328999_aj0p025293332636665115.csv,stageA_op_m125_8_20_ai0p003907043116328999_aj0p025293332636665115
op_m035_true_12_24_a0p00125_bm0p003125_l0p125,op_m035_12_24_ai0p01_ajm0p025,mid,op_m035,0.35,true,12-24,0.00125,-0.003125,0.125,standard,True,PENDING_TDS,,
op_m035_true_12_24_a0p0025_bm0p00625_l0p25,op_m035_12_24_ai0p01_ajm0p025,mid,op_m035,0.35,true,12-24,0.0025,-0.00625,0.25,standard,True,PENDING_TDS,,
op_m035_true_12_24_a0p005_bm0p0125_l0p5,op_m035_12_24_ai0p01_ajm0p025,mid,op_m035,0.35,true,12-24,0.005,-0.0125,0.5,standard,True,PENDING_TDS,,
op_m035_true_12_24_a0p0075_bm0p018750000000000003_l0p75,op_m035_12_24_ai0p01_ajm0p025,mid,op_m035,0.35,true,12-24,0.0075,-0.018750000000000003,0.75,standard,True,PENDING_TDS,,
op_m035_true_12_24_a0p01_bm0p025_l1p0,op_m035_12_24_ai0p01_ajm0p025,mid,op_m035,0.35,true,12-24,0.01,-0.025,1.0,standard,False,REUSED_EXISTING,C:\Users\walla\Documents\Github\SGSMA26-Physics-Informed-AD\research\pmu_hybrid_dae_bayes\powerdynamics_ieee39\output\t120_multi_op_independent_validation_v1\physical\op_m035\physical\results\PAIR_12_24_AI0p01_AJm0p025_R1.csv,PAIR_12_24_AI0p01_AJm0p025_R1
op_m035_competitor_15_24_a0p0002861265963415375_bm0p00344790521046905_l0p125,op_m035_12_24_ai0p01_ajm0p025,mid,op_m035,0.35,competitor,15-24,0.0002861265963415375,-0.00344790521046905,0.125,standard,True,PENDING_TDS,,
op_m035_competitor_15_24_a0p000572253192683075_bm0p0068958104209381_l0p25,op_m035_12_24_ai0p01_ajm0p025,mid,op_m035,0.35,competitor,15-24,0.000572253192683075,-0.0068958104209381,0.25,standard,True,PENDING_TDS,,
op_m035_competitor_15_24_a0p00114450638536615_bm0p0137916208418762_l0p5,op_m035_12_24_ai0p01_ajm0p025,mid,op_m035,0.35,competitor,15-24,0.00114450638536615,-0.0137916208418762,0.5,standard,True,PENDING_TDS,,
op_m035_competitor_15_24_a0p001716759578049225_bm0p0206874312628143_l0p75,op_m035_12_24_ai0p01_ajm0p025,mid,op_m035,0.35,competitor,15-24,0.001716759578049225,-0.0206874312628143,0.75,standard,True,PENDING_TDS,,
op_m035_competitor_15_24_a0p0022890127707323_bm0p0275832416837524_l1p0,op_m035_12_24_ai0p01_ajm0p025,mid,op_m035,0.35,competitor,15-24,0.0022890127707323,-0.0275832416837524,1.0,standard,False,REUSED_EXISTING,C:\Users\walla\Documents\Github\SGSMA26-Physics-Informed-AD\research\pmu_hybrid_dae_bayes\powerdynamics_ieee39\output\targeted_nonlinear_margin_closure_v1\physical\op_m035\results\stageA_op_m035_15_24_ai0p002289012770732368_ajm0p02758324168375241.csv,stageA_op_m035_15_24_ai0p002289012770732368_ajm0p02758324168375241
op_m035_true_12_24_am0p00125_b0p003125_l0p125,op_m035_12_24_aim0p01_aj0p025,mid,op_m035,0.35,true,12-24,-0.00125,0.003125,0.125,standard,True,PENDING_TDS,,
op_m035_true_12_24_am0p0025_b0p00625_l0p25,op_m035_12_24_aim0p01_aj0p025,mid,op_m035,0.35,true,12-24,-0.0025,0.00625,0.25,standard,True,PENDING_TDS,,
op_m035_true_12_24_am0p005_b0p0125_l0p5,op_m035_12_24_aim0p01_aj0p025,mid,op_m035,0.35,true,12-24,-0.005,0.0125,0.5,standard,True,PENDING_TDS,,
op_m035_true_12_24_am0p0075_b0p018750000000000003_l0p75,op_m035_12_24_aim0p01_aj0p025,mid,op_m035,0.35,true,12-24,-0.0075,0.018750000000000003,0.75,standard,True,PENDING_TDS,,
op_m035_true_12_24_am0p01_b0p025_l1p0,op_m035_12_24_aim0p01_aj0p025,mid,op_m035,0.35,true,12-24,-0.01,0.025,1.0,standard,False,REUSED_EXISTING,C:\Users\walla\Documents\Github\SGSMA26-Physics-Informed-AD\research\pmu_hybrid_dae_bayes\powerdynamics_ieee39\output\t120_multi_op_independent_validation_v1\physical\op_m035\physical\results\PAIR_12_24_AIm0p01_AJ0p025_R1.csv,PAIR_12_24_AIm0p01_AJ0p025_R1
op_m035_competitor_15_24_am0p0002882485929322375_b0p00344926010533585_l0p125,op_m035_12_24_aim0p01_aj0p025,mid,op_m035,0.35,competitor,15-24,-0.0002882485929322375,0.00344926010533585,0.125,standard,True,PENDING_TDS,,
op_m035_competitor_15_24_am0p000576497185864475_b0p0068985202106717_l0p25,op_m035_12_24_aim0p01_aj0p025,mid,op_m035,0.35,competitor,15-24,-0.000576497185864475,0.0068985202106717,0.25,standard,True,PENDING_TDS,,
op_m035_competitor_15_24_am0p00115299437172895_b0p0137970404213434_l0p5,op_m035_12_24_aim0p01_aj0p025,mid,op_m035,0.35,competitor,15-24,-0.00115299437172895,0.0137970404213434,0.5,standard,True,PENDING_TDS,,
op_m035_competitor_15_24_am0p001729491557593425_b0p020695560632015098_l0p75,op_m035_12_24_aim0p01_aj0p025,mid,op_m035,0.35,competitor,15-24,-0.001729491557593425,0.020695560632015098,0.75,standard,True,PENDING_TDS,,
op_m035_competitor_15_24_am0p0023059887434579_b0p0275940808426868_l1p0,op_m035_12_24_aim0p01_aj0p025,mid,op_m035,0.35,competitor,15-24,-0.0023059887434579,0.0275940808426868,1.0,standard,True,PENDING_TDS,,
op_m085_true_12_24_a0p00125_bm0p003125_l0p125,op_m085_12_24_ai0p01_ajm0p025,mid,op_m085,0.85,true,12-24,0.00125,-0.003125,0.125,standard,True,PENDING_TDS,,
op_m085_true_12_24_a0p0025_bm0p00625_l0p25,op_m085_12_24_ai0p01_ajm0p025,mid,op_m085,0.85,true,12-24,0.0025,-0.00625,0.25,standard,True,PENDING_TDS,,
op_m085_true_12_24_a0p005_bm0p0125_l0p5,op_m085_12_24_ai0p01_ajm0p025,mid,op_m085,0.85,true,12-24,0.005,-0.0125,0.5,standard,True,PENDING_TDS,,
op_m085_true_12_24_a0p0075_bm0p018750000000000003_l0p75,op_m085_12_24_ai0p01_ajm0p025,mid,op_m085,0.85,true,12-24,0.0075,-0.018750000000000003,0.75,standard,True,PENDING_TDS,,
op_m085_true_12_24_a0p01_bm0p025_l1p0,op_m085_12_24_ai0p01_ajm0p025,mid,op_m085,0.85,true,12-24,0.01,-0.025,1.0,standard,False,REUSED_EXISTING,C:\Users\walla\Documents\Github\SGSMA26-Physics-Informed-AD\research\pmu_hybrid_dae_bayes\powerdynamics_ieee39\output\t120_multi_op_independent_validation_v1\physical\op_m085\physical\results\PAIR_12_24_AI0p01_AJm0p025_R1.csv,PAIR_12_24_AI0p01_AJm0p025_R1
op_m085_competitor_15_24_a0p0002864793147630375_bm0p0034483676078679373_l0p125,op_m085_12_24_ai0p01_ajm0p025,mid,op_m085,0.85,competitor,15-24,0.0002864793147630375,-0.0034483676078679373,0.125,standard,True,PENDING_TDS,,
op_m085_competitor_15_24_a0p000572958629526075_bm0p006896735215735875_l0p25,op_m085_12_24_ai0p01_ajm0p025,mid,op_m085,0.85,competitor,15-24,0.000572958629526075,-0.006896735215735875,0.25,standard,True,PENDING_TDS,,
op_m085_competitor_15_24_a0p00114591725905215_bm0p01379347043147175_l0p5,op_m085_12_24_ai0p01_ajm0p025,mid,op_m085,0.85,competitor,15-24,0.00114591725905215,-0.01379347043147175,0.5,standard,True,PENDING_TDS,,
op_m085_competitor_15_24_a0p0017188758885782248_bm0p020690205647207624_l0p75,op_m085_12_24_ai0p01_ajm0p025,mid,op_m085,0.85,competitor,15-24,0.0017188758885782248,-0.020690205647207624,0.75,standard,True,PENDING_TDS,,
op_m085_competitor_15_24_a0p0022918345181043_bm0p0275869408629435_l1p0,op_m085_12_24_ai0p01_ajm0p025,mid,op_m085,0.85,competitor,15-24,0.0022918345181043,-0.0275869408629435,1.0,standard,False,REUSED_EXISTING,C:\Users\walla\Documents\Github\SGSMA26-Physics-Informed-AD\research\pmu_hybrid_dae_bayes\powerdynamics_ieee39\output\targeted_nonlinear_margin_closure_v1\physical\op_m085\results\stageA_op_m085_15_24_ai0p0022918345181043307_ajm0p027586940862943516.csv,stageA_op_m085_15_24_ai0p0022918345181043307_ajm0p027586940862943516
op_m085_true_12_24_am0p00125_b0p003125_l0p125,op_m085_12_24_aim0p01_aj0p025,mid,op_m085,0.85,true,12-24,-0.00125,0.003125,0.125,standard,True,PENDING_TDS,,
op_m085_true_12_24_am0p0025_b0p00625_l0p25,op_m085_12_24_aim0p01_aj0p025,mid,op_m085,0.85,true,12-24,-0.0025,0.00625,0.25,standard,True,PENDING_TDS,,
op_m085_true_12_24_am0p005_b0p0125_l0p5,op_m085_12_24_aim0p01_aj0p025,mid,op_m085,0.85,true,12-24,-0.005,0.0125,0.5,standard,True,PENDING_TDS,,
op_m085_true_12_24_am0p0075_b0p018750000000000003_l0p75,op_m085_12_24_aim0p01_aj0p025,mid,op_m085,0.85,true,12-24,-0.0075,0.018750000000000003,0.75,standard,True,PENDING_TDS,,
op_m085_true_12_24_am0p01_b0p025_l1p0,op_m085_12_24_aim0p01_aj0p025,mid,op_m085,0.85,true,12-24,-0.01,0.025,1.0,standard,False,REUSED_EXISTING,C:\Users\walla\Documents\Github\SGSMA26-Physics-Informed-AD\research\pmu_hybrid_dae_bayes\powerdynamics_ieee39\output\t120_multi_op_independent_validation_v1\physical\op_m085\physical\results\PAIR_12_24_AIm0p01_AJ0p025_R1.csv,PAIR_12_24_AIm0p01_AJ0p025_R1
op_m085_competitor_15_24_am0p00028860577400745_b0p0034497253219144377_l0p125,op_m085_12_24_aim0p01_aj0p025,mid,op_m085,0.85,competitor,15-24,-0.00028860577400745,0.0034497253219144377,0.125,standard,True,PENDING_TDS,,
op_m085_competitor_15_24_am0p0005772115480149_b0p006899450643828875_l0p25,op_m085_12_24_aim0p01_aj0p025,mid,op_m085,0.85,competitor,15-24,-0.0005772115480149,0.006899450643828875,0.25,standard,True,PENDING_TDS,,
op_m085_competitor_15_24_am0p0011544230960298_b0p01379890128765775_l0p5,op_m085_12_24_aim0p01_aj0p025,mid,op_m085,0.85,competitor,15-24,-0.0011544230960298,0.01379890128765775,0.5,standard,True,PENDING_TDS,,
op_m085_competitor_15_24_am0p0017316346440446999_b0p020698351931486628_l0p75,op_m085_12_24_aim0p01_aj0p025,mid,op_m085,0.85,competitor,15-24,-0.0017316346440446999,0.020698351931486628,0.75,standard,True,PENDING_TDS,,
op_m085_competitor_15_24_am0p0023088461920596_b0p0275978025753155_l1p0,op_m085_12_24_aim0p01_aj0p025,mid,op_m085,0.85,competitor,15-24,-0.0023088461920596,0.0275978025753155,1.0,standard,True,PENDING_TDS,,
op_m125_true_12_24_a0p00125_bm0p003125_l0p125,op_m125_12_24_ai0p01_ajm0p025,mid,op_m125,1.25,true,12-24,0.00125,-0.003125,0.125,standard,True,PENDING_TDS,,
op_m125_true_12_24_a0p0025_bm0p00625_l0p25,op_m125_12_24_ai0p01_ajm0p025,mid,op_m125,1.25,true,12-24,0.0025,-0.00625,0.25,standard,True,PENDING_TDS,,
op_m125_true_12_24_a0p005_bm0p0125_l0p5,op_m125_12_24_ai0p01_ajm0p025,mid,op_m125,1.25,true,12-24,0.005,-0.0125,0.5,standard,True,PENDING_TDS,,
op_m125_true_12_24_a0p0075_bm0p018750000000000003_l0p75,op_m125_12_24_ai0p01_ajm0p025,mid,op_m125,1.25,true,12-24,0.0075,-0.018750000000000003,0.75,standard,True,PENDING_TDS,,
op_m125_true_12_24_a0p01_bm0p025_l1p0,op_m125_12_24_ai0p01_ajm0p025,mid,op_m125,1.25,true,12-24,0.01,-0.025,1.0,standard,False,REUSED_EXISTING,C:\Users\walla\Documents\Github\SGSMA26-Physics-Informed-AD\research\pmu_hybrid_dae_bayes\powerdynamics_ieee39\output\t120_multi_op_independent_validation_v1\physical\op_m125\physical\results\PAIR_12_24_AI0p01_AJm0p025_R1.csv,PAIR_12_24_AI0p01_AJm0p025_R1
op_m125_competitor_15_24_a0p000286764460221875_bm0p0034487403179035373_l0p125,op_m125_12_24_ai0p01_ajm0p025,mid,op_m125,1.25,competitor,15-24,0.000286764460221875,-0.0034487403179035373,0.125,standard,True,PENDING_TDS,,
op_m125_competitor_15_24_a0p00057352892044375_bm0p006897480635807075_l0p25,op_m125_12_24_ai0p01_ajm0p025,mid,op_m125,1.25,competitor,15-24,0.00057352892044375,-0.006897480635807075,0.25,standard,True,PENDING_TDS,,
op_m125_competitor_15_24_a0p0011470578408875_bm0p01379496127161415_l0p5,op_m125_12_24_ai0p01_ajm0p025,mid,op_m125,1.25,competitor,15-24,0.0011470578408875,-0.01379496127161415,0.5,standard,True,PENDING_TDS,,
op_m125_competitor_15_24_a0p0017205867613312499_bm0p020692441907421224_l0p75,op_m125_12_24_ai0p01_ajm0p025,mid,op_m125,1.25,competitor,15-24,0.0017205867613312499,-0.020692441907421224,0.75,standard,True,PENDING_TDS,,
op_m125_competitor_15_24_a0p002294115681775_bm0p0275899225432283_l1p0,op_m125_12_24_ai0p01_ajm0p025,mid,op_m125,1.25,competitor,15-24,0.002294115681775,-0.0275899225432283,1.0,standard,True,PENDING_TDS,,
op_m125_true_12_24_am0p00125_b0p003125_l0p125,op_m125_12_24_aim0p01_aj0p025,mid,op_m125,1.25,true,12-24,-0.00125,0.003125,0.125,standard,True,PENDING_TDS,,
op_m125_true_12_24_am0p0025_b0p00625_l0p25,op_m125_12_24_aim0p01_aj0p025,mid,op_m125,1.25,true,12-24,-0.0025,0.00625,0.25,standard,True,PENDING_TDS,,
op_m125_true_12_24_am0p005_b0p0125_l0p5,op_m125_12_24_aim0p01_aj0p025,mid,op_m125,1.25,true,12-24,-0.005,0.0125,0.5,standard,True,PENDING_TDS,,
op_m125_true_12_24_am0p0075_b0p018750000000000003_l0p75,op_m125_12_24_aim0p01_aj0p025,mid,op_m125,1.25,true,12-24,-0.0075,0.018750000000000003,0.75,standard,True,PENDING_TDS,,
op_m125_true_12_24_am0p01_b0p025_l1p0,op_m125_12_24_aim0p01_aj0p025,mid,op_m125,1.25,true,12-24,-0.01,0.025,1.0,standard,False,REUSED_EXISTING,C:\Users\walla\Documents\Github\SGSMA26-Physics-Informed-AD\research\pmu_hybrid_dae_bayes\powerdynamics_ieee39\output\t120_multi_op_independent_validation_v1\physical\op_m125\physical\results\PAIR_12_24_AIm0p01_AJ0p025_R1.csv,PAIR_12_24_AIm0p01_AJ0p025_R1
op_m125_competitor_15_24_am0p0002888945038667875_b0p00345010029749685_l0p125,op_m125_12_24_aim0p01_aj0p025,mid,op_m125,1.25,competitor,15-24,-0.0002888945038667875,0.00345010029749685,0.125,standard,True,PENDING_TDS,,
op_m125_competitor_15_24_am0p000577789007733575_b0p0069002005949937_l0p25,op_m125_12_24_aim0p01_aj0p025,mid,op_m125,1.25,competitor,15-24,-0.000577789007733575,0.0069002005949937,0.25,standard,True,PENDING_TDS,,
op_m125_competitor_15_24_am0p00115557801546715_b0p0138004011899874_l0p5,op_m125_12_24_aim0p01_aj0p025,mid,op_m125,1.25,competitor,15-24,-0.00115557801546715,0.0138004011899874,0.5,standard,True,PENDING_TDS,,
op_m125_competitor_15_24_am0p0017333670232007247_b0p0207006017849811_l0p75,op_m125_12_24_aim0p01_aj0p025,mid,op_m125,1.25,competitor,15-24,-0.0017333670232007247,0.0207006017849811,0.75,standard,True,PENDING_TDS,,
op_m125_competitor_15_24_am0p0023111560309343_b0p0276008023799748_l1p0,op_m125_12_24_aim0p01_aj0p025,mid,op_m125,1.25,competitor,15-24,-0.0023111560309343,0.0276008023799748,1.0,standard,True,PENDING_TDS,,
op_m035_true_7_12_a6p25em05_bm0p000125_l0p125,op_m035_7_12_ai0p0005_ajm0p001,low,op_m035,0.35,true,7-12,6.25e-05,-0.000125,0.125,standard,True,PENDING_TDS,,
op_m035_true_7_12_a0p000125_bm0p00025_l0p25,op_m035_7_12_ai0p0005_ajm0p001,low,op_m035,0.35,true,7-12,0.000125,-0.00025,0.25,standard,True,PENDING_TDS,,
op_m035_true_7_12_a0p00025_bm0p0005_l0p5,op_m035_7_12_ai0p0005_ajm0p001,low,op_m035,0.35,true,7-12,0.00025,-0.0005,0.5,standard,True,PENDING_TDS,,
op_m035_true_7_12_a0p000375_bm0p00075_l0p75,op_m035_7_12_ai0p0005_ajm0p001,low,op_m035,0.35,true,7-12,0.000375,-0.00075,0.75,standard,True,PENDING_TDS,,
op_m035_true_7_12_a0p0005_bm0p001_l1p0,op_m035_7_12_ai0p0005_ajm0p001,low,op_m035,0.35,true,7-12,0.0005,-0.001,1.0,standard,False,REUSED_EXISTING,C:\Users\walla\Documents\Github\SGSMA26-Physics-Informed-AD\research\pmu_hybrid_dae_bayes\powerdynamics_ieee39\output\t120_multi_op_independent_validation_v1\physical\op_m035\physical\results\PAIR_7_12_AI0p0005_AJm0p001_R1.csv,PAIR_7_12_AI0p0005_AJm0p001_R1
op_m035_competitor_8_12_a2p6831203532475em05_bm0p000130419350627_l0p125,op_m035_7_12_ai0p0005_ajm0p001,low,op_m035,0.35,competitor,8-12,2.6831203532475e-05,-0.000130419350627,0.125,standard,True,PENDING_TDS,,
op_m035_competitor_8_12_a5p366240706495em05_bm0p000260838701254_l0p25,op_m035_7_12_ai0p0005_ajm0p001,low,op_m035,0.35,competitor,8-12,5.366240706495e-05,-0.000260838701254,0.25,standard,True,PENDING_TDS,,
op_m035_competitor_8_12_a0p0001073248141299_bm0p000521677402508_l0p5,op_m035_7_12_ai0p0005_ajm0p001,low,op_m035,0.35,competitor,8-12,0.0001073248141299,-0.000521677402508,0.5,standard,True,PENDING_TDS,,
op_m035_competitor_8_12_a0p00016098722119485_bm0p0007825161037620001_l0p75,op_m035_7_12_ai0p0005_ajm0p001,low,op_m035,0.35,competitor,8-12,0.00016098722119485,-0.0007825161037620001,0.75,standard,True,PENDING_TDS,,
op_m035_competitor_8_12_a0p0002146496282598_bm0p001043354805016_l1p0,op_m035_7_12_ai0p0005_ajm0p001,low,op_m035,0.35,competitor,8-12,0.0002146496282598,-0.001043354805016,1.0,standard,False,REUSED_EXISTING,C:\Users\walla\Documents\Github\SGSMA26-Physics-Informed-AD\research\pmu_hybrid_dae_bayes\powerdynamics_ieee39\output\targeted_nonlinear_margin_closure_v1\physical\op_m035\results\stageA_op_m035_8_12_ai0p00021464962826177886_ajm0p0010433548050153428.csv,stageA_op_m035_8_12_ai0p00021464962826177886_ajm0p0010433548050153428
op_m035_true_3_7_a6p25em05_bm0p000125_l0p125,op_m035_3_7_ai0p0005_ajm0p001,low,op_m035,0.35,true,3-7,6.25e-05,-0.000125,0.125,standard,True,PENDING_TDS,,
op_m035_true_3_7_a0p000125_bm0p00025_l0p25,op_m035_3_7_ai0p0005_ajm0p001,low,op_m035,0.35,true,3-7,0.000125,-0.00025,0.25,standard,True,PENDING_TDS,,
op_m035_true_3_7_a0p00025_bm0p0005_l0p5,op_m035_3_7_ai0p0005_ajm0p001,low,op_m035,0.35,true,3-7,0.00025,-0.0005,0.5,standard,True,PENDING_TDS,,
op_m035_true_3_7_a0p000375_bm0p00075_l0p75,op_m035_3_7_ai0p0005_ajm0p001,low,op_m035,0.35,true,3-7,0.000375,-0.00075,0.75,standard,True,PENDING_TDS,,
op_m035_true_3_7_a0p0005_bm0p001_l1p0,op_m035_3_7_ai0p0005_ajm0p001,low,op_m035,0.35,true,3-7,0.0005,-0.001,1.0,standard,False,REUSED_EXISTING,C:\Users\walla\Documents\Github\SGSMA26-Physics-Informed-AD\research\pmu_hybrid_dae_bayes\powerdynamics_ieee39\output\t120_multi_op_independent_validation_v1\physical\op_m035\physical\results\PAIR_3_7_AI0p0005_AJm0p001_R1.csv,PAIR_3_7_AI0p0005_AJm0p001_R1
op_m035_competitor_7_16_am0p000121064329678975_b6p11980546302em05_l0p125,op_m035_3_7_ai0p0005_ajm0p001,low,op_m035,0.35,competitor,7-16,-0.000121064329678975,6.11980546302e-05,0.125,standard,True,PENDING_TDS,,
op_m035_competitor_7_16_am0p00024212865935795_b0p0001223961092604_l0p25,op_m035_3_7_ai0p0005_ajm0p001,low,op_m035,0.35,competitor,7-16,-0.00024212865935795,0.0001223961092604,0.25,standard,True,PENDING_TDS,,
op_m035_competitor_7_16_am0p0004842573187159_b0p0002447922185208_l0p5,op_m035_3_7_ai0p0005_ajm0p001,low,op_m035,0.35,competitor,7-16,-0.0004842573187159,0.0002447922185208,0.5,standard,True,PENDING_TDS,,
op_m035_competitor_7_16_am0p00072638597807385_b0p00036718832778120003_l0p75,op_m035_3_7_ai0p0005_ajm0p001,low,op_m035,0.35,competitor,7-16,-0.00072638597807385,0.00036718832778120003,0.75,standard,True,PENDING_TDS,,
op_m035_competitor_7_16_am0p0009685146374318_b0p0004895844370416_l1p0,op_m035_3_7_ai0p0005_ajm0p001,low,op_m035,0.35,competitor,7-16,-0.0009685146374318,0.0004895844370416,1.0,standard,False,REUSED_EXISTING,C:\Users\walla\Documents\Github\SGSMA26-Physics-Informed-AD\research\pmu_hybrid_dae_bayes\powerdynamics_ieee39\output\targeted_nonlinear_margin_closure_v1\physical\op_m035\results\stageA_op_m035_7_16_aim0p0009685146374318456_aj0p0004895844370416291.csv,stageA_op_m035_7_16_aim0p0009685146374318456_aj0p0004895844370416291
op_m085_true_7_12_a6p25em05_bm0p000125_l0p125,op_m085_7_12_ai0p0005_ajm0p001,low,op_m085,0.85,true,7-12,6.25e-05,-0.000125,0.125,standard,True,PENDING_TDS,,
op_m085_true_7_12_a0p000125_bm0p00025_l0p25,op_m085_7_12_ai0p0005_ajm0p001,low,op_m085,0.85,true,7-12,0.000125,-0.00025,0.25,standard,True,PENDING_TDS,,
op_m085_true_7_12_a0p00025_bm0p0005_l0p5,op_m085_7_12_ai0p0005_ajm0p001,low,op_m085,0.85,true,7-12,0.00025,-0.0005,0.5,standard,True,PENDING_TDS,,
op_m085_true_7_12_a0p000375_bm0p00075_l0p75,op_m085_7_12_ai0p0005_ajm0p001,low,op_m085,0.85,true,7-12,0.000375,-0.00075,0.75,standard,True,PENDING_TDS,,
op_m085_true_7_12_a0p0005_bm0p001_l1p0,op_m085_7_12_ai0p0005_ajm0p001,low,op_m085,0.85,true,7-12,0.0005,-0.001,1.0,standard,False,REUSED_EXISTING,C:\Users\walla\Documents\Github\SGSMA26-Physics-Informed-AD\research\pmu_hybrid_dae_bayes\powerdynamics_ieee39\output\t120_multi_op_independent_validation_v1\physical\op_m085\physical\results\PAIR_7_12_AI0p0005_AJm0p001_R1.csv,PAIR_7_12_AI0p0005_AJm0p001_R1
op_m085_competitor_8_12_a2p682854090345em05_bm0p0001304218704613125_l0p125,op_m085_7_12_ai0p0005_ajm0p001,low,op_m085,0.85,competitor,8-12,2.682854090345e-05,-0.0001304218704613125,0.125,standard,True,PENDING_TDS,,
op_m085_competitor_8_12_a5p36570818069em05_bm0p000260843740922625_l0p25,op_m085_7_12_ai0p0005_ajm0p001,low,op_m085,0.85,competitor,8-12,5.36570818069e-05,-0.000260843740922625,0.25,standard,True,PENDING_TDS,,
op_m085_competitor_8_12_a0p0001073141636138_bm0p00052168748184525_l0p5,op_m085_7_12_ai0p0005_ajm0p001,low,op_m085,0.85,competitor,8-12,0.0001073141636138,-0.00052168748184525,0.5,standard,True,PENDING_TDS,,
op_m085_competitor_8_12_a0p0001609712454207_bm0p0007825312227678749_l0p75,op_m085_7_12_ai0p0005_ajm0p001,low,op_m085,0.85,competitor,8-12,0.0001609712454207,-0.0007825312227678749,0.75,standard,True,PENDING_TDS,,
op_m085_competitor_8_12_a0p0002146283272276_bm0p0010433749636905_l1p0,op_m085_7_12_ai0p0005_ajm0p001,low,op_m085,0.85,competitor,8-12,0.0002146283272276,-0.0010433749636905,1.0,standard,True,PENDING_TDS,,
op_m085_true_3_7_a6p25em05_bm0p000125_l0p125,op_m085_3_7_ai0p0005_ajm0p001,low,op_m085,0.85,true,3-7,6.25e-05,-0.000125,0.125,standard,True,PENDING_TDS,,
op_m085_true_3_7_a0p000125_bm0p00025_l0p25,op_m085_3_7_ai0p0005_ajm0p001,low,op_m085,0.85,true,3-7,0.000125,-0.00025,0.25,standard,True,PENDING_TDS,,
op_m085_true_3_7_a0p00025_bm0p0005_l0p5,op_m085_3_7_ai0p0005_ajm0p001,low,op_m085,0.85,true,3-7,0.00025,-0.0005,0.5,standard,True,PENDING_TDS,,
op_m085_true_3_7_a0p000375_bm0p00075_l0p75,op_m085_3_7_ai0p0005_ajm0p001,low,op_m085,0.85,true,3-7,0.000375,-0.00075,0.75,standard,True,PENDING_TDS,,
op_m085_true_3_7_a0p0005_bm0p001_l1p0,op_m085_3_7_ai0p0005_ajm0p001,low,op_m085,0.85,true,3-7,0.0005,-0.001,1.0,standard,False,REUSED_EXISTING,C:\Users\walla\Documents\Github\SGSMA26-Physics-Informed-AD\research\pmu_hybrid_dae_bayes\powerdynamics_ieee39\output\t120_multi_op_independent_validation_v1\physical\op_m085\physical\results\PAIR_3_7_AI0p0005_AJm0p001_R1.csv,PAIR_3_7_AI0p0005_AJm0p001_R1
op_m085_competitor_7_16_am0p000121005664439_b6p2075858104475em05_l0p125,op_m085_3_7_ai0p0005_ajm0p001,low,op_m085,0.85,competitor,7-16,-0.000121005664439,6.2075858104475e-05,0.125,standard,True,PENDING_TDS,,
op_m085_competitor_7_16_am0p000242011328878_b0p00012415171620895_l0p25,op_m085_3_7_ai0p0005_ajm0p001,low,op_m085,0.85,competitor,7-16,-0.000242011328878,0.00012415171620895,0.25,standard,True,PENDING_TDS,,
op_m085_competitor_7_16_am0p000484022657756_b0p0002483034324179_l0p5,op_m085_3_7_ai0p0005_ajm0p001,low,op_m085,0.85,competitor,7-16,-0.000484022657756,0.0002483034324179,0.5,standard,True,PENDING_TDS,,
op_m085_competitor_7_16_am0p000726033986634_b0p00037245514862685003_l0p75,op_m085_3_7_ai0p0005_ajm0p001,low,op_m085,0.85,competitor,7-16,-0.000726033986634,0.00037245514862685003,0.75,standard,True,PENDING_TDS,,
op_m085_competitor_7_16_am0p000968045315512_b0p0004966068648358_l1p0,op_m085_3_7_ai0p0005_ajm0p001,low,op_m085,0.85,competitor,7-16,-0.000968045315512,0.0004966068648358,1.0,standard,True,PENDING_TDS,,
op_m125_true_7_12_a6p25em05_bm0p000125_l0p125,op_m125_7_12_ai0p0005_ajm0p001,low,op_m125,1.25,true,7-12,6.25e-05,-0.000125,0.125,standard,True,PENDING_TDS,,
op_m125_true_7_12_a0p000125_bm0p00025_l0p25,op_m125_7_12_ai0p0005_ajm0p001,low,op_m125,1.25,true,7-12,0.000125,-0.00025,0.25,standard,True,PENDING_TDS,,
op_m125_true_7_12_a0p00025_bm0p0005_l0p5,op_m125_7_12_ai0p0005_ajm0p001,low,op_m125,1.25,true,7-12,0.00025,-0.0005,0.5,standard,True,PENDING_TDS,,
op_m125_true_7_12_a0p000375_bm0p00075_l0p75,op_m125_7_12_ai0p0005_ajm0p001,low,op_m125,1.25,true,7-12,0.000375,-0.00075,0.75,standard,True,PENDING_TDS,,
op_m125_true_7_12_a0p0005_bm0p001_l1p0,op_m125_7_12_ai0p0005_ajm0p001,low,op_m125,1.25,true,7-12,0.0005,-0.001,1.0,standard,False,REUSED_EXISTING,C:\Users\walla\Documents\Github\SGSMA26-Physics-Informed-AD\research\pmu_hybrid_dae_bayes\powerdynamics_ieee39\output\t120_multi_op_independent_validation_v1\physical\op_m125\physical\results\PAIR_7_12_AI0p0005_AJm0p001_R1.csv,PAIR_7_12_AI0p0005_AJm0p001_R1
op_m125_competitor_8_12_a2p68264212504375em05_bm0p000130423708849525_l0p125,op_m125_7_12_ai0p0005_ajm0p001,low,op_m125,1.25,competitor,8-12,2.68264212504375e-05,-0.000130423708849525,0.125,standard,True,PENDING_TDS,,
op_m125_competitor_8_12_a5p3652842500875em05_bm0p00026084741769905_l0p25,op_m125_7_12_ai0p0005_ajm0p001,low,op_m125,1.25,competitor,8-12,5.3652842500875e-05,-0.00026084741769905,0.25,standard,True,PENDING_TDS,,
op_m125_competitor_8_12_a0p00010730568500175_bm0p0005216948353981_l0p5,op_m125_7_12_ai0p0005_ajm0p001,low,op_m125,1.25,competitor,8-12,0.00010730568500175,-0.0005216948353981,0.5,standard,True,PENDING_TDS,,
op_m125_competitor_8_12_a0p000160958527502625_bm0p00078254225309715_l0p75,op_m125_7_12_ai0p0005_ajm0p001,low,op_m125,1.25,competitor,8-12,0.000160958527502625,-0.00078254225309715,0.75,standard,True,PENDING_TDS,,
op_m125_competitor_8_12_a0p0002146113700035_bm0p0010433896707962_l1p0,op_m125_7_12_ai0p0005_ajm0p001,low,op_m125,1.25,competitor,8-12,0.0002146113700035,-0.0010433896707962,1.0,standard,True,PENDING_TDS,,
op_m125_true_3_7_a6p25em05_bm0p000125_l0p125,op_m125_3_7_ai0p0005_ajm0p001,low,op_m125,1.25,true,3-7,6.25e-05,-0.000125,0.125,standard,True,PENDING_TDS,,
op_m125_true_3_7_a0p000125_bm0p00025_l0p25,op_m125_3_7_ai0p0005_ajm0p001,low,op_m125,1.25,true,3-7,0.000125,-0.00025,0.25,standard,True,PENDING_TDS,,
op_m125_true_3_7_a0p00025_bm0p0005_l0p5,op_m125_3_7_ai0p0005_ajm0p001,low,op_m125,1.25,true,3-7,0.00025,-0.0005,0.5,standard,True,PENDING_TDS,,
op_m125_true_3_7_a0p000375_bm0p00075_l0p75,op_m125_3_7_ai0p0005_ajm0p001,low,op_m125,1.25,true,3-7,0.000375,-0.00075,0.75,standard,True,PENDING_TDS,,
op_m125_true_3_7_a0p0005_bm0p001_l1p0,op_m125_3_7_ai0p0005_ajm0p001,low,op_m125,1.25,true,3-7,0.0005,-0.001,1.0,standard,False,REUSED_EXISTING,C:\Users\walla\Documents\Github\SGSMA26-Physics-Informed-AD\research\pmu_hybrid_dae_bayes\powerdynamics_ieee39\output\t120_multi_op_independent_validation_v1\physical\op_m125\physical\results\PAIR_3_7_AI0p0005_AJm0p001_R1.csv,PAIR_3_7_AI0p0005_AJm0p001_R1
op_m125_competitor_3_8_a5p51886355963625em05_bm4p87296612176125em05_l0p125,op_m125_3_7_ai0p0005_ajm0p001,low,op_m125,1.25,competitor,3-8,5.51886355963625e-05,-4.87296612176125e-05,0.125,standard,True,PENDING_TDS,,
op_m125_competitor_3_8_a0p000110377271192725_bm9p7459322435225em05_l0p25,op_m125_3_7_ai0p0005_ajm0p001,low,op_m125,1.25,competitor,3-8,0.000110377271192725,-9.7459322435225e-05,0.25,standard,True,PENDING_TDS,,
op_m125_competitor_3_8_a0p00022075454238545_bm0p00019491864487045_l0p5,op_m125_3_7_ai0p0005_ajm0p001,low,op_m125,1.25,competitor,3-8,0.00022075454238545,-0.00019491864487045,0.5,standard,True,PENDING_TDS,,
op_m125_competitor_3_8_a0p000331131813578175_bm0p000292377967305675_l0p75,op_m125_3_7_ai0p0005_ajm0p001,low,op_m125,1.25,competitor,3-8,0.000331131813578175,-0.000292377967305675,0.75,standard,True,PENDING_TDS,,
op_m125_competitor_3_8_a0p0004415090847709_bm0p0003898372897409_l1p0,op_m125_3_7_ai0p0005_ajm0p001,low,op_m125,1.25,competitor,3-8,0.0004415090847709,-0.0003898372897409,1.0,standard,True,PENDING_TDS,,
op_m035_true_12_20_am0p00125_bm0p003125_l0p125_tight,op_m035_12_20_aim0p01_ajm0p025,tail,op_m035,0.35,true,12-20,-0.00125,-0.003125,0.125,tight,True,PENDING_TDS,,
op_m035_true_12_20_am0p0025_bm0p00625_l0p25_tight,op_m035_12_20_aim0p01_ajm0p025,tail,op_m035,0.35,true,12-20,-0.0025,-0.00625,0.25,tight,True,PENDING_TDS,,
op_m035_competitor_15_20_am0p00049142160312355_bm0p0028696671151213124_l0p125_tight,op_m035_12_20_aim0p01_ajm0p025,tail,op_m035,0.35,competitor,15-20,-0.00049142160312355,-0.0028696671151213124,0.125,tight,True,PENDING_TDS,,
op_m035_competitor_15_20_am0p0009828432062471_bm0p005739334230242625_l0p25_tight,op_m035_12_20_aim0p01_ajm0p025,tail,op_m035,0.35,competitor,15-20,-0.0009828432062471,-0.005739334230242625,0.25,tight,True,PENDING_TDS,,
op_m035_true_12_24_a0p00125_bm0p003125_l0p125_tight,op_m035_12_24_ai0p01_ajm0p025,mid,op_m035,0.35,true,12-24,0.00125,-0.003125,0.125,tight,True,PENDING_TDS,,
op_m035_true_12_24_a0p0025_bm0p00625_l0p25_tight,op_m035_12_24_ai0p01_ajm0p025,mid,op_m035,0.35,true,12-24,0.0025,-0.00625,0.25,tight,True,PENDING_TDS,,
op_m035_competitor_15_24_a0p0002861265963415375_bm0p00344790521046905_l0p125_tight,op_m035_12_24_ai0p01_ajm0p025,mid,op_m035,0.35,competitor,15-24,0.0002861265963415375,-0.00344790521046905,0.125,tight,True,PENDING_TDS,,
op_m035_competitor_15_24_a0p000572253192683075_bm0p0068958104209381_l0p25_tight,op_m035_12_24_ai0p01_ajm0p025,mid,op_m035,0.35,competitor,15-24,0.000572253192683075,-0.0068958104209381,0.25,tight,True,PENDING_TDS,,
op_m035_true_7_12_a6p25em05_bm0p000125_l0p125_tight,op_m035_7_12_ai0p0005_ajm0p001,low,op_m035,0.35,true,7-12,6.25e-05,-0.000125,0.125,tight,True,PENDING_TDS,,
op_m035_true_7_12_a0p000125_bm0p00025_l0p25_tight,op_m035_7_12_ai0p0005_ajm0p001,low,op_m035,0.35,true,7-12,0.000125,-0.00025,0.25,tight,True,PENDING_TDS,,
op_m035_competitor_8_12_a2p6831203532475em05_bm0p000130419350627_l0p125_tight,op_m035_7_12_ai0p0005_ajm0p001,low,op_m035,0.35,competitor,8-12,2.6831203532475e-05,-0.000130419350627,0.125,tight,True,PENDING_TDS,,
op_m035_competitor_8_12_a5p366240706495em05_bm0p000260838701254_l0p25_tight,op_m035_7_12_ai0p0005_ajm0p001,low,op_m035,0.35,competitor,8-12,5.366240706495e-05,-0.000260838701254,0.25,tight,True,PENDING_TDS,,
op_m085_true_12_20_am0p00125_bm0p003125_l0p125_tight,op_m085_12_20_aim0p01_ajm0p025,tail,op_m085,0.85,true,12-20,-0.00125,-0.003125,0.125,tight,True,PENDING_TDS,,
op_m085_true_12_20_am0p0025_bm0p00625_l0p25_tight,op_m085_12_20_aim0p01_ajm0p025,tail,op_m085,0.85,true,12-20,-0.0025,-0.00625,0.25,tight,True,PENDING_TDS,,
op_m085_competitor_15_20_am0p000492140699739175_bm0p0028693071649162124_l0p125_tight,op_m085_12_20_aim0p01_ajm0p025,tail,op_m085,0.85,competitor,15-20,-0.000492140699739175,-0.0028693071649162124,0.125,tight,True,PENDING_TDS,,
op_m085_competitor_15_20_am0p00098428139947835_bm0p005738614329832425_l0p25_tight,op_m085_12_20_aim0p01_ajm0p025,tail,op_m085,0.85,competitor,15-20,-0.00098428139947835,-0.005738614329832425,0.25,tight,True,PENDING_TDS,,
op_m085_true_12_24_a0p00125_bm0p003125_l0p125_tight,op_m085_12_24_ai0p01_ajm0p025,mid,op_m085,0.85,true,12-24,0.00125,-0.003125,0.125,tight,True,PENDING_TDS,,
op_m085_true_12_24_a0p0025_bm0p00625_l0p25_tight,op_m085_12_24_ai0p01_ajm0p025,mid,op_m085,0.85,true,12-24,0.0025,-0.00625,0.25,tight,True,PENDING_TDS,,
op_m085_competitor_15_24_a0p0002864793147630375_bm0p0034483676078679373_l0p125_tight,op_m085_12_24_ai0p01_ajm0p025,mid,op_m085,0.85,competitor,15-24,0.0002864793147630375,-0.0034483676078679373,0.125,tight,True,PENDING_TDS,,
op_m085_competitor_15_24_a0p000572958629526075_bm0p006896735215735875_l0p25_tight,op_m085_12_24_ai0p01_ajm0p025,mid,op_m085,0.85,competitor,15-24,0.000572958629526075,-0.006896735215735875,0.25,tight,True,PENDING_TDS,,
op_m085_true_7_12_a6p25em05_bm0p000125_l0p125_tight,op_m085_7_12_ai0p0005_ajm0p001,low,op_m085,0.85,true,7-12,6.25e-05,-0.000125,0.125,tight,True,PENDING_TDS,,
op_m085_true_7_12_a0p000125_bm0p00025_l0p25_tight,op_m085_7_12_ai0p0005_ajm0p001,low,op_m085,0.85,true,7-12,0.000125,-0.00025,0.25,tight,True,PENDING_TDS,,
op_m085_competitor_8_12_a2p682854090345em05_bm0p0001304218704613125_l0p125_tight,op_m085_7_12_ai0p0005_ajm0p001,low,op_m085,0.85,competitor,8-12,2.682854090345e-05,-0.0001304218704613125,0.125,tight,True,PENDING_TDS,,
op_m085_competitor_8_12_a5p36570818069em05_bm0p000260843740922625_l0p25_tight,op_m085_7_12_ai0p0005_ajm0p001,low,op_m085,0.85,competitor,8-12,5.36570818069e-05,-0.000260843740922625,0.25,tight,True,PENDING_TDS,,
op_m125_true_12_20_am0p00125_bm0p003125_l0p125_tight,op_m125_12_20_aim0p01_ajm0p025,tail,op_m125,1.25,true,12-20,-0.00125,-0.003125,0.125,tight,True,PENDING_TDS,,
op_m125_true_12_20_am0p0025_bm0p00625_l0p25_tight,op_m125_12_20_aim0p01_ajm0p025,tail,op_m125,1.25,true,12-20,-0.0025,-0.00625,0.25,tight,True,PENDING_TDS,,
op_m125_competitor_15_20_am0p000492720556382725_bm0p0028690172762515873_l0p125_tight,op_m125_12_20_aim0p01_ajm0p025,tail,op_m125,1.25,competitor,15-20,-0.000492720556382725,-0.0028690172762515873,0.125,tight,True,PENDING_TDS,,
op_m125_competitor_15_20_am0p00098544111276545_bm0p005738034552503175_l0p25_tight,op_m125_12_20_aim0p01_ajm0p025,tail,op_m125,1.25,competitor,15-20,-0.00098544111276545,-0.005738034552503175,0.25,tight,True,PENDING_TDS,,
op_m125_true_12_24_a0p00125_bm0p003125_l0p125_tight,op_m125_12_24_ai0p01_ajm0p025,mid,op_m125,1.25,true,12-24,0.00125,-0.003125,0.125,tight,True,PENDING_TDS,,
op_m125_true_12_24_a0p0025_bm0p00625_l0p25_tight,op_m125_12_24_ai0p01_ajm0p025,mid,op_m125,1.25,true,12-24,0.0025,-0.00625,0.25,tight,True,PENDING_TDS,,
op_m125_competitor_15_24_a0p000286764460221875_bm0p0034487403179035373_l0p125_tight,op_m125_12_24_ai0p01_ajm0p025,mid,op_m125,1.25,competitor,15-24,0.000286764460221875,-0.0034487403179035373,0.125,tight,True,PENDING_TDS,,
op_m125_competitor_15_24_a0p00057352892044375_bm0p006897480635807075_l0p25_tight,op_m125_12_24_ai0p01_ajm0p025,mid,op_m125,1.25,competitor,15-24,0.00057352892044375,-0.006897480635807075,0.25,tight,True,PENDING_TDS,,
op_m125_true_7_12_a6p25em05_bm0p000125_l0p125_tight,op_m125_7_12_ai0p0005_ajm0p001,low,op_m125,1.25,true,7-12,6.25e-05,-0.000125,0.125,tight,True,PENDING_TDS,,
op_m125_true_7_12_a0p000125_bm0p00025_l0p25_tight,op_m125_7_12_ai0p0005_ajm0p001,low,op_m125,1.25,true,7-12,0.000125,-0.00025,0.25,tight,True,PENDING_TDS,,
op_m125_competitor_8_12_a2p68264212504375em05_bm0p000130423708849525_l0p125_tight,op_m125_7_12_ai0p0005_ajm0p001,low,op_m125,1.25,competitor,8-12,2.68264212504375e-05,-0.000130423708849525,0.125,tight,True,PENDING_TDS,,
op_m125_competitor_8_12_a5p3652842500875em05_bm0p00026084741769905_l0p25_tight,op_m125_7_12_ai0p0005_ajm0p001,low,op_m125,1.25,competitor,8-12,5.3652842500875e-05,-0.00026084741769905,0.25,tight,True,PENDING_TDS,,
