target_case_id,stratum,op_tag,op_m,pair,ai,aj,eta_model,competitor_support,optimal_b1,optimal_b2,J_model
op_m035_12_20_aim0p01_ajm0p025,tail,op_m035,0.35,12-20,-0.01,-0.025,1.4896653065633845,15-20,-0.0039313728249884,-0.0229573369209705,801.7960992157459
op_m035_12_20_aim0p01_aj0p025,tail,op_m035,0.35,12-20,-0.01,0.025,1.7274131063697211,15-20,-0.0041395792403899,0.0271375848341496,844.2031304836273
op_m035_12_20_ai0p01_ajm0p025,tail,op_m035,0.35,12-20,0.01,-0.025,1.7867251065473724,15-20,0.0039184055508637,-0.027036261533711,800.5210976302624
op_m035_12_20_ai0p01_aj0p025,tail,op_m035,0.35,12-20,0.01,0.025,1.4472540919165655,15-20,0.0041272901662048,0.0228688634639563,838.6180068552494
op_m035_7_20_aim0p01_ajm0p025,tail,op_m035,0.35,7-20,-0.01,-0.025,1.7405298918731242,8-20,-0.0039177187871245,-0.0252839237554361,1248.1681033074856
op_m035_7_20_ai0p01_aj0p025,tail,op_m035,0.35,7-20,0.01,0.025,1.7368992352780082,8-20,0.0039075875849229,0.0252931631446149,1236.773086577654
op_m085_12_20_aim0p01_ajm0p025,tail,op_m085,0.85,12-20,-0.01,-0.025,1.484813190182075,15-20,-0.0039371255979134,-0.0229544573193297,804.4330744743347
op_m085_12_20_aim0p01_aj0p025,tail,op_m085,0.85,12-20,-0.01,0.025,1.7226445341506724,15-20,-0.0041457342690378,0.0271406039108201,846.9046301543713
op_m085_12_20_ai0p01_ajm0p025,tail,op_m085,0.85,12-20,0.01,-0.025,1.781744400346751,15-20,0.0039241221605583,-0.0270391257199121,803.1556029617786
op_m085_12_20_ai0p01_aj0p025,tail,op_m085,0.85,12-20,0.01,0.025,1.442571911449104,15-20,0.004133413859724,0.022865859658988,841.305339962244
op_m085_7_20_aim0p01_ajm0p025,tail,op_m085,0.85,7-20,-0.01,-0.025,1.7381889987122627,8-20,-0.0039174193982101,-0.0252840149232944,1247.8725064396858
op_m085_7_20_ai0p01_aj0p025,tail,op_m085,0.85,7-20,0.01,0.025,1.7345408608567454,8-20,0.0039072843081614,0.0252932583590016,1236.4672440886495
op_m125_12_20_aim0p01_ajm0p025,tail,op_m125,1.25,12-20,-0.01,-0.025,1.4809309468936551,15-20,-0.0039417644510618,-0.0229521382100127,806.5582512915134
op_m125_12_20_aim0p01_aj0p025,tail,op_m125,1.25,12-20,-0.01,0.025,1.7188284126184867,15-20,-0.0041506971446729,0.0271430353194805,849.0817231833935
op_m125_12_20_ai0p01_ajm0p025,tail,op_m125,1.25,12-20,0.01,-0.025,1.777759272135406,15-20,0.0039287330048188,-0.0270414326517394,805.2787649035454
op_m125_12_20_ai0p01_aj0p025,tail,op_m125,1.25,12-20,0.01,0.025,1.438824923336299,15-20,0.0041383505289887,0.0228634408822898,843.4710238277912
op_m125_7_20_aim0p01_ajm0p025,tail,op_m125,1.25,7-20,-0.01,-0.025,1.736312105485067,8-20,-0.0039171815177909,-0.025284086043057,1247.6408317685127
op_m125_7_20_ai0p01_aj0p025,tail,op_m125,1.25,7-20,0.01,0.025,1.732649490799844,8-20,0.0039070431163289,0.0252933326366651,1236.2271468639374
op_m035_12_24_ai0p01_ajm0p025,mid,op_m035,0.35,12-24,0.01,-0.025,0.4543312947119501,15-24,0.0022890127707323,-0.0275832416837524,562.2811562344432
op_m035_12_24_aim0p01_aj0p025,mid,op_m035,0.35,12-24,-0.01,0.025,0.4503779835979109,15-24,-0.0023059887434579,0.0275940808426868,565.0950338020921
op_m085_12_24_ai0p01_ajm0p025,mid,op_m085,0.85,12-24,0.01,-0.025,0.4530678922628413,15-24,0.0022918345181043,-0.0275869408629435,564.6847752034664
op_m085_12_24_aim0p01_aj0p025,mid,op_m085,0.85,12-24,-0.01,0.025,0.4491224237337292,15-24,-0.0023088461920596,0.0275978025753155,567.5076587796211
op_m125_12_24_ai0p01_ajm0p025,mid,op_m125,1.25,12-24,0.01,-0.025,0.45205715741608,15-24,0.002294115681775,-0.0275899225432283,566.6234206706285
op_m125_12_24_aim0p01_aj0p025,mid,op_m125,1.25,12-24,-0.01,0.025,0.4481173649693022,15-24,-0.0023111560309343,0.0276008023799748,569.4535846188664
op_m035_7_12_ai0p0005_ajm0p001,low,op_m035,0.35,7-12,0.0005,-0.001,2.388034837527735e-05,8-12,0.0002146496282598,-0.001043354805016,4.073529812227207
op_m035_3_7_ai0p0005_ajm0p001,low,op_m035,0.35,3-7,0.0005,-0.001,2.6189714030405677e-05,7-16,-0.0009685146374318,0.0004895844370416,11.803291649573625
op_m085_7_12_ai0p0005_ajm0p001,low,op_m085,0.85,7-12,0.0005,-0.001,2.392180390238768e-05,8-12,0.0002146283272276,-0.0010433749636905,4.073097882628645
op_m085_3_7_ai0p0005_ajm0p001,low,op_m085,0.85,3-7,0.0005,-0.001,2.6024949547341977e-05,7-16,-0.000968045315512,0.0004966068648358,12.1528545580004
op_m125_7_12_ai0p0005_ajm0p001,low,op_m125,1.25,7-12,0.0005,-0.001,2.392851951461374e-05,8-12,0.0002146113700035,-0.0010433896707962,4.072762014950058
op_m125_3_7_ai0p0005_ajm0p001,low,op_m125,1.25,3-7,0.0005,-0.001,2.4916911833789477e-05,3-8,0.0004415090847709,-0.0003898372897409,12.160583158086752
