target_case_id,competitor,true
op_m035_12_20_ai0p01_aj0p025,7.411889009856598,7.458432683535957
op_m035_12_20_ai0p01_ajm0p025,8.920432654725635,8.893994322258859
op_m035_12_20_aim0p01_aj0p025,8.982435911832415,8.923982281181782
op_m035_12_20_aim0p01_ajm0p025,0.9178503824303016,0.9201909116793923
op_m035_12_24_ai0p01_ajm0p025,0.24016028244416548,0.2398404331951774
op_m035_12_24_aim0p01_aj0p025,1.8912243076076372,1.8892200713102045
op_m035_3_7_ai0p0005_ajm0p001,1.7691144650701743e-05,1.3019690968375573e-05
op_m035_7_12_ai0p0005_ajm0p001,7.722647840950731e-07,7.626801203327943e-07
op_m035_7_20_ai0p01_aj0p025,10.849915549350829,10.859320754095931
op_m035_7_20_aim0p01_ajm0p025,10.807119424839012,10.820166000932714
op_m085_12_20_ai0p01_aj0p025,7.399635513282295,7.446205049275284
op_m085_12_20_ai0p01_ajm0p025,8.910274961618798,8.883792801495213
op_m085_12_20_aim0p01_aj0p025,8.972077122978389,8.913566445116617
op_m085_12_20_aim0p01_ajm0p025,0.9163618330104052,0.9187076296950867
op_m085_12_24_ai0p01_ajm0p025,0.2400063195086677,0.23968599304297378
op_m085_12_24_aim0p01_aj0p025,1.8899613911188042,1.887967901803731
op_m085_3_7_ai0p0005_ajm0p001,1.7847820201310726e-05,1.3052623361227286e-05
op_m085_7_12_ai0p0005_ajm0p001,8.150309969802234e-07,7.800292015866074e-07
op_m085_7_20_ai0p01_aj0p025,10.83384631504955,10.843237857587367
op_m085_7_20_aim0p01_ajm0p025,10.79129603903443,10.804326208002538
op_m125_12_20_ai0p01_aj0p025,7.389825333511428,7.436415780308943
op_m125_12_20_ai0p01_ajm0p025,8.902159214432169,8.87564094439252
op_m125_12_20_aim0p01_aj0p025,8.963792563381825,8.90523669447382
op_m125_12_20_aim0p01_ajm0p025,0.9151715805105322,0.9175216508168401
op_m125_12_24_ai0p01_ajm0p025,0.23988447746286504,0.2395637524997415
op_m125_12_24_aim0p01_aj0p025,1.888950531493837,1.8869665268729772
op_m125_3_7_ai0p0005_ajm0p001,9.878901981464912e-06,1.3070343713634823e-05
op_m125_7_12_ai0p0005_ajm0p001,9.100614528758774e-07,8.363413617657286e-07
op_m125_7_20_ai0p01_aj0p025,10.820982748119839,10.830363749539808
op_m125_7_20_aim0p01_ajm0p025,10.778636897166672,10.791654147583234
