chunk_name,true_event_label,true_event5,pred_event5,event5_buses,true_missing_data_family
chunk1_event0,0,False,False,,False
chunk2_event7,7,False,False,,False
chunk3_event0,0,False,False,,False
chunk4_event7,7,False,False,,False
chunk5_event0,0,False,False,,False
chunk6_event7,7,False,False,,False
chunk7_event0,0,False,False,,False
chunk8_event5,5,True,True,BUS29,True
chunk9_event0,0,False,False,,False
chunk10_event5,5,True,True,BUS29,True
chunk11_event0,0,False,False,,False
chunk12_event1,1,False,False,,False
chunk13_event0,0,False,False,,False
chunk14_event2,2,False,False,,False
chunk15_event0,0,False,False,,False
chunk16_event5,5,True,True,BUS29,True
chunk17_event0,0,False,False,,False
chunk18_event5,5,True,True,BUS29,True
chunk19_event3,3,False,True,BUS29,True
chunk20_event3,3,False,False,,False
chunk21_event0,0,False,False,,False
chunk22_event4,4,False,False,,False
chunk23_event0,0,False,False,,False
